model,katman,katman_ad,n_noron,pencere,seyreklik,k,birlesim,rastgele,bagimsizlik,ardisik_jaccard
Qwen2.5-0.5B,0,model.layers.0.mlp.down_proj,4864,0,0.1,1,0.0999177631578947,0.09999999999999998,-82236.84210530158,0.10044992928548704
Qwen2.5-0.5B,0,model.layers.0.mlp.down_proj,4864,0,0.1,2,0.181723304408281,0.18999999999999995,0.9080367156475672,0.10044992928548704
Qwen2.5-0.5B,0,model.layers.0.mlp.down_proj,4864,0,0.1,3,0.251936597007224,0.2709999999999999,0.8885181111533571,0.10044992928548704
Qwen2.5-0.5B,0,model.layers.0.mlp.down_proj,4864,0,0.1,4,0.3133134823182711,0.3439,0.874594023445146,0.10044992928548704
Qwen2.5-0.5B,0,model.layers.0.mlp.down_proj,4864,0,0.1,6,0.4140625,0.46855899999999995,0.8521362929680188,0.10044992928548704
Qwen2.5-0.5B,0,model.layers.0.mlp.down_proj,4864,0,0.1,8,0.49461063705054714,0.5695327899999999,0.840432543700616,0.10044992928548704
Qwen2.5-0.5B,0,model.layers.0.mlp.down_proj,4864,0,0.2,1,0.1998355263157894,0.19999999999999996,-164473.68421060315,0.15246524860773167
Qwen2.5-0.5B,0,model.layers.0.mlp.down_proj,4864,0,0.2,2,0.34696423743433924,0.3599999999999999,0.918526483964621,0.15246524860773167
Qwen2.5-0.5B,0,model.layers.0.mlp.down_proj,4864,0,0.2,3,0.4608097103973168,0.4879999999999999,0.9055892722129059,0.15246524860773167
Qwen2.5-0.5B,0,model.layers.0.mlp.down_proj,4864,0,0.2,4,0.550809120049633,0.5903999999999999,0.8985889345533634,0.15246524860773167
Qwen2.5-0.5B,0,model.layers.0.mlp.down_proj,4864,0,0.2,6,0.679300240709021,0.7378559999999998,0.8911311591002444,0.15246524860773167
Qwen2.5-0.5B,0,model.layers.0.mlp.down_proj,4864,0,0.2,8,0.7658631611516415,0.8322278399999999,0.8950304389500495,0.15246524860773167
Qwen2.5-0.5B,0,model.layers.0.mlp.down_proj,4864,0,0.3,1,0.29995888157894735,0.30000000000000004,-41118.42105264385,0.2135860981704922
Qwen2.5-0.5B,0,model.layers.0.mlp.down_proj,4864,0,0.3,2,0.49449568377278813,0.51,0.9261699227275625,0.2135860981704922
Qwen2.5-0.5B,0,model.layers.0.mlp.down_proj,4864,0,0.3,3,0.6282032056243549,0.657,0.9193367104323668,0.2135860981704922
Qwen2.5-0.5B,0,model.layers.0.mlp.down_proj,4864,0,0.3,4,0.7222951510960604,0.7599,0.9182325529377263,0.2135860981704922
Qwen2.5-0.5B,0,model.layers.0.mlp.down_proj,4864,0,0.3,6,0.8385128756617876,0.882351,0.9247221618264373,0.2135860981704922
Qwen2.5-0.5B,0,model.layers.0.mlp.down_proj,4864,0,0.3,8,0.9023498566961959,0.94235199,0.9377255244374598,0.2135860981704922
Qwen2.5-0.5B,0,model.layers.0.mlp.down_proj,4864,0,0.5,1,0.5,0.5,0.0,0.3592286630921295
Qwen2.5-0.5B,0,model.layers.0.mlp.down_proj,4864,0,0.5,2,0.7358073050777629,0.75,0.9432292203110517,0.3592286630921295
Qwen2.5-0.5B,0,model.layers.0.mlp.down_proj,4864,0,0.5,3,0.85546875,0.875,0.9479166666666666,0.3592286630921295
Qwen2.5-0.5B,0,model.layers.0.mlp.down_proj,4864,0,0.5,4,0.9189680326491573,0.9375,0.957641217483788,0.3592286630921295
Qwen2.5-0.5B,0,model.layers.0.mlp.down_proj,4864,0,0.5,6,0.9726432737724489,0.984375,0.9757796619818299,0.3592286630921295
Qwen2.5-0.5B,0,model.layers.0.mlp.down_proj,4864,0,0.5,8,0.9904210363470557,0.99609375,0.9885652386208367,0.3592286630921295
Qwen2.5-0.5B,1,model.layers.1.mlp.down_proj,4864,0,0.1,1,0.0999177631578947,0.09999999999999998,-82236.84210530158,0.09049195925642214
Qwen2.5-0.5B,1,model.layers.1.mlp.down_proj,4864,0,0.1,2,0.18330085165825524,0.18999999999999995,0.9255650184250588,0.09049195925642214
Qwen2.5-0.5B,1,model.layers.1.mlp.down_proj,4864,0,0.1,3,0.25692724458204336,0.2709999999999999,0.9177031846903125,0.09049195925642214
Qwen2.5-0.5B,1,model.layers.1.mlp.down_proj,4864,0,0.1,4,0.3217758795626099,0.3439,0.9092901991086917,0.09049195925642214
Qwen2.5-0.5B,1,model.layers.1.mlp.down_proj,4864,0,0.1,6,0.4310751453337486,0.46855899999999995,0.8982961895754781,0.09049195925642214
Qwen2.5-0.5B,1,model.layers.1.mlp.down_proj,4864,0,0.1,8,0.519463669228765,0.5695327899999999,0.8933639527683787,0.09049195925642214
Qwen2.5-0.5B,1,model.layers.1.mlp.down_proj,4864,0,0.2,1,0.1998355263157894,0.19999999999999996,-164473.68421060315,0.14243212318282952
Qwen2.5-0.5B,1,model.layers.1.mlp.down_proj,4864,0,0.2,2,0.34993627047069725,0.3599999999999999,0.9371016904418585,0.14243212318282952
Qwen2.5-0.5B,1,model.layers.1.mlp.down_proj,4864,0,0.2,3,0.46850570820433435,0.4879999999999999,0.9323114868206057,0.14243212318282952
Qwen2.5-0.5B,1,model.layers.1.mlp.down_proj,4864,0,0.2,4,0.562959249948299,0.5903999999999999,0.9297111935151104,0.14243212318282952
Qwen2.5-0.5B,1,model.layers.1.mlp.down_proj,4864,0,0.2,6,0.6991344045209177,0.7378559999999998,0.9280075048357139,0.14243212318282952
Qwen2.5-0.5B,1,model.layers.1.mlp.down_proj,4864,0,0.2,8,0.7894199452840021,0.8322278399999999,0.9322903991130828,0.14243212318282952
Qwen2.5-0.5B,1,model.layers.1.mlp.down_proj,4864,0,0.3,1,0.29995888157894735,0.30000000000000004,-41118.42105264385,0.20376041529581318
Qwen2.5-0.5B,1,model.layers.1.mlp.down_proj,4864,0,0.3,2,0.4984409600628283,0.51,0.9449569526801347,0.20376041529581318
Qwen2.5-0.5B,1,model.layers.1.mlp.down_proj,4864,0,0.3,3,0.6362587880546956,0.657,0.9419013670999876,0.20376041529581318
Qwen2.5-0.5B,1,model.layers.1.mlp.down_proj,4864,0,0.3,4,0.7337602432530245,0.7599,0.9431620857860936,0.20376041529581318
Qwen2.5-0.5B,1,model.layers.1.mlp.down_proj,4864,0,0.3,6,0.8527607735129242,0.882351,0.9491883305994567,0.20376041529581318
Qwen2.5-0.5B,1,model.layers.1.mlp.down_proj,4864,0,0.3,8,0.9161693101875976,0.94235199,0.9592393575173598,0.20376041529581318
Qwen2.5-0.5B,1,model.layers.1.mlp.down_proj,4864,0,0.5,1,0.5,0.5,0.0,0.3555260801570424
Qwen2.5-0.5B,1,model.layers.1.mlp.down_proj,4864,0,0.5,2,0.7377618382428676,0.75,0.9510473529714703,0.3555260801570424
Qwen2.5-0.5B,1,model.layers.1.mlp.down_proj,4864,0,0.5,3,0.8593238035345717,0.875,0.9581968094255245,0.3555260801570424
Qwen2.5-0.5B,1,model.layers.1.mlp.down_proj,4864,0,0.5,4,0.9227890568452073,0.9375,0.9663749870747596,0.3555260801570424
Qwen2.5-0.5B,1,model.layers.1.mlp.down_proj,4864,0,0.5,6,0.9752790699937713,0.984375,0.9812213057935925,0.3555260801570424
Qwen2.5-0.5B,1,model.layers.1.mlp.down_proj,4864,0,0.5,8,0.9914901152944242,0.99609375,0.9907202324045087,0.3555260801570424
Qwen2.5-0.5B,2,model.layers.2.mlp.down_proj,4864,0,0.1,1,0.0999177631578947,0.09999999999999998,-82236.84210530158,0.0869485441789957
Qwen2.5-0.5B,2,model.layers.2.mlp.down_proj,4864,0,0.1,2,0.18390475332166029,0.18999999999999995,0.932275036907337,0.0869485441789957
Qwen2.5-0.5B,2,model.layers.2.mlp.down_proj,4864,0,0.1,3,0.2579765705624355,0.2709999999999999,0.9238395939323718,0.0869485441789957
Qwen2.5-0.5B,2,model.layers.2.mlp.down_proj,4864,0,0.1,4,0.32312777892668804,0.3439,0.9148330419298403,0.0869485441789957
Qwen2.5-0.5B,2,model.layers.2.mlp.down_proj,4864,0,0.1,6,0.4332482579414512,0.46855899999999995,0.9041924303610852,0.0869485441789957
Qwen2.5-0.5B,2,model.layers.2.mlp.down_proj,4864,0,0.1,8,0.5228903400208442,0.5695327899999999,0.9006619964089075,0.0869485441789957
Qwen2.5-0.5B,2,model.layers.2.mlp.down_proj,4864,0,0.2,1,0.1998355263157894,0.19999999999999996,-164473.68421060315,0.13931503843368184
Qwen2.5-0.5B,2,model.layers.2.mlp.down_proj,4864,0,0.2,2,0.35088135042228863,0.3599999999999999,0.9430084401393046,0.13931503843368184
Qwen2.5-0.5B,2,model.layers.2.mlp.down_proj,4864,0,0.2,3,0.4705213170794633,0.4879999999999999,0.9393101287481369,0.13931503843368184
Qwen2.5-0.5B,2,model.layers.2.mlp.down_proj,4864,0,0.2,4,0.5650434449643262,0.5903999999999999,0.935049807797967,0.13931503843368184
Qwen2.5-0.5B,2,model.layers.2.mlp.down_proj,4864,0,0.2,6,0.7014389014325755,0.7378559999999998,0.9322921031513558,0.13931503843368184
Qwen2.5-0.5B,2,model.layers.2.mlp.down_proj,4864,0,0.2,8,0.792143938900469,0.8322278399999999,0.9365989623305249,0.13931503843368184
Qwen2.5-0.5B,2,model.layers.2.mlp.down_proj,4864,0,0.3,1,0.29995888157894735,0.30000000000000004,-41118.42105264385,0.20045023248573232
Qwen2.5-0.5B,2,model.layers.2.mlp.down_proj,4864,0,0.3,2,0.49981211054176533,0.51,0.9514862406750729,0.20045023248573232
Qwen2.5-0.5B,2,model.layers.2.mlp.down_proj,4864,0,0.3,3,0.6390185597265221,0.657,0.9496318199622468,0.20045023248573232
Qwen2.5-0.5B,2,model.layers.2.mlp.down_proj,4864,0,0.3,4,0.7368045412832179,0.7599,0.9497815639991692,0.20045023248573232
Qwen2.5-0.5B,2,model.layers.2.mlp.down_proj,4864,0,0.3,6,0.8563024726201598,0.882351,0.9552700564095532,0.20045023248573232
Qwen2.5-0.5B,2,model.layers.2.mlp.down_proj,4864,0,0.3,8,0.9198402488275144,0.94235199,0.9649541971957061,0.20045023248573232
Qwen2.5-0.5B,2,model.layers.2.mlp.down_proj,4864,0,0.5,1,0.5,0.5,0.0,0.3525787797678318
Qwen2.5-0.5B,2,model.layers.2.mlp.down_proj,4864,0,0.5,2,0.7393747907868986,0.75,0.9574991631475944,0.3525787797678318
Qwen2.5-0.5B,2,model.layers.2.mlp.down_proj,4864,0,0.5,3,0.8605267189112488,0.875,0.96140458376333,0.3525787797678318
Qwen2.5-0.5B,2,model.layers.2.mlp.down_proj,4864,0,0.5,4,0.9240181664253955,0.9375,0.9691843804009039,0.3525787797678318
Qwen2.5-0.5B,2,model.layers.2.mlp.down_proj,4864,0,0.5,6,0.9764509855444824,0.984375,0.9836407443498991,0.3525787797678318
Qwen2.5-0.5B,2,model.layers.2.mlp.down_proj,4864,0,0.5,8,0.9923462741010942,0.99609375,0.9924460328337017,0.3525787797678318
Qwen2.5-0.5B,3,model.layers.3.mlp.down_proj,4864,0,0.1,1,0.0999177631578947,0.09999999999999998,-82236.84210530158,0.09801882670884392
Qwen2.5-0.5B,3,model.layers.3.mlp.down_proj,4864,0,0.1,2,0.18206086170048408,0.18999999999999995,0.9117873522276014,0.09801882670884392
Qwen2.5-0.5B,3,model.layers.3.mlp.down_proj,4864,0,0.1,3,0.2538002289731682,0.2709999999999999,0.8994165437027384,0.09801882670884392
Qwen2.5-0.5B,3,model.layers.3.mlp.down_proj,4864,0,0.1,4,0.3172346771274946,0.3439,0.8906710829335572,0.09801882670884392
Qwen2.5-0.5B,3,model.layers.3.mlp.down_proj,4864,0,0.1,6,0.42444226551956815,0.46855899999999995,0.8802993971645466,0.09801882670884392
Qwen2.5-0.5B,3,model.layers.3.mlp.down_proj,4864,0,0.1,8,0.5119646463001564,0.5695327899999999,0.8773927083988244,0.09801882670884392
Qwen2.5-0.5B,3,model.layers.3.mlp.down_proj,4864,0,0.2,1,0.1998355263157894,0.19999999999999996,-164473.68421060315,0.14908715554104432
Qwen2.5-0.5B,3,model.layers.3.mlp.down_proj,4864,0,0.2,2,0.3478952357348851,0.3599999999999999,0.9243452233430327,0.14908715554104432
Qwen2.5-0.5B,3,model.layers.3.mlp.down_proj,4864,0,0.2,3,0.46479013480392156,0.4879999999999999,0.9194101902913947,0.14908715554104432
Qwen2.5-0.5B,3,model.layers.3.mlp.down_proj,4864,0,0.2,4,0.5582657720246097,0.5903999999999999,0.9176889652269717,0.14908715554104432
Qwen2.5-0.5B,3,model.layers.3.mlp.down_proj,4864,0,0.2,6,0.6945067573704973,0.7378559999999998,0.919403627310093,0.14908715554104432
Qwen2.5-0.5B,3,model.layers.3.mlp.down_proj,4864,0,0.2,8,0.785979432647212,0.8322278399999999,0.9268485118390424,0.14908715554104432
Qwen2.5-0.5B,3,model.layers.3.mlp.down_proj,4864,0,0.3,1,0.29995888157894735,0.30000000000000004,-41118.42105264385,0.207303561037117
Qwen2.5-0.5B,3,model.layers.3.mlp.down_proj,4864,0,0.3,2,0.49697445668966933,0.51,0.9379736032841396,0.207303561037117
Qwen2.5-0.5B,3,model.layers.3.mlp.down_proj,4864,0,0.3,3,0.6343564563983488,0.657,0.9365727069981759,0.207303561037117
Qwen2.5-0.5B,3,model.layers.3.mlp.down_proj,4864,0,0.3,4,0.7317208826646675,0.7599,0.9387277292121493,0.207303561037117
Qwen2.5-0.5B,3,model.layers.3.mlp.down_proj,4864,0,0.3,6,0.8521208832918095,0.882351,0.94808952554698,0.207303561037117
Qwen2.5-0.5B,3,model.layers.3.mlp.down_proj,4864,0,0.3,8,0.9160463620375195,0.94235199,0.9590479544361955,0.207303561037117
Qwen2.5-0.5B,3,model.layers.3.mlp.down_proj,4864,0,0.5,1,0.5,0.5,0.0,0.35733880598090234
Qwen2.5-0.5B,3,model.layers.3.mlp.down_proj,4864,0,0.5,2,0.73677853666701,0.75,0.94711414666804,0.35733880598090234
Qwen2.5-0.5B,3,model.layers.3.mlp.down_proj,4864,0,0.5,3,0.8580563886738906,0.875,0.9548170364637082,0.35733880598090234
Qwen2.5-0.5B,3,model.layers.3.mlp.down_proj,4864,0,0.5,4,0.9219222579102471,0.9375,0.964393732366279,0.35733880598090234
Qwen2.5-0.5B,3,model.layers.3.mlp.down_proj,4864,0,0.5,6,0.9748853225890168,0.984375,0.9804084079257122,0.35733880598090234
Qwen2.5-0.5B,3,model.layers.3.mlp.down_proj,4864,0,0.5,8,0.9914196847316311,0.99609375,0.9905782621362013,0.35733880598090234
Qwen2.5-0.5B,4,model.layers.4.mlp.down_proj,4864,0,0.1,1,0.0999177631578947,0.09999999999999998,-82236.84210530158,0.12176113915838417
Qwen2.5-0.5B,4,model.layers.4.mlp.down_proj,4864,0,0.1,2,0.17831675185394996,0.18999999999999995,0.8701861317105556,0.12176113915838417
Qwen2.5-0.5B,4,model.layers.4.mlp.down_proj,4864,0,0.1,3,0.24625217685758513,0.2709999999999999,0.8552758880560538,0.12176113915838417
Qwen2.5-0.5B,4,model.layers.4.mlp.down_proj,4864,0,0.1,4,0.3057437344897115,0.3439,0.843557746985287,0.12176113915838417
Qwen2.5-0.5B,4,model.layers.4.mlp.down_proj,4864,0,0.1,6,0.40543371418561197,0.46855899999999995,0.8287240691059287,0.12176113915838417
Qwen2.5-0.5B,4,model.layers.4.mlp.down_proj,4864,0,0.1,8,0.48718652292860865,0.5695327899999999,0.8246208383627663,0.12176113915838417
Qwen2.5-0.5B,4,model.layers.4.mlp.down_proj,4864,0,0.2,1,0.1998355263157894,0.19999999999999996,-164473.68421060315,0.1679933172164024
Qwen2.5-0.5B,4,model.layers.4.mlp.down_proj,4864,0,0.2,2,0.3424573044340303,0.3599999999999999,0.8903581527126899,0.1679933172164024
Qwen2.5-0.5B,4,model.layers.4.mlp.down_proj,4864,0,0.2,3,0.4549624290505676,0.4879999999999999,0.8852862119811379,0.1679933172164024
Qwen2.5-0.5B,4,model.layers.4.mlp.down_proj,4864,0,0.2,4,0.5445751150346396,0.5903999999999999,0.8826206840026631,0.1679933172164024
Qwen2.5-0.5B,4,model.layers.4.mlp.down_proj,4864,0,0.2,6,0.6762885393958269,0.7378559999999998,0.8855317025297236,0.1679933172164024
Qwen2.5-0.5B,4,model.layers.4.mlp.down_proj,4864,0,0.2,8,0.7660060578426264,0.8322278399999999,0.8952564598272461,0.1679933172164024
Qwen2.5-0.5B,4,model.layers.4.mlp.down_proj,4864,0,0.3,1,0.29995888157894735,0.30000000000000004,-41118.42105264385,0.2271370188684436
Qwen2.5-0.5B,4,model.layers.4.mlp.down_proj,4864,0,0.3,2,0.48915753102791226,0.51,0.9007501477519632,0.2271370188684436
Qwen2.5-0.5B,4,model.layers.4.mlp.down_proj,4864,0,0.3,3,0.6214698626160992,0.657,0.9004758056473365,0.2271370188684436
Qwen2.5-0.5B,4,model.layers.4.mlp.down_proj,4864,0,0.3,4,0.7158050647554545,0.7599,0.9041206017731125,0.2271370188684436
Qwen2.5-0.5B,4,model.layers.4.mlp.down_proj,4864,0,0.3,6,0.8341171785788436,0.882351,0.9171739699577122,0.2271370188684436
Qwen2.5-0.5B,4,model.layers.4.mlp.down_proj,4864,0,0.3,8,0.9001840151120375,0.94235199,0.9343537880407864,0.2271370188684436
Qwen2.5-0.5B,4,model.layers.4.mlp.down_proj,4864,0,0.5,1,0.5,0.5,0.0,0.3705324451927424
Qwen2.5-0.5B,4,model.layers.4.mlp.down_proj,4864,0,0.5,2,0.7298290407096508,0.75,0.9193161628386033,0.3705324451927424
Qwen2.5-0.5B,4,model.layers.4.mlp.down_proj,4864,0,0.5,3,0.8489716363519092,0.875,0.9305910302717578,0.3705324451927424
Qwen2.5-0.5B,4,model.layers.4.mlp.down_proj,4864,0,0.5,4,0.9130624095233171,0.9375,0.9441426503390105,0.3705324451927424
Qwen2.5-0.5B,4,model.layers.4.mlp.down_proj,4864,0,0.5,6,0.9685565731080661,0.984375,0.9673426025456848,0.3705324451927424
Qwen2.5-0.5B,4,model.layers.4.mlp.down_proj,4864,0,0.5,8,0.9874515535435123,0.99609375,0.9825795095050327,0.3705324451927424
Qwen2.5-0.5B,5,model.layers.5.mlp.down_proj,4864,0,0.1,1,0.0999177631578947,0.09999999999999998,-82236.84210530158,0.1347038718218242
Qwen2.5-0.5B,5,model.layers.5.mlp.down_proj,4864,0,0.1,2,0.1763879679936142,0.18999999999999995,0.8487551999290471,0.1347038718218242
Qwen2.5-0.5B,5,model.layers.5.mlp.down_proj,4864,0,0.1,3,0.24124459816821467,0.2709999999999999,0.8259918021533026,0.1347038718218242
Qwen2.5-0.5B,5,model.layers.5.mlp.down_proj,4864,0,0.1,4,0.29751601114155724,0.3439,0.8098237439178239,0.1347038718218242
Qwen2.5-0.5B,5,model.layers.5.mlp.down_proj,4864,0,0.1,6,0.39104510536696774,0.46855899999999995,0.7896838914989669,0.1347038718218242
Qwen2.5-0.5B,5,model.layers.5.mlp.down_proj,4864,0,0.1,8,0.4667738731109954,0.5695327899999999,0.7811464522232738,0.1347038718218242
Qwen2.5-0.5B,5,model.layers.5.mlp.down_proj,4864,0,0.2,1,0.1998355263157894,0.19999999999999996,-164473.68421060315,0.18628442577760906
Qwen2.5-0.5B,5,model.layers.5.mlp.down_proj,4864,0,0.2,2,0.33737785173550316,0.3599999999999999,0.8586115733468954,0.18628442577760906
Qwen2.5-0.5B,5,model.layers.5.mlp.down_proj,4864,0,0.2,3,0.4433980746904025,0.4879999999999999,0.8451322037861201,0.18628442577760906
Qwen2.5-0.5B,5,model.layers.5.mlp.down_proj,4864,0,0.2,4,0.5274907746096578,0.5903999999999999,0.8388595661108038,0.18628442577760906
Qwen2.5-0.5B,5,model.layers.5.mlp.down_proj,4864,0,0.2,6,0.6504046149953285,0.7378559999999998,0.837407438041648,0.18628442577760906
Qwen2.5-0.5B,5,model.layers.5.mlp.down_proj,4864,0,0.2,8,0.7357758761073475,0.8322278399999999,0.847441131518896,0.18628442577760906
Qwen2.5-0.5B,5,model.layers.5.mlp.down_proj,4864,0,0.3,1,0.29995888157894735,0.30000000000000004,-41118.42105264385,0.24515411639669965
Qwen2.5-0.5B,5,model.layers.5.mlp.down_proj,4864,0,0.3,2,0.48230861829230615,0.51,0.8681362775824102,0.24515411639669965
Qwen2.5-0.5B,5,model.layers.5.mlp.down_proj,4864,0,0.3,3,0.6083647768317854,0.657,0.8637668818817517,0.24515411639669965
Qwen2.5-0.5B,5,model.layers.5.mlp.down_proj,4864,0,0.3,4,0.6988172597197808,0.7599,0.8671825608170924,0.24515411639669965
Qwen2.5-0.5B,5,model.layers.5.mlp.down_proj,4864,0,0.3,6,0.8133418327623794,0.882351,0.8814990147907006,0.24515411639669965
Qwen2.5-0.5B,5,model.layers.5.mlp.down_proj,4864,0,0.3,8,0.8786265633142262,0.94235199,0.9007936027632235,0.24515411639669965
Qwen2.5-0.5B,5,model.layers.5.mlp.down_proj,4864,0,0.5,1,0.5,0.5,0.0,0.3816176743281177
Qwen2.5-0.5B,5,model.layers.5.mlp.down_proj,4864,0,0.5,2,0.7240817154186837,0.75,0.8963268616747349,0.3816176743281177
Qwen2.5-0.5B,5,model.layers.5.mlp.down_proj,4864,0,0.5,3,0.84015576625387,0.875,0.9070820433436534,0.3816176743281177
Qwen2.5-0.5B,5,model.layers.5.mlp.down_proj,4864,0,0.5,4,0.9036391014372868,0.9375,0.9226036604280841,0.3816176743281177
Qwen2.5-0.5B,5,model.layers.5.mlp.down_proj,4864,0,0.5,6,0.9603783056939686,0.984375,0.9504584375617418,0.3816176743281177
Qwen2.5-0.5B,5,model.layers.5.mlp.down_proj,4864,0,0.5,8,0.9815162519541427,0.99609375,0.9706154370099255,0.3816176743281177
Qwen2.5-0.5B,6,model.layers.6.mlp.down_proj,4864,0,0.1,1,0.0999177631578947,0.09999999999999998,-82236.84210530158,0.1504319293217147
Qwen2.5-0.5B,6,model.layers.6.mlp.down_proj,4864,0,0.1,2,0.17398402899371718,0.18999999999999995,0.822044766596858,0.1504319293217147
Qwen2.5-0.5B,6,model.layers.6.mlp.down_proj,4864,0,0.1,3,0.2363200625644995,0.2709999999999999,0.7971933483304069,0.1504319293217147
Qwen2.5-0.5B,6,model.layers.6.mlp.down_proj,4864,0,0.1,4,0.2902148659652569,0.3439,0.7798887493450468,0.1504319293217147
Qwen2.5-0.5B,6,model.layers.6.mlp.down_proj,4864,0,0.1,6,0.3795708761548843,0.46855899999999995,0.7585512120308671,0.1504319293217147
Qwen2.5-0.5B,6,model.layers.6.mlp.down_proj,4864,0,0.1,8,0.45221673071912455,0.5695327899999999,0.750142989415339,0.1504319293217147
Qwen2.5-0.5B,6,model.layers.6.mlp.down_proj,4864,0,0.2,1,0.1998355263157894,0.19999999999999996,-164473.68421060315,0.19724538386022944
Qwen2.5-0.5B,6,model.layers.6.mlp.down_proj,4864,0,0.2,2,0.334301212148522,0.3599999999999999,0.839382575928263,0.19724538386022944
Qwen2.5-0.5B,6,model.layers.6.mlp.down_proj,4864,0,0.2,3,0.437233939628483,0.4879999999999999,0.8237289570433441,0.19724538386022944
Qwen2.5-0.5B,6,model.layers.6.mlp.down_proj,4864,0,0.2,4,0.5187714882121808,0.5903999999999999,0.8165253284123485,0.19724538386022944
Qwen2.5-0.5B,6,model.layers.6.mlp.down_proj,4864,0,0.2,6,0.6386582905117825,0.7378559999999998,0.8155682757313901,0.19724538386022944
Qwen2.5-0.5B,6,model.layers.6.mlp.down_proj,4864,0,0.2,8,0.7220480230588847,0.8322278399999999,0.8257276728890723,0.19724538386022944
Qwen2.5-0.5B,6,model.layers.6.mlp.down_proj,4864,0,0.3,1,0.29995888157894735,0.30000000000000004,-41118.42105264385,0.2512476326765316
Qwen2.5-0.5B,6,model.layers.6.mlp.down_proj,4864,0,0.3,2,0.479934049593161,0.51,0.856828807586481,0.2512476326765316
Qwen2.5-0.5B,6,model.layers.6.mlp.down_proj,4864,0,0.3,3,0.6034293569401445,0.657,0.8499421763029258,0.2512476326765316
Qwen2.5-0.5B,6,model.layers.6.mlp.down_proj,4864,0,0.3,4,0.6917592706286837,0.7599,0.8518357700123586,0.2512476326765316
Qwen2.5-0.5B,6,model.layers.6.mlp.down_proj,4864,0,0.3,6,0.8049977129398942,0.882351,0.8671706804657228,0.2512476326765316
Qwen2.5-0.5B,6,model.layers.6.mlp.down_proj,4864,0,0.3,8,0.8712508956487754,0.94235199,0.8893113192484627,0.2512476326765316
Qwen2.5-0.5B,6,model.layers.6.mlp.down_proj,4864,0,0.5,1,0.5,0.5,0.0,0.38682669915923823
Qwen2.5-0.5B,6,model.layers.6.mlp.down_proj,4864,0,0.5,2,0.7213788430837368,0.75,0.8855153723349471,0.38682669915923823
Qwen2.5-0.5B,6,model.layers.6.mlp.down_proj,4864,0,0.5,3,0.8362938596491227,0.875,0.8967836257309939,0.38682669915923823
Qwen2.5-0.5B,6,model.layers.6.mlp.down_proj,4864,0,0.5,4,0.8997118479216213,0.9375,0.9136270809637058,0.38682669915923823
Qwen2.5-0.5B,6,model.layers.6.mlp.down_proj,4864,0,0.5,6,0.9582810229160178,0.984375,0.9461285634395206,0.38682669915923823
Qwen2.5-0.5B,6,model.layers.6.mlp.down_proj,4864,0,0.5,8,0.9811107673267326,0.99609375,0.9697980821704217,0.38682669915923823
Qwen2.5-0.5B,7,model.layers.7.mlp.down_proj,4864,0,0.1,1,0.0999177631578947,0.09999999999999998,-82236.84210530158,0.17206394231189104
Qwen2.5-0.5B,7,model.layers.7.mlp.down_proj,4864,0,0.1,2,0.1708140481769492,0.18999999999999995,0.7868227575216582,0.17206394231189104
Qwen2.5-0.5B,7,model.layers.7.mlp.down_proj,4864,0,0.1,3,0.22928961880804952,0.2709999999999999,0.7560796421523368,0.17206394231189104
Qwen2.5-0.5B,7,model.layers.7.mlp.down_proj,4864,0,0.1,4,0.2795632561265639,0.3439,0.7362167122860349,0.17206394231189104
Qwen2.5-0.5B,7,model.layers.7.mlp.down_proj,4864,0,0.1,6,0.36356672700612475,0.46855899999999995,0.7151276376540112,0.17206394231189104
Qwen2.5-0.5B,7,model.layers.7.mlp.down_proj,4864,0,0.1,8,0.4325283350703491,0.5695327899999999,0.7082111029356419,0.17206394231189104
Qwen2.5-0.5B,7,model.layers.7.mlp.down_proj,4864,0,0.2,1,0.1998355263157894,0.19999999999999996,-164473.68421060315,0.21172956341758695
Qwen2.5-0.5B,7,model.layers.7.mlp.down_proj,4864,0,0.2,2,0.3303169095684416,0.3599999999999999,0.8144806848027607,0.21172956341758695
Qwen2.5-0.5B,7,model.layers.7.mlp.down_proj,4864,0,0.2,3,0.4293980585655314,0.4879999999999999,0.7965210366858734,0.21172956341758695
Qwen2.5-0.5B,7,model.layers.7.mlp.down_proj,4864,0,0.2,4,0.5079207488884293,0.5903999999999999,0.7887314264560178,0.21172956341758695
Qwen2.5-0.5B,7,model.layers.7.mlp.down_proj,4864,0,0.2,6,0.6248511788902731,0.7378559999999998,0.7898976285293334,0.21172956341758695
Qwen2.5-0.5B,7,model.layers.7.mlp.down_proj,4864,0,0.2,8,0.7070080445544554,0.8322278399999999,0.8019388145806035,0.21172956341758695
Qwen2.5-0.5B,7,model.layers.7.mlp.down_proj,4864,0,0.3,1,0.29995888157894735,0.30000000000000004,-41118.42105264385,0.2645164108623334
Qwen2.5-0.5B,7,model.layers.7.mlp.down_proj,4864,0,0.3,2,0.47493104014316617,0.51,0.8330049530626961,0.2645164108623334
Qwen2.5-0.5B,7,model.layers.7.mlp.down_proj,4864,0,0.3,3,0.5946013931888546,0.657,0.8252139865234023,0.2645164108623334
Qwen2.5-0.5B,7,model.layers.7.mlp.down_proj,4864,0,0.3,4,0.6808875277892669,0.7599,0.8281964074565489,0.2645164108623334
Qwen2.5-0.5B,7,model.layers.7.mlp.down_proj,4864,0,0.3,6,0.7932907226461123,0.882351,0.8470677008301046,0.2645164108623334
Qwen2.5-0.5B,7,model.layers.7.mlp.down_proj,4864,0,0.3,8,0.8604383793642523,0.94235199,0.8724786224516128,0.2645164108623334
Qwen2.5-0.5B,7,model.layers.7.mlp.down_proj,4864,0,0.5,1,0.5,0.5,0.0,0.3962744453199435
Qwen2.5-0.5B,7,model.layers.7.mlp.down_proj,4864,0,0.5,2,0.7164864751776702,0.75,0.8659459007106807,0.3962744453199435
Qwen2.5-0.5B,7,model.layers.7.mlp.down_proj,4864,0,0.5,3,0.829640737874097,0.875,0.8790419676642586,0.3962744453199435
Qwen2.5-0.5B,7,model.layers.7.mlp.down_proj,4864,0,0.5,4,0.8931171479164512,0.9375,0.8985534809518886,0.3962744453199435
Qwen2.5-0.5B,7,model.layers.7.mlp.down_proj,4864,0,0.5,6,0.9534745471296585,0.984375,0.9362055166547789,0.3962744453199435
Qwen2.5-0.5B,7,model.layers.7.mlp.down_proj,4864,0,0.5,8,0.9776364643043253,0.99609375,0.9627947626921832,0.3962744453199435
Qwen2.5-0.5B,8,model.layers.8.mlp.down_proj,4864,0,0.1,1,0.0999177631578947,0.09999999999999998,-82236.84210530158,0.2427654635954316
Qwen2.5-0.5B,8,model.layers.8.mlp.down_proj,4864,0,0.1,2,0.16132784336697908,0.18999999999999995,0.6814204818553236,0.2427654635954316
Qwen2.5-0.5B,8,model.layers.8.mlp.down_proj,4864,0,0.1,3,0.2108895285087719,0.2709999999999999,0.6484767749050993,0.2427654635954316
Qwen2.5-0.5B,8,model.layers.8.mlp.down_proj,4864,0,0.1,4,0.25309761464688246,0.3439,0.6277064971171893,0.2427654635954316
Qwen2.5-0.5B,8,model.layers.8.mlp.down_proj,4864,0,0.1,6,0.32328811118031764,0.46855899999999995,0.6058408862090402,0.2427654635954316
Qwen2.5-0.5B,8,model.layers.8.mlp.down_proj,4864,0,0.1,8,0.3810851192027097,0.5695327899999999,0.59864853997249,0.2427654635954316
Qwen2.5-0.5B,8,model.layers.8.mlp.down_proj,4864,0,0.2,1,0.1998355263157894,0.19999999999999996,-164473.68421060315,0.27161203921036875
Qwen2.5-0.5B,8,model.layers.8.mlp.down_proj,4864,0,0.2,2,0.31516022504892366,0.3599999999999999,0.7197514065557734,0.27161203921036875
Qwen2.5-0.5B,8,model.layers.8.mlp.down_proj,4864,0,0.2,3,0.4011746968524252,0.4879999999999999,0.69852325295981,0.27161203921036875
Qwen2.5-0.5B,8,model.layers.8.mlp.down_proj,4864,0,0.2,4,0.4695412670613173,0.5903999999999999,0.6904233275136203,0.27161203921036875
Qwen2.5-0.5B,8,model.layers.8.mlp.down_proj,4864,0,0.2,6,0.5731303689141491,0.7378559999999998,0.6937365557215114,0.27161203921036875
Qwen2.5-0.5B,8,model.layers.8.mlp.down_proj,4864,0,0.2,8,0.648626807582074,0.8322278399999999,0.7095967295304081,0.27161203921036875
Qwen2.5-0.5B,8,model.layers.8.mlp.down_proj,4864,0,0.3,1,0.29995888157894735,0.30000000000000004,-41118.42105264385,0.3165403443546656
Qwen2.5-0.5B,8,model.layers.8.mlp.down_proj,4864,0,0.3,2,0.4566506430888866,0.51,0.7459554432804123,0.3165403443546656
Qwen2.5-0.5B,8,model.layers.8.mlp.down_proj,4864,0,0.3,3,0.5634529798761609,0.657,0.7379635290648765,0.3165403443546656
Qwen2.5-0.5B,8,model.layers.8.mlp.down_proj,4864,0,0.3,4,0.6413944557181264,0.7599,0.7423232348730732,0.3165403443546656
Qwen2.5-0.5B,8,model.layers.8.mlp.down_proj,4864,0,0.3,6,0.7472547168587149,0.882351,0.768015710213797,0.3165403443546656
Qwen2.5-0.5B,8,model.layers.8.mlp.down_proj,4864,0,0.3,8,0.8145046248045857,0.94235199,0.8009699243005157,0.3165403443546656
Qwen2.5-0.5B,8,model.layers.8.mlp.down_proj,4864,0,0.5,1,0.5,0.5,0.0,0.4323547147140282
Qwen2.5-0.5B,8,model.layers.8.mlp.down_proj,4864,0,0.5,2,0.6988107844525697,0.75,0.7952431378102789,0.4323547147140282
Qwen2.5-0.5B,8,model.layers.8.mlp.down_proj,4864,0,0.5,3,0.8055292182662539,0.875,0.8147445820433438,0.4323547147140282
Qwen2.5-0.5B,8,model.layers.8.mlp.down_proj,4864,0,0.5,4,0.868311995915624,0.9375,0.8418559906642835,0.4323547147140282
Qwen2.5-0.5B,8,model.layers.8.mlp.down_proj,4864,0,0.5,6,0.9331359324717119,0.984375,0.8942161186512761,0.4323547147140282
Qwen2.5-0.5B,8,model.layers.8.mlp.down_proj,4864,0,0.5,8,0.9627373469254821,0.99609375,0.9327618961647512,0.4323547147140282
Qwen2.5-0.5B,9,model.layers.9.mlp.down_proj,4864,0,0.1,1,0.0999177631578947,0.09999999999999998,-82236.84210530158,0.26902017805455947
Qwen2.5-0.5B,9,model.layers.9.mlp.down_proj,4864,0,0.1,2,0.1580061830518076,0.18999999999999995,0.6445131450200849,0.26902017805455947
Qwen2.5-0.5B,9,model.layers.9.mlp.down_proj,4864,0,0.1,3,0.20391229682662537,0.2709999999999999,0.6076742504481019,0.26902017805455947
Qwen2.5-0.5B,9,model.layers.9.mlp.down_proj,4864,0,0.1,4,0.24265038517216422,0.3439,0.5848724279301526,0.26902017805455947
Qwen2.5-0.5B,9,model.layers.9.mlp.down_proj,4864,0,0.1,6,0.305995260432887,0.46855899999999995,0.5589207167180479,0.26902017805455947
Qwen2.5-0.5B,9,model.layers.9.mlp.down_proj,4864,0,0.1,8,0.35806206031787385,0.5695327899999999,0.5496145654020752,0.26902017805455947
Qwen2.5-0.5B,9,model.layers.9.mlp.down_proj,4864,0,0.2,1,0.1998355263157894,0.19999999999999996,-164473.68421060315,0.29967691634491106
Qwen2.5-0.5B,9,model.layers.9.mlp.down_proj,4864,0,0.2,2,0.308324991631476,0.3599999999999999,0.6770311976967254,0.29967691634491106
Qwen2.5-0.5B,9,model.layers.9.mlp.down_proj,4864,0,0.2,3,0.38879442401960784,0.4879999999999999,0.6555361945125275,0.29967691634491106
Qwen2.5-0.5B,9,model.layers.9.mlp.down_proj,4864,0,0.2,4,0.45253568982008063,0.5903999999999999,0.6468639595801247,0.29967691634491106
Qwen2.5-0.5B,9,model.layers.9.mlp.down_proj,4864,0,0.2,6,0.5488733390428734,0.7378559999999998,0.648637068365647,0.29967691634491106
Qwen2.5-0.5B,9,model.layers.9.mlp.down_proj,4864,0,0.2,8,0.6198996873371548,0.8322278399999999,0.6641588060044222,0.29967691634491106
Qwen2.5-0.5B,9,model.layers.9.mlp.down_proj,4864,0,0.3,1,0.29995888157894735,0.30000000000000004,-41118.42105264385,0.34048622644620613
Qwen2.5-0.5B,9,model.layers.9.mlp.down_proj,4864,0,0.3,2,0.44841167022865386,0.51,0.706722239184066,0.34048622644620613
Qwen2.5-0.5B,9,model.layers.9.mlp.down_proj,4864,0,0.3,3,0.5495997000773993,0.657,0.6991588237462166,0.34048622644620613
Qwen2.5-0.5B,9,model.layers.9.mlp.down_proj,4864,0,0.3,4,0.623683645047048,0.7599,0.7038131007763601,0.34048622644620613
Qwen2.5-0.5B,9,model.layers.9.mlp.down_proj,4864,0,0.3,6,0.7250069747223087,0.882351,0.7298123893018277,0.34048622644620613
Qwen2.5-0.5B,9,model.layers.9.mlp.down_proj,4864,0,0.3,8,0.7915389688639917,0.94235199,0.7652174765800782,0.34048622644620613
Qwen2.5-0.5B,9,model.layers.9.mlp.down_proj,4864,0,0.5,1,0.5,0.5,0.0,0.44731001625780575
Qwen2.5-0.5B,9,model.layers.9.mlp.down_proj,4864,0,0.5,2,0.6914987865640128,0.75,0.765995146256051,0.44731001625780575
Qwen2.5-0.5B,9,model.layers.9.mlp.down_proj,4864,0,0.5,3,0.7951951915634675,0.875,0.78718717750258,0.44731001625780575
Qwen2.5-0.5B,9,model.layers.9.mlp.down_proj,4864,0,0.5,4,0.8570302806069694,0.9375,0.81606921281593,0.44731001625780575
Qwen2.5-0.5B,9,model.layers.9.mlp.down_proj,4864,0,0.5,6,0.9233668606612686,0.984375,0.8740477123329417,0.44731001625780575
Qwen2.5-0.5B,9,model.layers.9.mlp.down_proj,4864,0,0.5,8,0.9557834484106306,0.99609375,0.9187445889222159,0.44731001625780575
Qwen2.5-0.5B,10,model.layers.10.mlp.down_proj,4864,0,0.1,1,0.0999177631578947,0.09999999999999998,-82236.84210530158,0.32926845068091676
Qwen2.5-0.5B,10,model.layers.10.mlp.down_proj,4864,0,0.1,2,0.15090299593160986,0.18999999999999995,0.5655888436845543,0.32926845068091676
Qwen2.5-0.5B,10,model.layers.10.mlp.down_proj,4864,0,0.1,3,0.19027468717750254,0.2709999999999999,0.5279221472368573,0.32926845068091676
Qwen2.5-0.5B,10,model.layers.10.mlp.down_proj,4864,0,0.1,4,0.2231704322200393,0.3439,0.5050038221403825,0.32926845068091676
Qwen2.5-0.5B,10,model.layers.10.mlp.down_proj,4864,0,0.1,6,0.2761633187999585,0.46855899999999995,0.47797861075149023,0.32926845068091676
Qwen2.5-0.5B,10,model.layers.10.mlp.down_proj,4864,0,0.1,8,0.3192251009640438,0.5695327899999999,0.46690051394290016,0.32926845068091676
Qwen2.5-0.5B,10,model.layers.10.mlp.down_proj,4864,0,0.2,1,0.1998355263157894,0.19999999999999996,-164473.68421060315,0.3543078846296202
Qwen2.5-0.5B,10,model.layers.10.mlp.down_proj,4864,0,0.2,2,0.2959218733906685,0.3599999999999999,0.5995117086916786,0.3543078846296202
Qwen2.5-0.5B,10,model.layers.10.mlp.down_proj,4864,0,0.2,3,0.36615107391640866,0.4879999999999999,0.5769134510986414,0.3543078846296202
Qwen2.5-0.5B,10,model.layers.10.mlp.down_proj,4864,0,0.2,4,0.4218430908127391,0.5903999999999999,0.5682456219588604,0.3543078846296202
Qwen2.5-0.5B,10,model.layers.10.mlp.down_proj,4864,0,0.2,6,0.5063084741254023,0.7378559999999998,0.5694990371500965,0.3543078846296202
Qwen2.5-0.5B,10,model.layers.10.mlp.down_proj,4864,0,0.2,8,0.5698170433819697,0.8322278399999999,0.5849426741188268,0.3543078846296202
Qwen2.5-0.5B,10,model.layers.10.mlp.down_proj,4864,0,0.3,1,0.29995888157894735,0.30000000000000004,-41118.42105264385,0.39124124409557226
Qwen2.5-0.5B,10,model.layers.10.mlp.down_proj,4864,0,0.3,2,0.43210471598516836,0.51,0.6290700761198493,0.39124124409557226
Qwen2.5-0.5B,10,model.layers.10.mlp.down_proj,4864,0,0.3,3,0.5223680179308566,0.657,0.6228796020472174,0.39124124409557226
Qwen2.5-0.5B,10,model.layers.10.mlp.down_proj,4864,0,0.3,4,0.5898849492038052,0.7599,0.6303216986384109,0.39124124409557226
Qwen2.5-0.5B,10,model.layers.10.mlp.down_proj,4864,0,0.3,6,0.6836930992421884,0.882351,0.6588691343230944,0.39124124409557226
Qwen2.5-0.5B,10,model.layers.10.mlp.down_proj,4864,0,0.3,8,0.7475707562532569,0.94235199,0.6967686925874657,0.39124124409557226
Qwen2.5-0.5B,10,model.layers.10.mlp.down_proj,4864,0,0.5,1,0.5,0.5,0.0,0.48588057890467795
Qwen2.5-0.5B,10,model.layers.10.mlp.down_proj,4864,0,0.5,2,0.6736388273766608,0.75,0.6945553095066432,0.48588057890467795
Qwen2.5-0.5B,10,model.layers.10.mlp.down_proj,4864,0,0.5,3,0.7711626838235294,0.875,0.7231004901960784,0.48588057890467795
Qwen2.5-0.5B,10,model.layers.10.mlp.down_proj,4864,0,0.5,4,0.8317210442301727,0.9375,0.7582195296689661,0.48588057890467795
Qwen2.5-0.5B,10,model.layers.10.mlp.down_proj,4864,0,0.5,6,0.8999618012301462,0.984375,0.825727589636431,0.48588057890467795
Qwen2.5-0.5B,10,model.layers.10.mlp.down_proj,4864,0,0.5,8,0.9359281363991663,0.99609375,0.8787212828203667,0.48588057890467795
Qwen2.5-0.5B,11,model.layers.11.mlp.down_proj,4864,0,0.1,1,0.0999177631578947,0.09999999999999998,-82236.84210530158,0.3452498612595094
Qwen2.5-0.5B,11,model.layers.11.mlp.down_proj,4864,0,0.1,2,0.14921078380883715,0.18999999999999995,0.5467864867648575,0.3452498612595094
Qwen2.5-0.5B,11,model.layers.11.mlp.down_proj,4864,0,0.1,3,0.18714484971620227,0.2709999999999999,0.5096190041883176,0.3452498612595094
Qwen2.5-0.5B,11,model.layers.11.mlp.down_proj,4864,0,0.1,4,0.21871849472650193,0.3439,0.48675069588561676,0.3452498612595094
Qwen2.5-0.5B,11,model.layers.11.mlp.down_proj,4864,0,0.1,6,0.2696618232897332,0.46855899999999995,0.4603382994031708,0.3452498612595094
Qwen2.5-0.5B,11,model.layers.11.mlp.down_proj,4864,0,0.1,8,0.31110604481500787,0.5695327899999999,0.4496087372620087,0.3452498612595094
Qwen2.5-0.5B,11,model.layers.11.mlp.down_proj,4864,0,0.2,1,0.1998355263157894,0.19999999999999996,-164473.68421060315,0.3676299370832883
Qwen2.5-0.5B,11,model.layers.11.mlp.down_proj,4864,0,0.2,2,0.2932869953136265,0.3599999999999999,0.5830437207101661,0.3676299370832883
Qwen2.5-0.5B,11,model.layers.11.mlp.down_proj,4864,0,0.2,3,0.36198037603199174,0.4879999999999999,0.5624318612221938,0.3676299370832883
Qwen2.5-0.5B,11,model.layers.11.mlp.down_proj,4864,0,0.2,4,0.41654535789990693,0.5903999999999999,0.5546756093747617,0.3676299370832883
Qwen2.5-0.5B,11,model.layers.11.mlp.down_proj,4864,0,0.2,6,0.4989687954167964,0.7378559999999998,0.5558528591608096,0.3676299370832883
Qwen2.5-0.5B,11,model.layers.11.mlp.down_proj,4864,0,0.2,8,0.5610152585982282,0.8322278399999999,0.5710208183781155,0.3676299370832883
Qwen2.5-0.5B,11,model.layers.11.mlp.down_proj,4864,0,0.3,1,0.29995888157894735,0.30000000000000004,-41118.42105264385,0.40085832688114226
Qwen2.5-0.5B,11,model.layers.11.mlp.down_proj,4864,0,0.3,2,0.4294336279482954,0.51,0.6163506092775972,0.40085832688114226
Qwen2.5-0.5B,11,model.layers.11.mlp.down_proj,4864,0,0.3,3,0.5184920020639835,0.657,0.6120224147450518,0.40085832688114226
Qwen2.5-0.5B,11,model.layers.11.mlp.down_proj,4864,0,0.3,4,0.5851320959569848,0.7599,0.6199871623330828,0.40085832688114226
Qwen2.5-0.5B,11,model.layers.11.mlp.down_proj,4864,0,0.3,6,0.678337972334683,0.882351,0.6496734312033171,0.40085832688114226
Qwen2.5-0.5B,11,model.layers.11.mlp.down_proj,4864,0,0.3,8,0.7422261757425742,0.94235199,0.6884483626221414,0.40085832688114226
Qwen2.5-0.5B,11,model.layers.11.mlp.down_proj,4864,0,0.5,1,0.5,0.5,0.0,0.4899322963172829
Qwen2.5-0.5B,11,model.layers.11.mlp.down_proj,4864,0,0.5,2,0.6720117931815841,0.75,0.6880471727263364,0.4899322963172829
Qwen2.5-0.5B,11,model.layers.11.mlp.down_proj,4864,0,0.5,3,0.7692571271929824,0.875,0.7180190058479532,0.4899322963172829
Qwen2.5-0.5B,11,model.layers.11.mlp.down_proj,4864,0,0.5,4,0.8305929130906835,0.9375,0.7556409442072766,0.4899322963172829
Qwen2.5-0.5B,11,model.layers.11.mlp.down_proj,4864,0,0.5,6,0.9001381968234196,0.984375,0.8260917611838339,0.4899322963172829
Qwen2.5-0.5B,11,model.layers.11.mlp.down_proj,4864,0,0.5,8,0.9369255634445024,0.99609375,0.8807318444235639,0.4899322963172829
Qwen2.5-0.5B,12,model.layers.12.mlp.down_proj,4864,0,0.1,1,0.0999177631578947,0.09999999999999998,-82236.84210530158,0.3893285401243058
Qwen2.5-0.5B,12,model.layers.12.mlp.down_proj,4864,0,0.1,2,0.1444813607220105,0.18999999999999995,0.4942373413556726,0.3893285401243058
Qwen2.5-0.5B,12,model.layers.12.mlp.down_proj,4864,0,0.1,3,0.17899130869453042,0.2709999999999999,0.4619374777457922,0.3893285401243058
Qwen2.5-0.5B,12,model.layers.12.mlp.down_proj,4864,0,0.1,4,0.20723441862268638,0.3439,0.43966551300814427,0.3893285401243058
Qwen2.5-0.5B,12,model.layers.12.mlp.down_proj,4864,0,0.1,6,0.2529391155403301,0.46855899999999995,0.4149650816838827,0.3893285401243058
Qwen2.5-0.5B,12,model.layers.12.mlp.down_proj,4864,0,0.1,8,0.2904043447107868,0.5695327899999999,0.4055187385545253,0.3893285401243058
Qwen2.5-0.5B,12,model.layers.12.mlp.down_proj,4864,0,0.2,1,0.1998355263157894,0.19999999999999996,-164473.68421060315,0.40726880541137245
Qwen2.5-0.5B,12,model.layers.12.mlp.down_proj,4864,0,0.2,2,0.2849486462303018,0.3599999999999999,0.5309290389393867,0.40726880541137245
Qwen2.5-0.5B,12,model.layers.12.mlp.down_proj,4864,0,0.2,3,0.3478852231682147,0.4879999999999999,0.5134903582229678,0.40726880541137245
Qwen2.5-0.5B,12,model.layers.12.mlp.down_proj,4864,0,0.2,4,0.3977023769517113,0.5903999999999999,0.5064097770279491,0.40726880541137245
Qwen2.5-0.5B,12,model.layers.12.mlp.down_proj,4864,0,0.2,6,0.4740682257604069,0.7378559999999998,0.5095568809503045,0.40726880541137245
Qwen2.5-0.5B,12,model.layers.12.mlp.down_proj,4864,0,0.2,8,0.5325531689682127,0.8322278399999999,0.5260020959662465,0.40726880541137245
Qwen2.5-0.5B,12,model.layers.12.mlp.down_proj,4864,0,0.3,1,0.29995888157894735,0.30000000000000004,-41118.42105264385,0.4371539219217471
Qwen2.5-0.5B,12,model.layers.12.mlp.down_proj,4864,0,0.3,2,0.41852919971160774,0.51,0.5644247605314654,0.4371539219217471
Qwen2.5-0.5B,12,model.layers.12.mlp.down_proj,4864,0,0.3,3,0.501141237745098,0.657,0.5634208340198823,0.4371539219217471
Qwen2.5-0.5B,12,model.layers.12.mlp.down_proj,4864,0,0.3,4,0.5632092725674698,0.7599,0.5723184878614259,0.4371539219217471
Qwen2.5-0.5B,12,model.layers.12.mlp.down_proj,4864,0,0.3,6,0.6521255871742967,0.882351,0.6046621147285687,0.4371539219217471
Qwen2.5-0.5B,12,model.layers.12.mlp.down_proj,4864,0,0.3,8,0.7147545922355394,0.94235199,0.6456811821125351,0.4371539219217471
Qwen2.5-0.5B,12,model.layers.12.mlp.down_proj,4864,0,0.5,1,0.5,0.5,0.0,0.516197835913251
Qwen2.5-0.5B,12,model.layers.12.mlp.down_proj,4864,0,0.5,2,0.6604089150530436,0.75,0.6416356602121742,0.516197835913251
Qwen2.5-0.5B,12,model.layers.12.mlp.down_proj,4864,0,0.5,3,0.754280347007224,0.875,0.6780809253525973,0.516197835913251
Qwen2.5-0.5B,12,model.layers.12.mlp.down_proj,4864,0,0.5,4,0.8144484799917279,0.9375,0.7187393828382351,0.516197835913251
Qwen2.5-0.5B,12,model.layers.12.mlp.down_proj,4864,0,0.5,6,0.8850675250441192,0.984375,0.7949781162201172,0.516197835913251
Qwen2.5-0.5B,12,model.layers.12.mlp.down_proj,4864,0,0.5,8,0.9240156005732151,0.99609375,0.8547086121790792,0.516197835913251
Qwen2.5-0.5B,13,model.layers.13.mlp.down_proj,4864,0,0.1,1,0.0999177631578947,0.09999999999999998,-82236.84210530158,0.39149896768865894
Qwen2.5-0.5B,13,model.layers.13.mlp.down_proj,4864,0,0.1,2,0.1443204275672057,0.18999999999999995,0.4924491951911747,0.39149896768865894
Qwen2.5-0.5B,13,model.layers.13.mlp.down_proj,4864,0,0.1,3,0.17822174922600617,0.2709999999999999,0.4574371299766445,0.39149896768865894
Qwen2.5-0.5B,13,model.layers.13.mlp.down_proj,4864,0,0.1,4,0.20620241895874264,0.3439,0.43543427207356555,0.39149896768865894
Qwen2.5-0.5B,13,model.layers.13.mlp.down_proj,4864,0,0.1,6,0.2514650971919443,0.46855899999999995,0.41096567223143193,0.39149896768865894
Qwen2.5-0.5B,13,model.layers.13.mlp.down_proj,4864,0,0.1,8,0.2883178901771756,0.5695327899999999,0.4010750562855804,0.39149896768865894
Qwen2.5-0.5B,13,model.layers.13.mlp.down_proj,4864,0,0.2,1,0.1998355263157894,0.19999999999999996,-164473.68421060315,0.42564630266494863
Qwen2.5-0.5B,13,model.layers.13.mlp.down_proj,4864,0,0.2,2,0.2814885834019981,0.3599999999999999,0.5093036462624886,0.42564630266494863
Qwen2.5-0.5B,13,model.layers.13.mlp.down_proj,4864,0,0.2,3,0.34093701625386996,0.4879999999999999,0.489364639770382,0.42564630266494863
Qwen2.5-0.5B,13,model.layers.13.mlp.down_proj,4864,0,0.2,4,0.3878913116533968,0.5903999999999999,0.48127897452202056,0.42564630266494863
Qwen2.5-0.5B,13,model.layers.13.mlp.down_proj,4864,0,0.2,6,0.4594744303436105,0.7378559999999998,0.48242360472619167,0.42564630266494863
Qwen2.5-0.5B,13,model.layers.13.mlp.down_proj,4864,0,0.2,8,0.5139790418186555,0.8322278399999999,0.4966232455354316,0.42564630266494863
Qwen2.5-0.5B,13,model.layers.13.mlp.down_proj,4864,0,0.3,1,0.29995888157894735,0.30000000000000004,-41118.42105264385,0.45822745187009
Qwen2.5-0.5B,13,model.layers.13.mlp.down_proj,4864,0,0.3,2,0.4127199151560408,0.51,0.5367615007430514,0.45822745187009
Qwen2.5-0.5B,13,model.layers.13.mlp.down_proj,4864,0,0.3,3,0.4902097845717234,0.657,0.5328005170076284,0.45822745187009
Qwen2.5-0.5B,13,model.layers.13.mlp.down_proj,4864,0,0.3,4,0.5486134448350739,0.7599,0.5405815282345595,0.45822745187009
Qwen2.5-0.5B,13,model.layers.13.mlp.down_proj,4864,0,0.3,6,0.6325833884823006,0.882351,0.5711046919852469,0.45822745187009
Qwen2.5-0.5B,13,model.layers.13.mlp.down_proj,4864,0,0.3,8,0.6921406819958311,0.94235199,0.6104763246640383,0.45822745187009
Qwen2.5-0.5B,13,model.layers.13.mlp.down_proj,4864,0,0.5,1,0.5,0.5,0.0,0.5326923234838161
Qwen2.5-0.5B,13,model.layers.13.mlp.down_proj,4864,0,0.5,2,0.653479535740035,0.75,0.6139181429601401,0.5326923234838161
Qwen2.5-0.5B,13,model.layers.13.mlp.down_proj,4864,0,0.5,3,0.7427276831785345,0.875,0.6472738218094255,0.5326923234838161
Qwen2.5-0.5B,13,model.layers.13.mlp.down_proj,4864,0,0.5,4,0.800731568607176,0.9375,0.6873864425306879,0.5326923234838161
Qwen2.5-0.5B,13,model.layers.13.mlp.down_proj,4864,0,0.5,6,0.8706740501401433,0.984375,0.7652625551280379,0.5326923234838161
Qwen2.5-0.5B,13,model.layers.13.mlp.down_proj,4864,0,0.5,8,0.9102999609171444,0.99609375,0.8270613385416453,0.5326923234838161
Qwen2.5-0.5B,14,model.layers.14.mlp.down_proj,4864,0,0.1,1,0.0999177631578947,0.09999999999999998,-82236.84210530158,0.4096339863364528
Qwen2.5-0.5B,14,model.layers.14.mlp.down_proj,4864,0,0.1,2,0.14235141041816873,0.18999999999999995,0.47057122686854175,0.4096339863364528
Qwen2.5-0.5B,14,model.layers.14.mlp.down_proj,4864,0,0.1,3,0.17372734455624356,0.2709999999999999,0.43115406173241866,0.4096339863364528
Qwen2.5-0.5B,14,model.layers.14.mlp.down_proj,4864,0,0.1,4,0.19916502946954814,0.3439,0.40658068663201374,0.4096339863364528
Qwen2.5-0.5B,14,model.layers.14.mlp.down_proj,4864,0,0.1,6,0.24005209955361778,0.46855899999999995,0.3799991305425123,0.4096339863364528
Qwen2.5-0.5B,14,model.layers.14.mlp.down_proj,4864,0,0.1,8,0.27329501042209486,0.5695327899999999,0.36907967688922194,0.4096339863364528
Qwen2.5-0.5B,14,model.layers.14.mlp.down_proj,4864,0,0.2,1,0.1998355263157894,0.19999999999999996,-164473.68421060315,0.4321932520249299
Qwen2.5-0.5B,14,model.layers.14.mlp.down_proj,4864,0,0.2,2,0.2799754094139458,0.3599999999999999,0.49984630883716147,0.4321932520249299
Qwen2.5-0.5B,14,model.layers.14.mlp.down_proj,4864,0,0.2,3,0.3373314950980392,0.4879999999999999,0.47684546909041414,0.4321932520249299
Qwen2.5-0.5B,14,model.layers.14.mlp.down_proj,4864,0,0.2,4,0.3820115390083756,0.5903999999999999,0.46621808147637195,0.4321932520249299
Qwen2.5-0.5B,14,model.layers.14.mlp.down_proj,4864,0,0.2,6,0.45041580699159134,0.7378559999999998,0.4655815069304635,0.4321932520249299
Qwen2.5-0.5B,14,model.layers.14.mlp.down_proj,4864,0,0.2,8,0.5026409425482022,0.8322278399999999,0.47868968020801217,0.4321932520249299
Qwen2.5-0.5B,14,model.layers.14.mlp.down_proj,4864,0,0.3,1,0.29995888157894735,0.30000000000000004,-41118.42105264385,0.46577636674063266
Qwen2.5-0.5B,14,model.layers.14.mlp.down_proj,4864,0,0.3,2,0.4104105243845916,0.51,0.5257644018313885,0.46577636674063266
Qwen2.5-0.5B,14,model.layers.14.mlp.down_proj,4864,0,0.3,3,0.4853412828947368,0.657,0.5191632574082263,0.46577636674063266
Qwen2.5-0.5B,14,model.layers.14.mlp.down_proj,4864,0,0.3,4,0.541010576077965,0.7599,0.524049958856197,0.46577636674063266
Qwen2.5-0.5B,14,model.layers.14.mlp.down_proj,4864,0,0.3,6,0.6217093097944566,0.882351,0.5524319693697728,0.46577636674063266
Qwen2.5-0.5B,14,model.layers.14.mlp.down_proj,4864,0,0.3,8,0.6792221697498696,0.94235199,0.5903650578709495,0.46577636674063266
Qwen2.5-0.5B,14,model.layers.14.mlp.down_proj,4864,0,0.5,1,0.5,0.5,0.0,0.5409426751687835
Qwen2.5-0.5B,14,model.layers.14.mlp.down_proj,4864,0,0.5,2,0.6498251461273046,0.75,0.5993005845092183,0.5409426751687835
Qwen2.5-0.5B,14,model.layers.14.mlp.down_proj,4864,0,0.5,3,0.7362849909700722,0.875,0.6300933092535258,0.5409426751687835
Qwen2.5-0.5B,14,model.layers.14.mlp.down_proj,4864,0,0.5,4,0.7924860730534588,0.9375,0.6685395955507628,0.5409426751687835
Qwen2.5-0.5B,14,model.layers.14.mlp.down_proj,4864,0,0.5,6,0.8610266304629919,0.984375,0.7453453016010155,0.5409426751687835
Qwen2.5-0.5B,14,model.layers.14.mlp.down_proj,4864,0,0.5,8,0.9010275534132359,0.99609375,0.8083705013684126,0.5409426751687835
Qwen2.5-0.5B,15,model.layers.15.mlp.down_proj,4864,0,0.1,1,0.0999177631578947,0.09999999999999998,-82236.84210530158,0.4291890738905618
Qwen2.5-0.5B,15,model.layers.15.mlp.down_proj,4864,0,0.1,2,0.14043107554846018,0.18999999999999995,0.4492341727606689,0.4291890738905618
Qwen2.5-0.5B,15,model.layers.15.mlp.down_proj,4864,0,0.1,3,0.16977513867389063,0.2709999999999999,0.40804174663093956,0.4291890738905618
Qwen2.5-0.5B,15,model.layers.15.mlp.down_proj,4864,0,0.1,4,0.19345490060490125,0.3439,0.38316892416933684,0.4291890738905618
Qwen2.5-0.5B,15,model.layers.15.mlp.down_proj,4864,0,0.1,6,0.23134342883836811,0.46855899999999995,0.3563701573923527,0.4291890738905618
Qwen2.5-0.5B,15,model.layers.15.mlp.down_proj,4864,0,0.1,8,0.26206846013548724,0.5695327899999999,0.3451696315724558,0.4291890738905618
Qwen2.5-0.5B,15,model.layers.15.mlp.down_proj,4864,0,0.2,1,0.1998355263157894,0.19999999999999996,-164473.68421060315,0.4360129632964104
Qwen2.5-0.5B,15,model.layers.15.mlp.down_proj,4864,0,0.2,2,0.2792150002574931,0.3599999999999999,0.49509375160933206,0.4360129632964104
Qwen2.5-0.5B,15,model.layers.15.mlp.down_proj,4864,0,0.2,3,0.3351223877708978,0.4879999999999999,0.4691749575378398,0.4360129632964104
Qwen2.5-0.5B,15,model.layers.15.mlp.down_proj,4864,0,0.2,4,0.37902580847378764,0.5903999999999999,0.45857020613162824,0.4360129632964104
Qwen2.5-0.5B,15,model.layers.15.mlp.down_proj,4864,0,0.2,6,0.44648360453648916,0.7378559999999998,0.45827062361763965,0.4360129632964104
Qwen2.5-0.5B,15,model.layers.15.mlp.down_proj,4864,0,0.2,8,0.4982359790255341,0.8322278399999999,0.47172231299642575,0.4360129632964104
Qwen2.5-0.5B,15,model.layers.15.mlp.down_proj,4864,0,0.3,1,0.29995888157894735,0.30000000000000004,-41118.42105264385,0.46344020273571923
Qwen2.5-0.5B,15,model.layers.15.mlp.down_proj,4864,0,0.3,2,0.4110285076990421,0.51,0.5287071795192481,0.46344020273571923
Qwen2.5-0.5B,15,model.layers.15.mlp.down_proj,4864,0,0.3,3,0.48570328624871,0.657,0.5201772724053502,0.46344020273571923
Qwen2.5-0.5B,15,model.layers.15.mlp.down_proj,4864,0,0.3,4,0.5416212936873125,0.7599,0.5253778945147043,0.46344020273571923
Qwen2.5-0.5B,15,model.layers.15.mlp.down_proj,4864,0,0.3,6,0.6234456912436417,0.882351,0.555413644423452,0.46344020273571923
Qwen2.5-0.5B,15,model.layers.15.mlp.down_proj,4864,0,0.3,8,0.6813232803543513,0.94235199,0.5936360224467448,0.46344020273571923
Qwen2.5-0.5B,15,model.layers.15.mlp.down_proj,4864,0,0.5,1,0.5,0.5,0.0,0.5385853766986911
Qwen2.5-0.5B,15,model.layers.15.mlp.down_proj,4864,0,0.5,2,0.6508177013595634,0.75,0.6032708054382536,0.5385853766986911
Qwen2.5-0.5B,15,model.layers.15.mlp.down_proj,4864,0,0.5,3,0.7381961913054695,0.875,0.6351898434812521,0.5385853766986911
Qwen2.5-0.5B,15,model.layers.15.mlp.down_proj,4864,0,0.5,4,0.7954209104539345,0.9375,0.6752477953232788,0.5385853766986911
Qwen2.5-0.5B,15,model.layers.15.mlp.down_proj,4864,0,0.5,6,0.8651177917055954,0.984375,0.7537915699728422,0.5385853766986911
Qwen2.5-0.5B,15,model.layers.15.mlp.down_proj,4864,0,0.5,8,0.9049452025794684,0.99609375,0.816267494963338,0.5385853766986911
Qwen2.5-0.5B,16,model.layers.16.mlp.down_proj,4864,0,0.1,1,0.0999177631578947,0.09999999999999998,-82236.84210530158,0.28651106549736466
Qwen2.5-0.5B,16,model.layers.16.mlp.down_proj,4864,0,0.1,2,0.1555426987846328,0.18999999999999995,0.6171410976070316,0.28651106549736466
Qwen2.5-0.5B,16,model.layers.16.mlp.down_proj,4864,0,0.1,3,0.1981065370227038,0.2709999999999999,0.5737224387292623,0.28651106549736466
Qwen2.5-0.5B,16,model.layers.16.mlp.down_proj,4864,0,0.1,4,0.2330255241184986,0.3439,0.5454101029868742,0.28651106549736466
Qwen2.5-0.5B,16,model.layers.16.mlp.down_proj,4864,0,0.1,6,0.289551541575833,0.46855899999999995,0.5143044711317131,0.28651106549736466
Qwen2.5-0.5B,16,model.layers.16.mlp.down_proj,4864,0,0.1,8,0.33528082660239705,0.5695327899999999,0.5010956244448808,0.28651106549736466
Qwen2.5-0.5B,16,model.layers.16.mlp.down_proj,4864,0,0.2,1,0.1998355263157894,0.19999999999999996,-164473.68421060315,0.2956453665622412
Qwen2.5-0.5B,16,model.layers.16.mlp.down_proj,4864,0,0.2,2,0.3087707764702853,0.3599999999999999,0.6798173529392835,0.2956453665622412
Qwen2.5-0.5B,16,model.layers.16.mlp.down_proj,4864,0,0.2,3,0.3883917053663571,0.4879999999999999,0.6541378658554068,0.2956453665622412
Qwen2.5-0.5B,16,model.layers.16.mlp.down_proj,4864,0,0.2,4,0.4514095782494054,0.5903999999999999,0.6439794524831083,0.2956453665622412
Qwen2.5-0.5B,16,model.layers.16.mlp.down_proj,4864,0,0.2,6,0.5468259336395723,0.7378559999999998,0.6448304632458732,0.2956453665622412
Qwen2.5-0.5B,16,model.layers.16.mlp.down_proj,4864,0,0.2,8,0.6174431670140698,0.8322278399999999,0.660273307505835,0.2956453665622412
Qwen2.5-0.5B,16,model.layers.16.mlp.down_proj,4864,0,0.3,1,0.29995888157894735,0.30000000000000004,-41118.42105264385,0.3277973377292274
Qwen2.5-0.5B,16,model.layers.16.mlp.down_proj,4864,0,0.3,2,0.4521425030899165,0.51,0.7244881099519833,0.3277973377292274
Qwen2.5-0.5B,16,model.layers.16.mlp.down_proj,4864,0,0.3,3,0.5556787764447884,0.657,0.7161870488649533,0.3277973377292274
Qwen2.5-0.5B,16,model.layers.16.mlp.down_proj,4864,0,0.3,4,0.6310817295264192,0.7599,0.7198993901422465,0.3277973377292274
Qwen2.5-0.5B,16,model.layers.16.mlp.down_proj,4864,0,0.3,6,0.7336880709540121,0.882351,0.7447193719148968,0.3277973377292274
Qwen2.5-0.5B,16,model.layers.16.mlp.down_proj,4864,0,0.3,8,0.799872166492965,0.94235199,0.7781904225017889,0.3277973377292274
Qwen2.5-0.5B,16,model.layers.16.mlp.down_proj,4864,0,0.5,1,0.5,0.5,0.0,0.43449502582392663
Qwen2.5-0.5B,16,model.layers.16.mlp.down_proj,4864,0,0.5,2,0.6973310040941395,0.75,0.789324016376558,0.43449502582392663
Qwen2.5-0.5B,16,model.layers.16.mlp.down_proj,4864,0,0.5,3,0.8038933501031993,0.875,0.8103822669418648,0.43449502582392663
Qwen2.5-0.5B,16,model.layers.16.mlp.down_proj,4864,0,0.5,4,0.8663457437183332,0.9375,0.8373616999276187,0.43449502582392663
Qwen2.5-0.5B,16,model.layers.16.mlp.down_proj,4864,0,0.5,6,0.9310856885186339,0.984375,0.8899833569416958,0.43449502582392663
Qwen2.5-0.5B,16,model.layers.16.mlp.down_proj,4864,0,0.5,8,0.9612220720427306,0.99609375,0.9297074838026695,0.43449502582392663
Qwen2.5-0.5B,17,model.layers.17.mlp.down_proj,4864,0,0.1,1,0.0999177631578947,0.09999999999999998,-82236.84210530158,0.21628760715489323
Qwen2.5-0.5B,17,model.layers.17.mlp.down_proj,4864,0,0.1,2,0.16447368421052633,0.18999999999999995,0.7163742690058484,0.21628760715489323
Qwen2.5-0.5B,17,model.layers.17.mlp.down_proj,4864,0,0.1,3,0.21653444272445818,0.2709999999999999,0.6814879691488787,0.21628760715489323
Qwen2.5-0.5B,17,model.layers.17.mlp.down_proj,4864,0,0.1,4,0.2604916599886258,0.3439,0.6580223861772275,0.21628760715489323
Qwen2.5-0.5B,17,model.layers.17.mlp.down_proj,4864,0,0.1,6,0.3329428299854666,0.46855899999999995,0.6320367430600435,0.21628760715489323
Qwen2.5-0.5B,17,model.layers.17.mlp.down_proj,4864,0,0.1,8,0.3925351745700886,0.5695327899999999,0.6230346012045052,0.21628760715489323
Qwen2.5-0.5B,17,model.layers.17.mlp.down_proj,4864,0,0.2,1,0.1998355263157894,0.19999999999999996,-164473.68421060315,0.2432880850273258
Qwen2.5-0.5B,17,model.layers.17.mlp.down_proj,4864,0,0.2,2,0.3216848574775981,0.3599999999999999,0.7605303592349888,0.2432880850273258
Qwen2.5-0.5B,17,model.layers.17.mlp.down_proj,4864,0,0.2,3,0.41372387770897834,0.4879999999999999,0.7420967976006195,0.2432880850273258
Qwen2.5-0.5B,17,model.layers.17.mlp.down_proj,4864,0,0.2,4,0.487152714946748,0.5903999999999999,0.7355346182037604,0.2432880850273258
Qwen2.5-0.5B,17,model.layers.17.mlp.down_proj,4864,0,0.2,6,0.5973800996574276,0.7378559999999998,0.7388224722926352,0.2432880850273258
Qwen2.5-0.5B,17,model.layers.17.mlp.down_proj,4864,0,0.2,8,0.6770021821261074,0.8322278399999999,0.754478293974064,0.2432880850273258
Qwen2.5-0.5B,17,model.layers.17.mlp.down_proj,4864,0,0.3,1,0.29995888157894735,0.30000000000000004,-41118.42105264385,0.28698374903610147
Qwen2.5-0.5B,17,model.layers.17.mlp.down_proj,4864,0,0.3,2,0.46641284825934703,0.51,0.7924421345683192,0.28698374903610147
Qwen2.5-0.5B,17,model.layers.17.mlp.down_proj,4864,0,0.3,3,0.581438257868937,0.657,0.7883424590166301,0.28698374903610147
Qwen2.5-0.5B,17,model.layers.17.mlp.down_proj,4864,0,0.3,4,0.6650597630803434,0.7599,0.7937807416402336,0.28698374903610147
Qwen2.5-0.5B,17,model.layers.17.mlp.down_proj,4864,0,0.3,6,0.7760696466573237,0.882351,0.8174960576307478,0.28698374903610147
Qwen2.5-0.5B,17,model.layers.17.mlp.down_proj,4864,0,0.3,8,0.8441550775143304,0.94235199,0.8471291223279784,0.28698374903610147
Qwen2.5-0.5B,17,model.layers.17.mlp.down_proj,4864,0,0.5,1,0.5,0.5,0.0,0.406034250802729
Qwen2.5-0.5B,17,model.layers.17.mlp.down_proj,4864,0,0.5,2,0.7113852965032444,0.75,0.8455411860129778,0.406034250802729
Qwen2.5-0.5B,17,model.layers.17.mlp.down_proj,4864,0,0.5,3,0.8244195046439629,0.875,0.8651186790505676,0.406034250802729
Qwen2.5-0.5B,17,model.layers.17.mlp.down_proj,4864,0,0.5,4,0.8882039409058008,0.9375,0.8873232934989732,0.406034250802729
Qwen2.5-0.5B,17,model.layers.17.mlp.down_proj,4864,0,0.5,6,0.9491494082840237,0.984375,0.9272761977476619,0.406034250802729
Qwen2.5-0.5B,17,model.layers.17.mlp.down_proj,4864,0,0.5,8,0.9740778888744138,0.99609375,0.9556215712744089,0.406034250802729
Qwen2.5-0.5B,18,model.layers.18.mlp.down_proj,4864,0,0.1,1,0.0999177631578947,0.09999999999999998,-82236.84210530158,0.20559161982174137
Qwen2.5-0.5B,18,model.layers.18.mlp.down_proj,4864,0,0.1,2,0.1659896745287877,0.18999999999999995,0.7332186058754194,0.20559161982174137
Qwen2.5-0.5B,18,model.layers.18.mlp.down_proj,4864,0,0.1,3,0.2194780379256966,0.2709999999999999,0.6987019761736646,0.20559161982174137
Qwen2.5-0.5B,18,model.layers.18.mlp.down_proj,4864,0,0.1,4,0.26507608119636034,0.3439,0.6768187010920883,0.20559161982174137
Qwen2.5-0.5B,18,model.layers.18.mlp.down_proj,4864,0,0.1,6,0.3406247566957334,0.46855899999999995,0.6528798827209034,0.20559161982174137
Qwen2.5-0.5B,18,model.layers.18.mlp.down_proj,4864,0,0.1,8,0.40220411021365293,0.5695327899999999,0.6436272751337622,0.20559161982174137
Qwen2.5-0.5B,18,model.layers.18.mlp.down_proj,4864,0,0.2,1,0.1998355263157894,0.19999999999999996,-164473.68421060315,0.23546911780691368
Qwen2.5-0.5B,18,model.layers.18.mlp.down_proj,4864,0,0.2,2,0.32377859782160884,0.3599999999999999,0.7736162363850558,0.23546911780691368
Qwen2.5-0.5B,18,model.layers.18.mlp.down_proj,4864,0,0.2,3,0.41694119259545925,0.4879999999999999,0.7532680298453449,0.23546911780691368
Qwen2.5-0.5B,18,model.layers.18.mlp.down_proj,4864,0,0.2,4,0.4905342809688761,0.5903999999999999,0.7441964164161786,0.23546911780691368
Qwen2.5-0.5B,18,model.layers.18.mlp.down_proj,4864,0,0.2,6,0.6011127926139314,0.7378559999999998,0.7457624208225463,0.23546911780691368
Qwen2.5-0.5B,18,model.layers.18.mlp.down_proj,4864,0,0.2,8,0.6799517163887442,0.8322278399999999,0.7591435966956853,0.23546911780691368
Qwen2.5-0.5B,18,model.layers.18.mlp.down_proj,4864,0,0.3,1,0.29995888157894735,0.30000000000000004,-41118.42105264385,0.2835353698597711
Qwen2.5-0.5B,18,model.layers.18.mlp.down_proj,4864,0,0.3,2,0.4676890481769492,0.51,0.7985192770330913,0.2835353698597711
Qwen2.5-0.5B,18,model.layers.18.mlp.down_proj,4864,0,0.3,3,0.5821574271155832,0.657,0.7903569386991124,0.2835353698597711
Qwen2.5-0.5B,18,model.layers.18.mlp.down_proj,4864,0,0.3,4,0.6650961153189949,0.7599,0.7938597854294301,0.2835353698597711
Qwen2.5-0.5B,18,model.layers.18.mlp.down_proj,4864,0,0.3,6,0.7746605094466937,0.882351,0.8150763190012444,0.2835353698597711
Qwen2.5-0.5B,18,model.layers.18.mlp.down_proj,4864,0,0.3,8,0.8416020713913496,0.94235199,0.843154656361148,0.2835353698597711
Qwen2.5-0.5B,18,model.layers.18.mlp.down_proj,4864,0,0.5,1,0.5,0.5,0.0,0.4093379375540724
Qwen2.5-0.5B,18,model.layers.18.mlp.down_proj,4864,0,0.5,2,0.7097594693068288,0.75,0.839037877227315,0.4093379375540724
Qwen2.5-0.5B,18,model.layers.18.mlp.down_proj,4864,0,0.5,3,0.8203120968782248,0.875,0.8541655916752662,0.4093379375540724
Qwen2.5-0.5B,18,model.layers.18.mlp.down_proj,4864,0,0.5,4,0.883515309947265,0.9375,0.8766064227366057,0.4093379375540724
Qwen2.5-0.5B,18,model.layers.18.mlp.down_proj,4864,0,0.5,6,0.9459933464393231,0.984375,0.9207604571650542,0.4093379375540724
Qwen2.5-0.5B,18,model.layers.18.mlp.down_proj,4864,0,0.5,8,0.9724417014069829,0.99609375,0.9523234296077766,0.4093379375540724
Qwen2.5-0.5B,19,model.layers.19.mlp.down_proj,4864,0,0.1,1,0.0999177631578947,0.09999999999999998,-82236.84210530158,0.2634532051162418
Qwen2.5-0.5B,19,model.layers.19.mlp.down_proj,4864,0,0.1,2,0.15836908731589247,0.18999999999999995,0.6485454146210278,0.2634532051162418
Qwen2.5-0.5B,19,model.layers.19.mlp.down_proj,4864,0,0.1,3,0.20346845975232197,0.2709999999999999,0.6050787120018832,0.2634532051162418
Qwen2.5-0.5B,19,model.layers.19.mlp.down_proj,4864,0,0.1,4,0.2411813508168752,0.3439,0.5788493268424567,0.2634532051162418
Qwen2.5-0.5B,19,model.layers.19.mlp.down_proj,4864,0,0.1,6,0.3034709786670819,0.46855899999999995,0.5520716592650889,0.2634532051162418
Qwen2.5-0.5B,19,model.layers.19.mlp.down_proj,4864,0,0.1,8,0.35474083181344446,0.5695327899999999,0.5425410902898697,0.2634532051162418
Qwen2.5-0.5B,19,model.layers.19.mlp.down_proj,4864,0,0.2,1,0.1998355263157894,0.19999999999999996,-164473.68421060315,0.2665780097523589
Qwen2.5-0.5B,19,model.layers.19.mlp.down_proj,4864,0,0.2,2,0.3158441909568442,0.3599999999999999,0.7240261934802767,0.2665780097523589
Qwen2.5-0.5B,19,model.layers.19.mlp.down_proj,4864,0,0.2,3,0.4021889512383901,0.4879999999999999,0.7020449695777436,0.2665780097523589
Qwen2.5-0.5B,19,model.layers.19.mlp.down_proj,4864,0,0.2,4,0.4709307304053355,0.5903999999999999,0.6939824037021914,0.2665780097523589
Qwen2.5-0.5B,19,model.layers.19.mlp.down_proj,4864,0,0.2,6,0.5762795371379633,0.7378559999999998,0.6995915954046499,0.2665780097523589
Qwen2.5-0.5B,19,model.layers.19.mlp.down_proj,4864,0,0.2,8,0.653649361646691,0.8322278399999999,0.7175409448066872,0.2665780097523589
Qwen2.5-0.5B,19,model.layers.19.mlp.down_proj,4864,0,0.3,1,0.29995888157894735,0.30000000000000004,-41118.42105264385,0.30023774071016607
Qwen2.5-0.5B,19,model.layers.19.mlp.down_proj,4864,0,0.3,2,0.4616822181738593,0.51,0.7699153246374252,0.30023774071016607
Qwen2.5-0.5B,19,model.layers.19.mlp.down_proj,4864,0,0.3,3,0.5725300728844168,0.657,0.7633895599003272,0.30023774071016607
Qwen2.5-0.5B,19,model.layers.19.mlp.down_proj,4864,0,0.3,4,0.6537610833936511,0.7599,0.7692130536935228,0.30023774071016607
Qwen2.5-0.5B,19,model.layers.19.mlp.down_proj,4864,0,0.3,6,0.7643200781168897,0.882351,0.7973199635904973,0.30023774071016607
Qwen2.5-0.5B,19,model.layers.19.mlp.down_proj,4864,0,0.3,8,0.8340028986451277,0.94235199,0.8313244248610916,0.30023774071016607
Qwen2.5-0.5B,19,model.layers.19.mlp.down_proj,4864,0,0.5,1,0.5,0.5,0.0,0.4096245418069567
Qwen2.5-0.5B,19,model.layers.19.mlp.down_proj,4864,0,0.5,2,0.7095776148418993,0.75,0.8383104593675972,0.4096245418069567
Qwen2.5-0.5B,19,model.layers.19.mlp.down_proj,4864,0,0.5,3,0.8210913312693499,0.875,0.8562435500515996,0.4096245418069567
Qwen2.5-0.5B,19,model.layers.19.mlp.down_proj,4864,0,0.5,4,0.8852404256281667,0.9375,0.8805495442929525,0.4096245418069567
Qwen2.5-0.5B,19,model.layers.19.mlp.down_proj,4864,0,0.5,6,0.9479495127426555,0.984375,0.9247989940493533,0.4096245418069567
Qwen2.5-0.5B,19,model.layers.19.mlp.down_proj,4864,0,0.5,8,0.9740892880406461,0.99609375,0.9556445491213024,0.4096245418069567
Qwen2.5-0.5B,20,model.layers.20.mlp.down_proj,4864,0,0.1,1,0.0999177631578947,0.09999999999999998,-82236.84210530158,0.2959530784371687
Qwen2.5-0.5B,20,model.layers.20.mlp.down_proj,4864,0,0.1,2,0.15440087805129263,0.18999999999999995,0.6044542005699184,0.2959530784371687
Qwen2.5-0.5B,20,model.layers.20.mlp.down_proj,4864,0,0.1,3,0.1946030056759546,0.2709999999999999,0.5532339513213722,0.2959530784371687
Qwen2.5-0.5B,20,model.layers.20.mlp.down_proj,4864,0,0.1,4,0.22720391505532006,0.3439,0.5215412671394837,0.2959530784371687
Qwen2.5-0.5B,20,model.layers.20.mlp.down_proj,4864,0,0.1,6,0.27924476733624004,0.46855899999999995,0.48633941196996966,0.2959530784371687
Qwen2.5-0.5B,20,model.layers.20.mlp.down_proj,4864,0,0.1,8,0.32124031070870246,0.5695327899999999,0.4711924607197348,0.2959530784371687
Qwen2.5-0.5B,20,model.layers.20.mlp.down_proj,4864,0,0.2,1,0.1998355263157894,0.19999999999999996,-164473.68421060315,0.30159899884466695
Qwen2.5-0.5B,20,model.layers.20.mlp.down_proj,4864,0,0.2,2,0.30731392908641464,0.3599999999999999,0.6707120567900919,0.30159899884466695
Qwen2.5-0.5B,20,model.layers.20.mlp.down_proj,4864,0,0.2,3,0.38506272574819406,0.4879999999999999,0.6425789088478963,0.30159899884466695
Qwen2.5-0.5B,20,model.layers.20.mlp.down_proj,4864,0,0.2,4,0.4463109748216317,0.5903999999999999,0.6309195051783599,0.30159899884466695
Qwen2.5-0.5B,20,model.layers.20.mlp.down_proj,4864,0,0.2,6,0.5394307004567632,0.7378559999999998,0.6310809965060598,0.30159899884466695
Qwen2.5-0.5B,20,model.layers.20.mlp.down_proj,4864,0,0.2,8,0.6088697726680563,0.8322278399999999,0.6467126988081644,0.30159899884466695
Qwen2.5-0.5B,20,model.layers.20.mlp.down_proj,4864,0,0.3,1,0.29995888157894735,0.30000000000000004,-41118.42105264385,0.32928522162624657
Qwen2.5-0.5B,20,model.layers.20.mlp.down_proj,4864,0,0.3,2,0.45157601838500355,0.51,0.7217905637381121,0.32928522162624657
Qwen2.5-0.5B,20,model.layers.20.mlp.down_proj,4864,0,0.3,3,0.5544948077915376,0.657,0.7128706100603294,0.32928522162624657
Qwen2.5-0.5B,20,model.layers.20.mlp.down_proj,4864,0,0.3,4,0.6298025346396443,0.7599,0.7171179270268413,0.32928522162624657
Qwen2.5-0.5B,20,model.layers.20.mlp.down_proj,4864,0,0.3,6,0.7335639857780545,0.882351,0.7445062956499678,0.32928522162624657
Qwen2.5-0.5B,20,model.layers.20.mlp.down_proj,4864,0,0.3,8,0.8012563509640437,0.94235199,0.7803452916274825,0.32928522162624657
Qwen2.5-0.5B,20,model.layers.20.mlp.down_proj,4864,0,0.5,1,0.5,0.5,0.0,0.42871294968509777
Qwen2.5-0.5B,20,model.layers.20.mlp.down_proj,4864,0,0.5,2,0.7001159523380368,0.75,0.8004638093521472,0.42871294968509777
Qwen2.5-0.5B,20,model.layers.20.mlp.down_proj,4864,0,0.5,3,0.8078520059339523,0.875,0.8209386824905396,0.42871294968509777
Qwen2.5-0.5B,20,model.layers.20.mlp.down_proj,4864,0,0.5,4,0.8707322471822976,0.9375,0.8473879935595373,0.42871294968509777
Qwen2.5-0.5B,20,model.layers.20.mlp.down_proj,4864,0,0.5,6,0.9357461817450432,0.984375,0.8996050203768634,0.42871294968509777
Qwen2.5-0.5B,20,model.layers.20.mlp.down_proj,4864,0,0.5,8,0.9650114805888484,0.99609375,0.9373459766200409,0.42871294968509777
Qwen2.5-0.5B,21,model.layers.21.mlp.down_proj,4864,0,0.1,1,0.0999177631578947,0.09999999999999998,-82236.84210530158,0.25763435061268064
Qwen2.5-0.5B,21,model.layers.21.mlp.down_proj,4864,0,0.1,2,0.15911863348439595,0.18999999999999995,0.6568737053821776,0.25763435061268064
Qwen2.5-0.5B,21,model.layers.21.mlp.down_proj,4864,0,0.1,3,0.20488019220846232,0.2709999999999999,0.613334457359429,0.25763435061268064
Qwen2.5-0.5B,21,model.layers.21.mlp.down_proj,4864,0,0.1,4,0.2429311052373074,0.3439,0.5860233917068775,0.25763435061268064
Qwen2.5-0.5B,21,model.layers.21.mlp.down_proj,4864,0,0.1,6,0.3049600007785736,0.46855899999999995,0.5561117779746896,0.25763435061268064
Qwen2.5-0.5B,21,model.layers.21.mlp.down_proj,4864,0,0.1,8,0.3553356240229286,0.5695327899999999,0.5438078648840025,0.25763435061268064
Qwen2.5-0.5B,21,model.layers.21.mlp.down_proj,4864,0,0.2,1,0.1998355263157894,0.19999999999999996,-164473.68421060315,0.26845043948342584
Qwen2.5-0.5B,21,model.layers.21.mlp.down_proj,4864,0,0.2,2,0.3153762778092491,0.3599999999999999,0.7211017363078074,0.26845043948342584
Qwen2.5-0.5B,21,model.layers.21.mlp.down_proj,4864,0,0.2,3,0.4006703915118679,0.4879999999999999,0.6967721927495416,0.26845043948342584
Qwen2.5-0.5B,21,model.layers.21.mlp.down_proj,4864,0,0.2,4,0.46773617645538207,0.5903999999999999,0.6857996323139911,0.26845043948342584
Qwen2.5-0.5B,21,model.layers.21.mlp.down_proj,4864,0,0.2,6,0.56928697251635,0.7378559999999998,0.6865907836230329,0.26845043948342584
Qwen2.5-0.5B,21,model.layers.21.mlp.down_proj,4864,0,0.2,8,0.6436726485148515,0.8322278399999999,0.7017606951868042,0.26845043948342584
Qwen2.5-0.5B,21,model.layers.21.mlp.down_proj,4864,0,0.3,1,0.29995888157894735,0.30000000000000004,-41118.42105264385,0.30646377978575373
Qwen2.5-0.5B,21,model.layers.21.mlp.down_proj,4864,0,0.3,2,0.4595462328767123,0.51,0.7597439660795824,0.30646377978575373
Qwen2.5-0.5B,21,model.layers.21.mlp.down_proj,4864,0,0.3,3,0.5678195949432404,0.657,0.7501949438186005,0.30646377978575373
Qwen2.5-0.5B,21,model.layers.21.mlp.down_proj,4864,0,0.3,4,0.6464966943697653,0.7599,0.7534174698190157,0.30646377978575373
Qwen2.5-0.5B,21,model.layers.21.mlp.down_proj,4864,0,0.3,6,0.7533742246704038,0.882351,0.7785239909786431,0.30646377978575373
Qwen2.5-0.5B,21,model.layers.21.mlp.down_proj,4864,0,0.3,8,0.821565594059406,0.94235199,0.8119622919816998,0.30646377978575373
Qwen2.5-0.5B,21,model.layers.21.mlp.down_proj,4864,0,0.5,1,0.5,0.5,0.0,0.418717357767152
Qwen2.5-0.5B,21,model.layers.21.mlp.down_proj,4864,0,0.5,2,0.7051177547893708,0.75,0.8204710191574831,0.418717357767152
Qwen2.5-0.5B,21,model.layers.21.mlp.down_proj,4864,0,0.5,3,0.8143204979360166,0.875,0.8381879944960442,0.418717357767152
Qwen2.5-0.5B,21,model.layers.21.mlp.down_proj,4864,0,0.5,4,0.8774978027091305,0.9375,0.8628521204780125,0.418717357767152
Qwen2.5-0.5B,21,model.layers.21.mlp.down_proj,4864,0,0.5,6,0.9412205277431746,0.984375,0.9109068959859088,0.418717357767152
Qwen2.5-0.5B,21,model.layers.21.mlp.down_proj,4864,0,0.5,8,0.9691355360865033,0.99609375,0.9456590333712191,0.418717357767152
Qwen2.5-0.5B,22,model.layers.22.mlp.down_proj,4864,0,0.1,1,0.0999177631578947,0.09999999999999998,-82236.84210530158,0.3359007390208709
Qwen2.5-0.5B,22,model.layers.22.mlp.down_proj,4864,0,0.1,2,0.14985491876094345,0.18999999999999995,0.5539435417882609,0.3359007390208709
Qwen2.5-0.5B,22,model.layers.22.mlp.down_proj,4864,0,0.1,3,0.18619146671826625,0.2709999999999999,0.5040436650191011,0.3359007390208709
Qwen2.5-0.5B,22,model.layers.22.mlp.down_proj,4864,0,0.1,4,0.21554252080963707,0.3439,0.4737290726102381,0.3359007390208709
Qwen2.5-0.5B,22,model.layers.22.mlp.down_proj,4864,0,0.1,6,0.262446635264196,0.46855899999999995,0.44076154771473763,0.3359007390208709
Qwen2.5-0.5B,22,model.layers.22.mlp.down_proj,4864,0,0.1,8,0.30000936360083374,0.5695327899999999,0.42597528407086066,0.3359007390208709
Qwen2.5-0.5B,22,model.layers.22.mlp.down_proj,4864,0,0.2,1,0.1998355263157894,0.19999999999999996,-164473.68421060315,0.31076763488044734
Qwen2.5-0.5B,22,model.layers.22.mlp.down_proj,4864,0,0.2,2,0.3052274307343702,0.3599999999999999,0.6576714420898142,0.31076763488044734
Qwen2.5-0.5B,22,model.layers.22.mlp.down_proj,4864,0,0.2,3,0.3814201173890609,0.4879999999999999,0.6299309631564617,0.31076763488044734
Qwen2.5-0.5B,22,model.layers.22.mlp.down_proj,4864,0,0.2,4,0.4416558687054079,0.5903999999999999,0.6189955653314753,0.31076763488044734
Qwen2.5-0.5B,22,model.layers.22.mlp.down_proj,4864,0,0.2,6,0.5336534406467351,0.7378559999999998,0.620339720383774,0.31076763488044734
Qwen2.5-0.5B,22,model.layers.22.mlp.down_proj,4864,0,0.2,8,0.6021491499478895,0.8322278399999999,0.6360826343045721,0.31076763488044734
Qwen2.5-0.5B,22,model.layers.22.mlp.down_proj,4864,0,0.3,1,0.29995888157894735,0.30000000000000004,-41118.42105264385,0.33146443280477117
Qwen2.5-0.5B,22,model.layers.22.mlp.down_proj,4864,0,0.3,2,0.45091297378720774,0.51,0.718633208510513,0.33146443280477117
Qwen2.5-0.5B,22,model.layers.22.mlp.down_proj,4864,0,0.3,3,0.5530552599329206,0.657,0.7088382631174246,0.33146443280477117
Qwen2.5-0.5B,22,model.layers.22.mlp.down_proj,4864,0,0.3,4,0.6281165985937338,0.7599,0.7134520517367554,0.33146443280477117
Qwen2.5-0.5B,22,model.layers.22.mlp.down_proj,4864,0,0.3,6,0.7320169761496937,0.882351,0.7418498056149877,0.33146443280477117
Qwen2.5-0.5B,22,model.layers.22.mlp.down_proj,4864,0,0.3,8,0.8002296117769672,0.94235199,0.7787468857642474,0.33146443280477117
Qwen2.5-0.5B,22,model.layers.22.mlp.down_proj,4864,0,0.5,1,0.5,0.5,0.0,0.4295621649481427
Qwen2.5-0.5B,22,model.layers.22.mlp.down_proj,4864,0,0.5,2,0.6997707507209805,0.75,0.799083002883922,0.4295621649481427
Qwen2.5-0.5B,22,model.layers.22.mlp.down_proj,4864,0,0.5,3,0.8075545020639835,0.875,0.8201453388372894,0.4295621649481427
Qwen2.5-0.5B,22,model.layers.22.mlp.down_proj,4864,0,0.5,4,0.871190689303071,0.9375,0.8484358612641623,0.4295621649481427
Qwen2.5-0.5B,22,model.layers.22.mlp.down_proj,4864,0,0.5,6,0.9370515091352642,0.984375,0.9022998898276423,0.4295621649481427
Qwen2.5-0.5B,22,model.layers.22.mlp.down_proj,4864,0,0.5,8,0.9672335037780094,0.99609375,0.9418250154895308,0.4295621649481427
Qwen2.5-0.5B,23,model.layers.23.mlp.down_proj,4864,0,0.1,1,0.0999177631578947,0.09999999999999998,-82236.84210530158,0.43502235182103
Qwen2.5-0.5B,23,model.layers.23.mlp.down_proj,4864,0,0.1,2,0.1395065145741065,0.18999999999999995,0.4389612730456281,0.43502235182103
Qwen2.5-0.5B,23,model.layers.23.mlp.down_proj,4864,0,0.1,3,0.16664852618679052,0.2709999999999999,0.3897574630806465,0.43502235182103
Qwen2.5-0.5B,23,model.layers.23.mlp.down_proj,4864,0,0.1,4,0.1877819318064316,0.3439,0.3599095195015646,0.43502235182103
Qwen2.5-0.5B,23,model.layers.23.mlp.down_proj,4864,0,0.1,6,0.21988217585383577,0.46855899999999995,0.32527268593043657,0.43502235182103
Qwen2.5-0.5B,23,model.layers.23.mlp.down_proj,4864,0,0.1,8,0.24482518564356437,0.5695327899999999,0.3084453071819849,0.43502235182103
Qwen2.5-0.5B,23,model.layers.23.mlp.down_proj,4864,0,0.2,1,0.1998355263157894,0.19999999999999996,-164473.68421060315,0.38434758116596024
Qwen2.5-0.5B,23,model.layers.23.mlp.down_proj,4864,0,0.2,2,0.2891445759089505,0.3599999999999999,0.5571535994309409,0.38434758116596024
Qwen2.5-0.5B,23,model.layers.23.mlp.down_proj,4864,0,0.2,3,0.35250257997936013,0.4879999999999999,0.5295228471505562,0.38434758116596024
Qwen2.5-0.5B,23,model.layers.23.mlp.down_proj,4864,0,0.2,4,0.4021288678781925,0.5903999999999999,0.5177481246879932,0.38434758116596024
Qwen2.5-0.5B,23,model.layers.23.mlp.down_proj,4864,0,0.2,6,0.4772721374442022,0.7378559999999998,0.5155137015189981,0.38434758116596024
Qwen2.5-0.5B,23,model.layers.23.mlp.down_proj,4864,0,0.2,8,0.5343725573215217,0.8322278399999999,0.5288798375622334,0.38434758116596024
Qwen2.5-0.5B,23,model.layers.23.mlp.down_proj,4864,0,0.3,1,0.29995888157894735,0.30000000000000004,-41118.42105264385,0.3848254026237579
Qwen2.5-0.5B,23,model.layers.23.mlp.down_proj,4864,0,0.3,2,0.4337546831548048,0.51,0.6369270626419277,0.3848254026237579
Qwen2.5-0.5B,23,model.layers.23.mlp.down_proj,4864,0,0.3,3,0.5243775799793602,0.657,0.6285086273931657,0.3848254026237579
Qwen2.5-0.5B,23,model.layers.23.mlp.down_proj,4864,0,0.3,4,0.5917510307879227,0.7599,0.6343792798171835,0.3848254026237579
Qwen2.5-0.5B,23,model.layers.23.mlp.down_proj,4864,0,0.3,6,0.6868779520917678,0.882351,0.6643380917896042,0.3848254026237579
Qwen2.5-0.5B,23,model.layers.23.mlp.down_proj,4864,0,0.3,8,0.7526612982021886,0.94235199,0.7046935406897215,0.3848254026237579
Qwen2.5-0.5B,23,model.layers.23.mlp.down_proj,4864,0,0.5,1,0.5,0.5,0.0,0.45369246541638353
Qwen2.5-0.5B,23,model.layers.23.mlp.down_proj,4864,0,0.5,2,0.6883066774384592,0.75,0.7532267097538368,0.45369246541638353
Qwen2.5-0.5B,23,model.layers.23.mlp.down_proj,4864,0,0.5,3,0.7925559533023736,0.875,0.7801492088063297,0.45369246541638353
Qwen2.5-0.5B,23,model.layers.23.mlp.down_proj,4864,0,0.5,4,0.8562018534794746,0.9375,0.8141756650959421,0.45369246541638353
Qwen2.5-0.5B,23,model.layers.23.mlp.down_proj,4864,0,0.5,6,0.9245270165057614,0.984375,0.8764428727860881,0.45369246541638353
Qwen2.5-0.5B,23,model.layers.23.mlp.down_proj,4864,0,0.5,8,0.9573907308494007,0.99609375,0.9219844653342251,0.45369246541638353
Qwen2.5-0.5B,0,model.layers.0.mlp.down_proj,4864,1,0.1,1,0.0999177631578947,0.09999999999999998,-82236.84210530158,0.10081186503498966
Qwen2.5-0.5B,0,model.layers.0.mlp.down_proj,4864,1,0.1,2,0.1816645638067772,0.18999999999999995,0.907384042297525,0.10081186503498966
Qwen2.5-0.5B,0,model.layers.0.mlp.down_proj,4864,1,0.1,3,0.25186000386996904,0.2709999999999999,0.8880701980699949,0.10081186503498966
Qwen2.5-0.5B,0,model.layers.0.mlp.down_proj,4864,1,0.1,4,0.31324118175473065,0.3439,0.8742975881702774,0.10081186503498966
Qwen2.5-0.5B,0,model.layers.0.mlp.down_proj,4864,1,0.1,6,0.4140596614502232,0.46855899999999995,0.8521285912166662,0.10081186503498966
Qwen2.5-0.5B,0,model.layers.0.mlp.down_proj,4864,1,0.1,8,0.4947975019541428,0.5695327899999999,0.8408305242199225,0.10081186503498966
Qwen2.5-0.5B,0,model.layers.0.mlp.down_proj,4864,1,0.2,1,0.1998355263157894,0.19999999999999996,-164473.68421060315,0.1528655505740424
Qwen2.5-0.5B,0,model.layers.0.mlp.down_proj,4864,1,0.2,2,0.34684514689978374,0.3599999999999999,0.9177821681236491,0.1528655505740424
Qwen2.5-0.5B,0,model.layers.0.mlp.down_proj,4864,1,0.2,3,0.4607722200722394,0.4879999999999999,0.9054590974730539,0.1528655505740424
Qwen2.5-0.5B,0,model.layers.0.mlp.down_proj,4864,1,0.2,4,0.5508709188553408,0.5903999999999999,0.8987472306745411,0.1528655505740424
Qwen2.5-0.5B,0,model.layers.0.mlp.down_proj,4864,1,0.2,6,0.6795808516298141,0.7378559999999998,0.8916528803802768,0.1528655505740424
Qwen2.5-0.5B,0,model.layers.0.mlp.down_proj,4864,1,0.2,8,0.7664013646430432,0.8322278399999999,0.8958817198607442,0.1528655505740424
Qwen2.5-0.5B,0,model.layers.0.mlp.down_proj,4864,1,0.3,1,0.29995888157894735,0.30000000000000004,-41118.42105264385,0.2140964598627771
Qwen2.5-0.5B,0,model.layers.0.mlp.down_proj,4864,1,0.3,2,0.49428566600576784,0.51,0.9251698381227039,0.2140964598627771
Qwen2.5-0.5B,0,model.layers.0.mlp.down_proj,4864,1,0.3,3,0.6280101102941177,0.657,0.9187958271543912,0.2140964598627771
Qwen2.5-0.5B,0,model.layers.0.mlp.down_proj,4864,1,0.3,4,0.7221558008478958,0.7599,0.917929551745805,0.2140964598627771
Qwen2.5-0.5B,0,model.layers.0.mlp.down_proj,4864,1,0.3,6,0.8385477492733313,0.882351,0.9247820460054695,0.2140964598627771
Qwen2.5-0.5B,0,model.layers.0.mlp.down_proj,4864,1,0.3,8,0.9025672550807713,0.94235199,0.938063965647201,0.2140964598627771
Qwen2.5-0.5B,0,model.layers.0.mlp.down_proj,4864,1,0.5,1,0.5,0.5,0.0,0.35932913314162
Qwen2.5-0.5B,0,model.layers.0.mlp.down_proj,4864,1,0.5,2,0.7357537948037902,0.75,0.9430151792151609,0.35932913314162
Qwen2.5-0.5B,0,model.layers.0.mlp.down_proj,4864,1,0.5,3,0.8555110777863778,0.875,0.9480295407636742,0.35932913314162
Qwen2.5-0.5B,0,model.layers.0.mlp.down_proj,4864,1,0.5,4,0.9190758776238238,0.9375,0.9578877202830258,0.35932913314162
Qwen2.5-0.5B,0,model.layers.0.mlp.down_proj,4864,1,0.5,6,0.9727827682186234,0.984375,0.9760676505158677,0.35932913314162
Qwen2.5-0.5B,0,model.layers.0.mlp.down_proj,4864,1,0.5,8,0.9905187434861907,0.99609375,0.9887621915942112,0.35932913314162
Qwen2.5-0.5B,1,model.layers.1.mlp.down_proj,4864,1,0.1,1,0.0999177631578947,0.09999999999999998,-82236.84210530158,0.09173928468912573
Qwen2.5-0.5B,1,model.layers.1.mlp.down_proj,4864,1,0.1,2,0.18309807588320112,0.18999999999999995,0.9233119542577908,0.09173928468912573
Qwen2.5-0.5B,1,model.layers.1.mlp.down_proj,4864,1,0.1,3,0.2565350070949432,0.2709999999999999,0.9154093982160426,0.09173928468912573
Qwen2.5-0.5B,1,model.layers.1.mlp.down_proj,4864,1,0.1,4,0.3211546601954296,0.3439,0.9067431742330038,0.09173928468912573
Qwen2.5-0.5B,1,model.layers.1.mlp.down_proj,4864,1,0.1,6,0.4302746742966884,0.46855899999999995,0.8961242956940095,0.09173928468912573
Qwen2.5-0.5B,1,model.layers.1.mlp.down_proj,4864,1,0.1,8,0.5186465932777489,0.5695327899999999,0.8916237634388622,0.09173928468912573
Qwen2.5-0.5B,1,model.layers.1.mlp.down_proj,4864,1,0.2,1,0.1998355263157894,0.19999999999999996,-164473.68421060315,0.1431821395918114
Qwen2.5-0.5B,1,model.layers.1.mlp.down_proj,4864,1,0.2,2,0.3497089523895355,0.3599999999999999,0.9356809524345975,0.1431821395918114
Qwen2.5-0.5B,1,model.layers.1.mlp.down_proj,4864,1,0.2,3,0.46791070046439626,0.4879999999999999,0.9302454877235985,0.1431821395918114
Qwen2.5-0.5B,1,model.layers.1.mlp.down_proj,4864,1,0.2,4,0.5620758905490643,0.5903999999999999,0.927448490135923,0.1431821395918114
Qwen2.5-0.5B,1,model.layers.1.mlp.down_proj,4864,1,0.2,6,0.6981867344025746,0.7378559999999998,0.9262455646168765,0.1431821395918114
Qwen2.5-0.5B,1,model.layers.1.mlp.down_proj,4864,1,0.2,8,0.7885690789473684,0.8322278399999999,0.9309445767958723,0.1431821395918114
Qwen2.5-0.5B,1,model.layers.1.mlp.down_proj,4864,1,0.3,1,0.29995888157894735,0.30000000000000004,-41118.42105264385,0.20459380056883525
Qwen2.5-0.5B,1,model.layers.1.mlp.down_proj,4864,1,0.3,2,0.4981038051035122,0.51,0.9433514528738677,0.20459380056883525
Qwen2.5-0.5B,1,model.layers.1.mlp.down_proj,4864,1,0.3,3,0.6357899574303406,0.657,0.9405881160513742,0.20459380056883525
Qwen2.5-0.5B,1,model.layers.1.mlp.down_proj,4864,1,0.3,4,0.7330331984799918,0.7599,0.9415812100021566,0.20459380056883525
Qwen2.5-0.5B,1,model.layers.1.mlp.down_proj,4864,1,0.3,6,0.851976522760303,0.882351,0.9478416328988926,0.20459380056883525
Qwen2.5-0.5B,1,model.layers.1.mlp.down_proj,4864,1,0.3,8,0.9153188509640438,0.94235199,0.9579153805751324,0.20459380056883525
Qwen2.5-0.5B,1,model.layers.1.mlp.down_proj,4864,1,0.5,1,0.5,0.5,0.0,0.35649588236741636
Qwen2.5-0.5B,1,model.layers.1.mlp.down_proj,4864,1,0.5,2,0.7372375984910908,0.75,0.9489503939643633,0.35649588236741636
Qwen2.5-0.5B,1,model.layers.1.mlp.down_proj,4864,1,0.5,3,0.858719523993808,0.875,0.9565853973168214,0.35649588236741636
Qwen2.5-0.5B,1,model.layers.1.mlp.down_proj,4864,1,0.5,4,0.9223556573777272,0.9375,0.9653843597205193,0.35649588236741636
Qwen2.5-0.5B,1,model.layers.1.mlp.down_proj,4864,1,0.5,6,0.9751849923440257,0.984375,0.981027080968311,0.35649588236741636
Qwen2.5-0.5B,1,model.layers.1.mlp.down_proj,4864,1,0.5,8,0.9914221274101094,0.99609375,0.9905831859605354,0.35649588236741636
Qwen2.5-0.5B,2,model.layers.2.mlp.down_proj,4864,1,0.1,1,0.0999177631578947,0.09999999999999998,-82236.84210530158,0.08815786880280883
Qwen2.5-0.5B,2,model.layers.2.mlp.down_proj,4864,1,0.1,2,0.18369875888351014,0.18999999999999995,0.9299862098167799,0.08815786880280883
Qwen2.5-0.5B,2,model.layers.2.mlp.down_proj,4864,1,0.1,3,0.2575367647058823,0.2709999999999999,0.9212676298589615,0.08815786880280883
Qwen2.5-0.5B,2,model.layers.2.mlp.down_proj,4864,1,0.1,4,0.32244799206390234,0.3439,0.9120458879208789,0.08815786880280883
Qwen2.5-0.5B,2,model.layers.2.mlp.down_proj,4864,1,0.1,6,0.43202930356586733,0.46855899999999995,0.9008850782801868,0.08815786880280883
Qwen2.5-0.5B,2,model.layers.2.mlp.down_proj,4864,1,0.1,8,0.5215456455184991,0.5695327899999999,0.8977980973778193,0.08815786880280883
Qwen2.5-0.5B,2,model.layers.2.mlp.down_proj,4864,1,0.2,1,0.1998355263157894,0.19999999999999996,-164473.68421060315,0.14025111227139972
Qwen2.5-0.5B,2,model.layers.2.mlp.down_proj,4864,1,0.2,2,0.35059368240807504,0.3599999999999999,0.9412105150504697,0.14025111227139972
Qwen2.5-0.5B,2,model.layers.2.mlp.down_proj,4864,1,0.2,3,0.47001459300825593,0.4879999999999999,0.9375506701675557,0.14025111227139972
Qwen2.5-0.5B,2,model.layers.2.mlp.down_proj,4864,1,0.2,4,0.5644759461275979,0.5903999999999999,0.9335961734825767,0.14025111227139972
Qwen2.5-0.5B,2,model.layers.2.mlp.down_proj,4864,1,0.2,6,0.7010459650420431,0.7378559999999998,0.9315615425728137,0.14025111227139972
Qwen2.5-0.5B,2,model.layers.2.mlp.down_proj,4864,1,0.2,8,0.7918699517978113,0.8322278399999999,0.9361655946657005,0.14025111227139972
Qwen2.5-0.5B,2,model.layers.2.mlp.down_proj,4864,1,0.3,1,0.29995888157894735,0.30000000000000004,-41118.42105264385,0.2014736771190574
Qwen2.5-0.5B,2,model.layers.2.mlp.down_proj,4864,1,0.3,2,0.49938322368421056,0.51,0.9494439223057646,0.2014736771190574
Qwen2.5-0.5B,2,model.layers.2.mlp.down_proj,4864,1,0.3,3,0.6382893124355005,0.657,0.9475891104635866,0.2014736771190574
Qwen2.5-0.5B,2,model.layers.2.mlp.down_proj,4864,1,0.3,4,0.7360488186330265,0.7599,0.9481383314481985,0.2014736771190574
Qwen2.5-0.5B,2,model.layers.2.mlp.down_proj,4864,1,0.3,6,0.8557667977265649,0.882351,0.9543502075665105,0.2014736771190574
Qwen2.5-0.5B,2,model.layers.2.mlp.down_proj,4864,1,0.3,8,0.9193867248566961,0.94235199,0.9642481606645231,0.2014736771190574
Qwen2.5-0.5B,2,model.layers.2.mlp.down_proj,4864,1,0.5,1,0.5,0.5,0.0,0.3526330917822387
Qwen2.5-0.5B,2,model.layers.2.mlp.down_proj,4864,1,0.5,2,0.739347432150582,0.75,0.9573897286023278,0.3526330917822387
Qwen2.5-0.5B,2,model.layers.2.mlp.down_proj,4864,1,0.5,3,0.8601804373065015,0.875,0.9604811661506707,0.3526330917822387
Qwen2.5-0.5B,2,model.layers.2.mlp.down_proj,4864,1,0.5,4,0.9237560263933409,0.9375,0.9685852031847791,0.3526330917822387
Qwen2.5-0.5B,2,model.layers.2.mlp.down_proj,4864,1,0.5,6,0.9764542296013702,0.984375,0.9836474417576675,0.3526330917822387
Qwen2.5-0.5B,2,model.layers.2.mlp.down_proj,4864,1,0.5,8,0.992495277488275,0.99609375,0.9927463861180977,0.3526330917822387
Qwen2.5-0.5B,3,model.layers.3.mlp.down_proj,4864,1,0.1,1,0.0999177631578947,0.09999999999999998,-82236.84210530158,0.09902581839050764
Qwen2.5-0.5B,3,model.layers.3.mlp.down_proj,4864,1,0.1,2,0.1818946982181481,0.18999999999999995,0.9099410913127572,0.09902581839050764
Qwen2.5-0.5B,3,model.layers.3.mlp.down_proj,4864,1,0.1,3,0.25347289409184726,0.2709999999999999,0.8975023046306861,0.09902581839050764
Qwen2.5-0.5B,3,model.layers.3.mlp.down_proj,4864,1,0.1,4,0.3167277653551856,0.3439,0.8885927238834999,0.09902581839050764
Qwen2.5-0.5B,3,model.layers.3.mlp.down_proj,4864,1,0.1,6,0.4235266304629918,0.46855899999999995,0.8778150322281963,0.09902581839050764
Qwen2.5-0.5B,3,model.layers.3.mlp.down_proj,4864,1,0.1,8,0.5105698768890047,0.5695327899999999,0.8744221609932817,0.09902581839050764
Qwen2.5-0.5B,3,model.layers.3.mlp.down_proj,4864,1,0.2,1,0.1998355263157894,0.19999999999999996,-164473.68421060315,0.15024441275508021
Qwen2.5-0.5B,3,model.layers.3.mlp.down_proj,4864,1,0.2,2,0.3475476201205068,0.3599999999999999,0.922172625753168,0.15024441275508021
Qwen2.5-0.5B,3,model.layers.3.mlp.down_proj,4864,1,0.2,3,0.46395365712074305,0.4879999999999999,0.9165057538914693,0.15024441275508021
Qwen2.5-0.5B,3,model.layers.3.mlp.down_proj,4864,1,0.2,4,0.5571509700392927,0.5903999999999999,0.9148334273547458,0.15024441275508021
Qwen2.5-0.5B,3,model.layers.3.mlp.down_proj,4864,1,0.2,6,0.6931223560936365,0.7378559999999998,0.9168297018042684,0.15024441275508021
Qwen2.5-0.5B,3,model.layers.3.mlp.down_proj,4864,1,0.2,8,0.7845048690724336,0.8322278399999999,0.9245161824452931,0.15024441275508021
Qwen2.5-0.5B,3,model.layers.3.mlp.down_proj,4864,1,0.3,1,0.29995888157894735,0.30000000000000004,-41118.42105264385,0.20865437367824832
Qwen2.5-0.5B,3,model.layers.3.mlp.down_proj,4864,1,0.3,2,0.49642728396333297,0.51,0.9353680188730141,0.20865437367824832
Qwen2.5-0.5B,3,model.layers.3.mlp.down_proj,4864,1,0.3,3,0.6334703947368421,0.657,0.9340907415597817,0.20865437367824832
Qwen2.5-0.5B,3,model.layers.3.mlp.down_proj,4864,1,0.3,4,0.7307967279753904,0.7599,0.9367182604379004,0.20865437367824832
Qwen2.5-0.5B,3,model.layers.3.mlp.down_proj,4864,1,0.3,6,0.8512745899512093,0.882351,0.9466362897139512,0.20865437367824832
Qwen2.5-0.5B,3,model.layers.3.mlp.down_proj,4864,1,0.3,8,0.9156498338978635,0.94235199,0.958430647810188,0.20865437367824832
Qwen2.5-0.5B,3,model.layers.3.mlp.down_proj,4864,1,0.5,1,0.5,0.5,0.0,0.35756132918457145
Qwen2.5-0.5B,3,model.layers.3.mlp.down_proj,4864,1,0.5,2,0.7366582391337935,0.75,0.9466329565351739,0.35756132918457145
Qwen2.5-0.5B,3,model.layers.3.mlp.down_proj,4864,1,0.5,3,0.8580064015737874,0.875,0.9546837375300997,0.35756132918457145
Qwen2.5-0.5B,3,model.layers.3.mlp.down_proj,4864,1,0.5,4,0.9219056974459725,0.9375,0.9643558798765086,0.35756132918457145
Qwen2.5-0.5B,3,model.layers.3.mlp.down_proj,4864,1,0.5,6,0.9751038909218313,0.984375,0.9808596457741032,0.35756132918457145
Qwen2.5-0.5B,3,model.layers.3.mlp.down_proj,4864,1,0.5,8,0.9914286412193851,0.99609375,0.9905963161587605,0.35756132918457145
Qwen2.5-0.5B,4,model.layers.4.mlp.down_proj,4864,1,0.1,1,0.0999177631578947,0.09999999999999998,-82236.84210530158,0.12623549356981667
Qwen2.5-0.5B,4,model.layers.4.mlp.down_proj,4864,1,0.1,2,0.17760864597280873,0.18999999999999995,0.8623182885867642,0.12623549356981667
Qwen2.5-0.5B,4,model.layers.4.mlp.down_proj,4864,1,0.1,3,0.24467677696078433,0.2709999999999999,0.8460630231624819,0.12623549356981667
Qwen2.5-0.5B,4,model.layers.4.mlp.down_proj,4864,1,0.1,4,0.30326249224485574,0.3439,0.8333845520494291,0.12623549356981667
Qwen2.5-0.5B,4,model.layers.4.mlp.down_proj,4864,1,0.1,6,0.40125171935015047,0.46855899999999995,0.8173771888629786,0.12623549356981667
Qwen2.5-0.5B,4,model.layers.4.mlp.down_proj,4864,1,0.1,8,0.4819559340802501,0.5695327899999999,0.8134808520620044,0.12623549356981667
Qwen2.5-0.5B,4,model.layers.4.mlp.down_proj,4864,1,0.2,1,0.1998355263157894,0.19999999999999996,-164473.68421060315,0.17244131572601235
Qwen2.5-0.5B,4,model.layers.4.mlp.down_proj,4864,1,0.2,2,0.3411654135338346,0.3599999999999999,0.882283834586467,0.17244131572601235
Qwen2.5-0.5B,4,model.layers.4.mlp.down_proj,4864,1,0.2,3,0.4522421633126935,0.4879999999999999,0.8758408448357418,0.17244131572601235
Qwen2.5-0.5B,4,model.layers.4.mlp.down_proj,4864,1,0.2,4,0.5406749237410816,0.5903999999999999,0.8726304399105576,0.17244131572601235
Qwen2.5-0.5B,4,model.layers.4.mlp.down_proj,4864,1,0.2,6,0.6709394950949861,0.7378559999999998,0.8755865791122274,0.17244131572601235
Qwen2.5-0.5B,4,model.layers.4.mlp.down_proj,4864,1,0.2,8,0.7599767131318396,0.8322278399999999,0.885719795464622,0.17244131572601235
Qwen2.5-0.5B,4,model.layers.4.mlp.down_proj,4864,1,0.3,1,0.29995888157894735,0.30000000000000004,-41118.42105264385,0.23089577695408456
Qwen2.5-0.5B,4,model.layers.4.mlp.down_proj,4864,1,0.3,2,0.4876934416520754,0.51,0.8937782935813114,0.23089577695408456
Qwen2.5-0.5B,4,model.layers.4.mlp.down_proj,4864,1,0.3,3,0.6189914699432405,0.657,0.8935335292527744,0.23089577695408456
Qwen2.5-0.5B,4,model.layers.4.mlp.down_proj,4864,1,0.3,4,0.7126468630441527,0.7599,0.8972534530205538,0.23089577695408456
Qwen2.5-0.5B,4,model.layers.4.mlp.down_proj,4864,1,0.3,6,0.8309866636821343,0.882351,0.9117983203980662,0.23089577695408456
Qwen2.5-0.5B,4,model.layers.4.mlp.down_proj,4864,1,0.3,8,0.8977734985669621,0.94235199,0.9306011468368954,0.23089577695408456
Qwen2.5-0.5B,4,model.layers.4.mlp.down_proj,4864,1,0.5,1,0.5,0.5,0.0,0.3727103219383032
Qwen2.5-0.5B,4,model.layers.4.mlp.down_proj,4864,1,0.5,2,0.7286618730044289,0.75,0.9146474920177154,0.3727103219383032
Qwen2.5-0.5B,4,model.layers.4.mlp.down_proj,4864,1,0.5,3,0.8477231682146543,0.875,0.9272617819057448,0.3727103219383032
Qwen2.5-0.5B,4,model.layers.4.mlp.down_proj,4864,1,0.5,4,0.9119540701582051,0.9375,0.9416093032187545,0.3727103219383032
Qwen2.5-0.5B,4,model.layers.4.mlp.down_proj,4864,1,0.5,6,0.9679783199678189,0.984375,0.9661487896109809,0.3727103219383032
Qwen2.5-0.5B,4,model.layers.4.mlp.down_proj,4864,1,0.5,8,0.9871873371547681,0.99609375,0.9820469158395326,0.3727103219383032
Qwen2.5-0.5B,5,model.layers.5.mlp.down_proj,4864,1,0.1,1,0.0999177631578947,0.09999999999999998,-82236.84210530158,0.1357251325874804
Qwen2.5-0.5B,5,model.layers.5.mlp.down_proj,4864,1,0.1,2,0.17622703483880933,0.18999999999999995,0.8469670537645486,0.1357251325874804
Qwen2.5-0.5B,5,model.layers.5.mlp.down_proj,4864,1,0.1,3,0.24083623581011354,0.2709999999999999,0.8236037181877989,0.1357251325874804
Qwen2.5-0.5B,5,model.layers.5.mlp.down_proj,4864,1,0.1,4,0.2968875213266467,0.3439,0.8072469099083506,0.1357251325874804
Qwen2.5-0.5B,5,model.layers.5.mlp.down_proj,4864,1,0.1,6,0.39024341780857463,0.46855899999999995,0.7875086968669187,0.1357251325874804
Qwen2.5-0.5B,5,model.layers.5.mlp.down_proj,4864,1,0.1,8,0.4658029084158416,0.5695327899999999,0.7790785142307989,0.1357251325874804
Qwen2.5-0.5B,5,model.layers.5.mlp.down_proj,4864,1,0.2,1,0.1998355263157894,0.19999999999999996,-164473.68421060315,0.1863179781107354
Qwen2.5-0.5B,5,model.layers.5.mlp.down_proj,4864,1,0.2,2,0.33739072638788753,0.3599999999999999,0.8586920399242978,0.1863179781107354
Qwen2.5-0.5B,5,model.layers.5.mlp.down_proj,4864,1,0.2,3,0.4432158636480908,0.4879999999999999,0.8444995265558711,0.1863179781107354
Qwen2.5-0.5B,5,model.layers.5.mlp.down_proj,4864,1,0.2,4,0.5272561007134733,0.5903999999999999,0.8382584546963969,0.1863179781107354
Qwen2.5-0.5B,5,model.layers.5.mlp.down_proj,4864,1,0.2,6,0.6503259466157998,0.7378559999999998,0.8372611751394423,0.1863179781107354
Qwen2.5-0.5B,5,model.layers.5.mlp.down_proj,4864,1,0.2,8,0.7358198443199583,0.8322278399999999,0.8475106764041873,0.1863179781107354
Qwen2.5-0.5B,5,model.layers.5.mlp.down_proj,4864,1,0.3,1,0.29995888157894735,0.30000000000000004,-41118.42105264385,0.2441549572737762
Qwen2.5-0.5B,5,model.layers.5.mlp.down_proj,4864,1,0.3,2,0.4826996858584818,0.51,0.8699985040880084,0.2441549572737762
Qwen2.5-0.5B,5,model.layers.5.mlp.down_proj,4864,1,0.3,3,0.6085651283539733,0.657,0.864328090627376,0.2441549572737762
Qwen2.5-0.5B,5,model.layers.5.mlp.down_proj,4864,1,0.3,4,0.6989828643625272,0.7599,0.8675426491901005,0.2441549572737762
Qwen2.5-0.5B,5,model.layers.5.mlp.down_proj,4864,1,0.3,6,0.8133544034828195,0.882351,0.8815206009482587,0.2441549572737762
Qwen2.5-0.5B,5,model.layers.5.mlp.down_proj,4864,1,0.3,8,0.8787291558103179,0.94235199,0.9009533165925394,0.2441549572737762
Qwen2.5-0.5B,5,model.layers.5.mlp.down_proj,4864,1,0.5,1,0.5,0.5,0.0,0.38185447255690397
Qwen2.5-0.5B,5,model.layers.5.mlp.down_proj,4864,1,0.5,2,0.7239698668760943,0.75,0.8958794675043773,0.38185447255690397
Qwen2.5-0.5B,5,model.layers.5.mlp.down_proj,4864,1,0.5,3,0.8400436984004128,0.875,0.9067831957344342,0.38185447255690397
Qwen2.5-0.5B,5,model.layers.5.mlp.down_proj,4864,1,0.5,4,0.9035227742736014,0.9375,0.9223377697682318,0.38185447255690397
Qwen2.5-0.5B,5,model.layers.5.mlp.down_proj,4864,1,0.5,6,0.9600364631994188,0.984375,0.949752698218155,0.38185447255690397
Qwen2.5-0.5B,5,model.layers.5.mlp.down_proj,4864,1,0.5,8,0.9812101029181867,0.99609375,0.9699983176933527,0.38185447255690397
Qwen2.5-0.5B,6,model.layers.6.mlp.down_proj,4864,1,0.1,1,0.0999177631578947,0.09999999999999998,-82236.84210530158,0.151953887528178
Qwen2.5-0.5B,6,model.layers.6.mlp.down_proj,4864,1,0.1,2,0.17375992957565145,0.18999999999999995,0.8195547730627943,0.151953887528178
Qwen2.5-0.5B,6,model.layers.6.mlp.down_proj,4864,1,0.1,3,0.23585566627966978,0.2709999999999999,0.7944775805828647,0.151953887528178
Qwen2.5-0.5B,6,model.layers.6.mlp.down_proj,4864,1,0.1,4,0.2892656686226863,0.3439,0.7759970013230272,0.151953887528178
Qwen2.5-0.5B,6,model.layers.6.mlp.down_proj,4864,1,0.1,6,0.37815241228070173,0.46855899999999995,0.754702536854891,0.151953887528178
Qwen2.5-0.5B,6,model.layers.6.mlp.down_proj,4864,1,0.1,8,0.4505654800677436,0.5695327899999999,0.7466261942381993,0.151953887528178
Qwen2.5-0.5B,6,model.layers.6.mlp.down_proj,4864,1,0.2,1,0.1998355263157894,0.19999999999999996,-164473.68421060315,0.1992507079529608
Qwen2.5-0.5B,6,model.layers.6.mlp.down_proj,4864,1,0.2,2,0.3337540394221856,0.3599999999999999,0.8359627463886607,0.1992507079529608
Qwen2.5-0.5B,6,model.layers.6.mlp.down_proj,4864,1,0.2,3,0.4361753418472652,0.4879999999999999,0.8200532703030045,0.1992507079529608
Qwen2.5-0.5B,6,model.layers.6.mlp.down_proj,4864,1,0.2,4,0.5172507528952538,0.5903999999999999,0.8126300022931707,0.1992507079529608
Qwen2.5-0.5B,6,model.layers.6.mlp.down_proj,4864,1,0.2,6,0.6365196460085124,0.7378559999999998,0.811592035802357,0.1992507079529608
Qwen2.5-0.5B,6,model.layers.6.mlp.down_proj,4864,1,0.2,8,0.7198052371026576,0.8322278399999999,0.8221802398050957,0.1992507079529608
Qwen2.5-0.5B,6,model.layers.6.mlp.down_proj,4864,1,0.3,1,0.29995888157894735,0.30000000000000004,-41118.42105264385,0.25329697018970304
Qwen2.5-0.5B,6,model.layers.6.mlp.down_proj,4864,1,0.3,2,0.47916961710783806,0.51,0.853188652894467,0.25329697018970304
Qwen2.5-0.5B,6,model.layers.6.mlp.down_proj,4864,1,0.3,3,0.6021897574819401,0.657,0.8464699089129976,0.25329697018970304
Qwen2.5-0.5B,6,model.layers.6.mlp.down_proj,4864,1,0.3,4,0.6903342628735394,0.7599,0.8487372534758412,0.25329697018970304
Qwen2.5-0.5B,6,model.layers.6.mlp.down_proj,4864,1,0.3,6,0.8035707334163811,0.882351,0.8647203034190394,0.25329697018970304
Qwen2.5-0.5B,6,model.layers.6.mlp.down_proj,4864,1,0.3,8,0.8703336698801458,0.94235199,0.8878834015601722,0.25329697018970304
Qwen2.5-0.5B,6,model.layers.6.mlp.down_proj,4864,1,0.5,1,0.5,0.5,0.0,0.38816678598505494
Qwen2.5-0.5B,6,model.layers.6.mlp.down_proj,4864,1,0.5,2,0.7206787838603357,0.75,0.8827151354413427,0.38816678598505494
Qwen2.5-0.5B,6,model.layers.6.mlp.down_proj,4864,1,0.5,3,0.8356899832301341,0.875,0.8951732886136909,0.38816678598505494
Qwen2.5-0.5B,6,model.layers.6.mlp.down_proj,4864,1,0.5,4,0.899336208122221,0.9375,0.9127684757079338,0.38816678598505494
Qwen2.5-0.5B,6,model.layers.6.mlp.down_proj,4864,1,0.5,6,0.9581443670196201,0.984375,0.9458464351372803,0.38816678598505494
Qwen2.5-0.5B,6,model.layers.6.mlp.down_proj,4864,1,0.5,8,0.9810403367639395,0.99609375,0.9696561119021143,0.38816678598505494
Qwen2.5-0.5B,7,model.layers.7.mlp.down_proj,4864,1,0.1,1,0.0999177631578947,0.09999999999999998,-82236.84210530158,0.1737843028508284
Qwen2.5-0.5B,7,model.layers.7.mlp.down_proj,4864,1,0.1,2,0.1705460944741992,0.18999999999999995,0.7838454941577693,0.1737843028508284
Qwen2.5-0.5B,7,model.layers.7.mlp.down_proj,4864,1,0.1,3,0.2289659120227038,0.2709999999999999,0.7541866200158122,0.1737843028508284
Qwen2.5-0.5B,7,model.layers.7.mlp.down_proj,4864,1,0.1,4,0.2791678245527867,0.3439,0.7345954266206918,0.1737843028508284
Qwen2.5-0.5B,7,model.layers.7.mlp.down_proj,4864,1,0.1,6,0.3629227817139001,0.46855899999999995,0.7133804403471359,0.1737843028508284
Qwen2.5-0.5B,7,model.layers.7.mlp.down_proj,4864,1,0.1,8,0.4321041232412715,0.5695327899999999,0.7073076264626195,0.1737843028508284
Qwen2.5-0.5B,7,model.layers.7.mlp.down_proj,4864,1,0.2,1,0.1998355263157894,0.19999999999999996,-164473.68421060315,0.21318161509810177
Qwen2.5-0.5B,7,model.layers.7.mlp.down_proj,4864,1,0.2,2,0.32990813935523744,0.3599999999999999,0.8119258709702346,0.21318161509810177
Qwen2.5-0.5B,7,model.layers.7.mlp.down_proj,4864,1,0.2,3,0.42897074948400415,0.4879999999999999,0.795037324597237,0.21318161509810177
Qwen2.5-0.5B,7,model.layers.7.mlp.down_proj,4864,1,0.2,4,0.5076941532675008,0.5903999999999999,0.7881510073450329,0.21318161509810177
Qwen2.5-0.5B,7,model.layers.7.mlp.down_proj,4864,1,0.2,6,0.6253738775563168,0.7378559999999998,0.7908694475032664,0.21318161509810177
Qwen2.5-0.5B,7,model.layers.7.mlp.down_proj,4864,1,0.2,8,0.7083718733715476,0.8322278399999999,0.8040959938928784,0.21318161509810177
Qwen2.5-0.5B,7,model.layers.7.mlp.down_proj,4864,1,0.3,1,0.29995888157894735,0.30000000000000004,-41118.42105264385,0.26493187056880557
Qwen2.5-0.5B,7,model.layers.7.mlp.down_proj,4864,1,0.3,2,0.47476487666083017,0.51,0.8322136983849056,0.26493187056880557
Qwen2.5-0.5B,7,model.layers.7.mlp.down_proj,4864,1,0.3,3,0.5945473748710011,0.657,0.8250626747086864,0.26493187056880557
Qwen2.5-0.5B,7,model.layers.7.mlp.down_proj,4864,1,0.3,4,0.6809501344225002,0.7599,0.8283325384268323,0.26493187056880557
Qwen2.5-0.5B,7,model.layers.7.mlp.down_proj,4864,1,0.3,6,0.7939800847347659,0.882351,0.8482514578574878,0.26493187056880557
Qwen2.5-0.5B,7,model.layers.7.mlp.down_proj,4864,1,0.3,8,0.8611439063314227,0.94235199,0.8735769719206796,0.26493187056880557
Qwen2.5-0.5B,7,model.layers.7.mlp.down_proj,4864,1,0.5,1,0.5,0.5,0.0,0.39559407949493086
Qwen2.5-0.5B,7,model.layers.7.mlp.down_proj,4864,1,0.5,2,0.7168236301369864,0.75,0.8672945205479454,0.39559407949493086
Qwen2.5-0.5B,7,model.layers.7.mlp.down_proj,4864,1,0.5,3,0.8303058888028896,0.875,0.8808157034743722,0.39559407949493086
Qwen2.5-0.5B,7,model.layers.7.mlp.down_proj,4864,1,0.5,4,0.8936894937183332,0.9375,0.8998616999276187,0.39559407949493086
Qwen2.5-0.5B,7,model.layers.7.mlp.down_proj,4864,1,0.5,6,0.9540134660801411,0.984375,0.9373181235202914,0.39559407949493086
Qwen2.5-0.5B,7,model.layers.7.mlp.down_proj,4864,1,0.5,8,0.9781017945544555,0.99609375,0.9637327512278787,0.39559407949493086
Qwen2.5-0.5B,8,model.layers.8.mlp.down_proj,4864,1,0.1,1,0.0999177631578947,0.09999999999999998,-82236.84210530158,0.24407114592244453
Qwen2.5-0.5B,8,model.layers.8.mlp.down_proj,4864,1,0.1,2,0.16112305592748996,0.18999999999999995,0.679145065861,0.24407114592244453
Qwen2.5-0.5B,8,model.layers.8.mlp.down_proj,4864,1,0.1,3,0.2103719201496388,0.2709999999999999,0.6454498254364845,0.24407114592244453
Qwen2.5-0.5B,8,model.layers.8.mlp.down_proj,4864,1,0.1,4,0.2523645111674077,0.3439,0.6247007427937996,0.24407114592244453
Qwen2.5-0.5B,8,model.layers.8.mlp.down_proj,4864,1,0.1,6,0.322243119355341,0.46855899999999995,0.6030055414610442,0.24407114592244453
Qwen2.5-0.5B,8,model.layers.8.mlp.down_proj,4864,1,0.1,8,0.37952791167274624,0.5695327899999999,0.5953320356449361,0.24407114592244453
Qwen2.5-0.5B,8,model.layers.8.mlp.down_proj,4864,1,0.2,1,0.1998355263157894,0.19999999999999996,-164473.68421060315,0.27488562620923984
Qwen2.5-0.5B,8,model.layers.8.mlp.down_proj,4864,1,0.2,2,0.3142956116747348,0.3599999999999999,0.7143475729670931,0.27488562620923984
Qwen2.5-0.5B,8,model.layers.8.mlp.down_proj,4864,1,0.2,3,0.39982101393188857,0.4879999999999999,0.69382296504128,0.27488562620923984
Qwen2.5-0.5B,8,model.layers.8.mlp.down_proj,4864,1,0.2,4,0.46751725519594667,0.5903999999999999,0.685238870891257,0.27488562620923984
Qwen2.5-0.5B,8,model.layers.8.mlp.down_proj,4864,1,0.2,6,0.570267894217793,0.7378559999999998,0.6884145463056898,0.27488562620923984
Qwen2.5-0.5B,8,model.layers.8.mlp.down_proj,4864,1,0.2,8,0.6453214564877541,0.8322278399999999,0.7043686283852261,0.27488562620923984
Qwen2.5-0.5B,8,model.layers.8.mlp.down_proj,4864,1,0.3,1,0.29995888157894735,0.30000000000000004,-41118.42105264385,0.31910193276052856
Qwen2.5-0.5B,8,model.layers.8.mlp.down_proj,4864,1,0.3,2,0.455694700149346,0.51,0.7414033340445046,0.31910193276052856
Qwen2.5-0.5B,8,model.layers.8.mlp.down_proj,4864,1,0.3,3,0.5619586074561403,0.657,0.7337776119219617,0.31910193276052856
Qwen2.5-0.5B,8,model.layers.8.mlp.down_proj,4864,1,0.3,4,0.6398244429221384,0.7599,0.738909421444093,0.31910193276052856
Qwen2.5-0.5B,8,model.layers.8.mlp.down_proj,4864,1,0.3,6,0.7457141953441296,0.882351,0.7653703614214273,0.31910193276052856
Qwen2.5-0.5B,8,model.layers.8.mlp.down_proj,4864,1,0.3,8,0.8130288398905681,0.94235199,0.7986724535415045,0.31910193276052856
Qwen2.5-0.5B,8,model.layers.8.mlp.down_proj,4864,1,0.5,1,0.5,0.5,0.0,0.434129725324105
Qwen2.5-0.5B,8,model.layers.8.mlp.down_proj,4864,1,0.5,2,0.6979099611185497,0.75,0.791639844474199,0.434129725324105
Qwen2.5-0.5B,8,model.layers.8.mlp.down_proj,4864,1,0.5,3,0.8041170826883385,0.875,0.8109788871689027,0.434129725324105
Qwen2.5-0.5B,8,model.layers.8.mlp.down_proj,4864,1,0.5,4,0.8666890704167097,0.9375,0.8381464466667651,0.434129725324105
Qwen2.5-0.5B,8,model.layers.8.mlp.down_proj,4864,1,0.5,6,0.931573919080245,0.984375,0.8909913168108284,0.434129725324105
Qwen2.5-0.5B,8,model.layers.8.mlp.down_proj,4864,1,0.5,8,0.9614598260812923,0.99609375,0.9301867360378806,0.434129725324105
Qwen2.5-0.5B,9,model.layers.9.mlp.down_proj,4864,1,0.1,1,0.0999177631578947,0.09999999999999998,-82236.84210530158,0.2706357309295651
Qwen2.5-0.5B,9,model.layers.9.mlp.down_proj,4864,1,0.1,2,0.15778972795859514,0.18999999999999995,0.6421080884288353,0.2706357309295651
Qwen2.5-0.5B,9,model.layers.9.mlp.down_proj,4864,1,0.1,3,0.20342734133126936,0.2709999999999999,0.6048382533992364,0.2706357309295651
Qwen2.5-0.5B,9,model.layers.9.mlp.down_proj,4864,1,0.1,4,0.24184821243925136,0.3439,0.581583486835799,0.2706357309295651
Qwen2.5-0.5B,9,model.layers.9.mlp.down_proj,4864,1,0.1,6,0.30501271670300006,0.46855899999999995,0.5562548104998116,0.2706357309295651
Qwen2.5-0.5B,9,model.layers.9.mlp.down_proj,4864,1,0.1,8,0.356939649557061,0.5695327899999999,0.5472240811063717,0.2706357309295651
Qwen2.5-0.5B,9,model.layers.9.mlp.down_proj,4864,1,0.2,1,0.1998355263157894,0.19999999999999996,-164473.68421060315,0.3012037852311824
Qwen2.5-0.5B,9,model.layers.9.mlp.down_proj,4864,1,0.2,2,0.3079351310639613,0.3599999999999999,0.6745945691497587,0.3012037852311824
Qwen2.5-0.5B,9,model.layers.9.mlp.down_proj,4864,1,0.2,3,0.3882743969298246,0.4879999999999999,0.6537305448952244,0.3012037852311824
Qwen2.5-0.5B,9,model.layers.9.mlp.down_proj,4864,1,0.2,4,0.45171251357150244,0.5903999999999999,0.6447554138614305,0.3012037852311824
Qwen2.5-0.5B,9,model.layers.9.mlp.down_proj,4864,1,0.2,6,0.5477269704401537,0.7378559999999998,0.6465057012288675,0.3012037852311824
Qwen2.5-0.5B,9,model.layers.9.mlp.down_proj,4864,1,0.2,8,0.6184210526315789,0.8322278399999999,0.6618200372694422,0.3012037852311824
Qwen2.5-0.5B,9,model.layers.9.mlp.down_proj,4864,1,0.3,1,0.29995888157894735,0.30000000000000004,-41118.42105264385,0.3416435450272935
Qwen2.5-0.5B,9,model.layers.9.mlp.down_proj,4864,1,0.3,2,0.44800853267586777,0.51,0.7048025365517513,0.3416435450272935
Qwen2.5-0.5B,9,model.layers.9.mlp.down_proj,4864,1,0.3,3,0.5489873581011352,0.657,0.6974435801152246,0.3416435450272935
Qwen2.5-0.5B,9,model.layers.9.mlp.down_proj,4864,1,0.3,4,0.6228822801416606,0.7599,0.702070624356731,0.3416435450272935
Qwen2.5-0.5B,9,model.layers.9.mlp.down_proj,4864,1,0.3,6,0.7241468941399357,0.882351,0.7283354783282516,0.3416435450272935
Qwen2.5-0.5B,9,model.layers.9.mlp.down_proj,4864,1,0.3,8,0.7904218505732151,0.94235199,0.7634783704386361,0.3416435450272935
Qwen2.5-0.5B,9,model.layers.9.mlp.down_proj,4864,1,0.5,1,0.5,0.5,0.0,0.4491281092628103
Qwen2.5-0.5B,9,model.layers.9.mlp.down_proj,4864,1,0.5,2,0.6906160682099085,0.75,0.762464272839634,0.4491281092628103
Qwen2.5-0.5B,9,model.layers.9.mlp.down_proj,4864,1,0.5,3,0.7940200915892673,0.875,0.7840535775713796,0.4491281092628103
Qwen2.5-0.5B,9,model.layers.9.mlp.down_proj,4864,1,0.5,4,0.8559542543428809,0.9375,0.8136097242122992,0.4491281092628103
Qwen2.5-0.5B,9,model.layers.9.mlp.down_proj,4864,1,0.5,6,0.9226109954064153,0.984375,0.872487216322922,0.4491281092628103
Qwen2.5-0.5B,9,model.layers.9.mlp.down_proj,4864,1,0.5,8,0.9553291102136529,0.99609375,0.9178287575960247,0.4491281092628103
Qwen2.5-0.5B,10,model.layers.10.mlp.down_proj,4864,1,0.1,1,0.0999177631578947,0.09999999999999998,-82236.84210530158,0.33021339347701945
Qwen2.5-0.5B,10,model.layers.10.mlp.down_proj,4864,1,0.1,2,0.15078953805747244,0.18999999999999995,0.564328200638583,0.33021339347701945
Qwen2.5-0.5B,10,model.layers.10.mlp.down_proj,4864,1,0.1,3,0.19020575335397316,0.2709999999999999,0.5275190254618316,0.33021339347701945
Qwen2.5-0.5B,10,model.layers.10.mlp.down_proj,4864,1,0.1,4,0.22301411759383727,0.3439,0.5043629257639904,0.33021339347701945
Qwen2.5-0.5B,10,model.layers.10.mlp.down_proj,4864,1,0.1,6,0.276035989567113,0.46855899999999995,0.4776331321908107,0.33021339347701945
Qwen2.5-0.5B,10,model.layers.10.mlp.down_proj,4864,1,0.1,8,0.3191945674830641,0.5695327899999999,0.46683548444628137,0.33021339347701945
Qwen2.5-0.5B,10,model.layers.10.mlp.down_proj,4864,1,0.2,1,0.1998355263157894,0.19999999999999996,-164473.68421060315,0.35462122810933244
Qwen2.5-0.5B,10,model.layers.10.mlp.down_proj,4864,1,0.2,2,0.2958212901689154,0.3599999999999999,0.5988830635557216,0.35462122810933244
Qwen2.5-0.5B,10,model.layers.10.mlp.down_proj,4864,1,0.2,3,0.366296600877193,0.4879999999999999,0.5774187530458093,0.35462122810933244
Qwen2.5-0.5B,10,model.layers.10.mlp.down_proj,4864,1,0.2,4,0.42232172862165235,0.5903999999999999,0.5694716409366096,0.35462122810933244
Qwen2.5-0.5B,10,model.layers.10.mlp.down_proj,4864,1,0.2,6,0.507291828869511,0.7378559999999998,0.5713273234276666,0.35462122810933244
Qwen2.5-0.5B,10,model.layers.10.mlp.down_proj,4864,1,0.2,8,0.5712517098749348,0.8322278399999999,0.5872118979685154,0.35462122810933244
Qwen2.5-0.5B,10,model.layers.10.mlp.down_proj,4864,1,0.3,1,0.29995888157894735,0.30000000000000004,-41118.42105264385,0.390450165882897
Qwen2.5-0.5B,10,model.layers.10.mlp.down_proj,4864,1,0.3,2,0.4323074917602225,0.51,0.6300356750486785,0.390450165882897
Qwen2.5-0.5B,10,model.layers.10.mlp.down_proj,4864,1,0.3,3,0.523048084365325,0.657,0.6247845500429272,0.390450165882897
Qwen2.5-0.5B,10,model.layers.10.mlp.down_proj,4864,1,0.3,4,0.5906354209750801,0.7599,0.631953513753164,0.390450165882897
Qwen2.5-0.5B,10,model.layers.10.mlp.down_proj,4864,1,0.3,6,0.6846091398058757,0.882351,0.6604421385141875,0.390450165882897
Qwen2.5-0.5B,10,model.layers.10.mlp.down_proj,4864,1,0.3,8,0.7484081878582596,0.94235199,0.6980723884085103,0.390450165882897
Qwen2.5-0.5B,10,model.layers.10.mlp.down_proj,4864,1,0.5,1,0.5,0.5,0.0,0.4845195748053133
Qwen2.5-0.5B,10,model.layers.10.mlp.down_proj,4864,1,0.5,2,0.6742141634050881,0.75,0.6968566536203524,0.4845195748053133
Qwen2.5-0.5B,10,model.layers.10.mlp.down_proj,4864,1,0.5,3,0.7721958849329206,0.875,0.7258556931544549,0.4845195748053133
Qwen2.5-0.5B,10,model.layers.10.mlp.down_proj,4864,1,0.5,4,0.8327861648226658,0.9375,0.760654091023236,0.4845195748053133
Qwen2.5-0.5B,10,model.layers.10.mlp.down_proj,4864,1,0.5,6,0.9010185527613412,0.984375,0.8279092702169626,0.4845195748053133
Qwen2.5-0.5B,10,model.layers.10.mlp.down_proj,4864,1,0.5,8,0.9368742671964565,0.99609375,0.8806284441125423,0.4845195748053133
Qwen2.5-0.5B,11,model.layers.11.mlp.down_proj,4864,1,0.1,1,0.0999177631578947,0.09999999999999998,-82236.84210530158,0.34109743409004334
Qwen2.5-0.5B,11,model.layers.11.mlp.down_proj,4864,1,0.1,2,0.14960466770522193,0.18999999999999995,0.5511629745024662,0.34109743409004334
Qwen2.5-0.5B,11,model.layers.11.mlp.down_proj,4864,1,0.1,3,0.18786321271929826,0.2709999999999999,0.5138199574227971,0.34109743409004334
Qwen2.5-0.5B,11,model.layers.11.mlp.down_proj,4864,1,0.1,4,0.2196159911074346,0.3439,0.4904304678451603,0.34109743409004334
Qwen2.5-0.5B,11,model.layers.11.mlp.down_proj,4864,1,0.1,6,0.2708682069448769,0.46855899999999995,0.46361154372807856,0.34109743409004334
Qwen2.5-0.5B,11,model.layers.11.mlp.down_proj,4864,1,0.1,8,0.3125105849400729,0.5695327899999999,0.45260009410646895,0.34109743409004334
Qwen2.5-0.5B,11,model.layers.11.mlp.down_proj,4864,1,0.2,1,0.1998355263157894,0.19999999999999996,-164473.68421060315,0.3663791347940756
Qwen2.5-0.5B,11,model.layers.11.mlp.down_proj,4864,1,0.2,2,0.29348333376248836,0.3599999999999999,0.5842708360155527,0.3663791347940756
Qwen2.5-0.5B,11,model.layers.11.mlp.down_proj,4864,1,0.2,3,0.3626294020897833,0.4879999999999999,0.5646854239228588,0.3663791347940756
Qwen2.5-0.5B,11,model.layers.11.mlp.down_proj,4864,1,0.2,4,0.41726553613897216,0.5903999999999999,0.5565203282248263,0.3663791347940756
Qwen2.5-0.5B,11,model.layers.11.mlp.down_proj,4864,1,0.2,6,0.49983090353472437,0.7378559999999998,0.5574557196251867,0.3663791347940756
Qwen2.5-0.5B,11,model.layers.11.mlp.down_proj,4864,1,0.2,8,0.5619373697238145,0.8322278399999999,0.5724793291668626,0.3663791347940756
Qwen2.5-0.5B,11,model.layers.11.mlp.down_proj,4864,1,0.3,1,0.29995888157894735,0.30000000000000004,-41118.42105264385,0.3990468338155816
Qwen2.5-0.5B,11,model.layers.11.mlp.down_proj,4864,1,0.3,2,0.4299019434287774,0.51,0.6185806829941781,0.3990468338155816
Qwen2.5-0.5B,11,model.layers.11.mlp.down_proj,4864,1,0.3,3,0.5193768543601651,0.657,0.6145009926055045,0.3990468338155816
Qwen2.5-0.5B,11,model.layers.11.mlp.down_proj,4864,1,0.3,4,0.585759374030607,0.7599,0.6213511068288909,0.3990468338155816
Qwen2.5-0.5B,11,model.layers.11.mlp.down_proj,4864,1,0.3,6,0.6785464029897228,0.882351,0.6500313436221845,0.3990468338155816
Qwen2.5-0.5B,11,model.layers.11.mlp.down_proj,4864,1,0.3,8,0.7422375749088067,0.94235199,0.6884661086031767,0.3990468338155816
Qwen2.5-0.5B,11,model.layers.11.mlp.down_proj,4864,1,0.5,1,0.5,0.5,0.0,0.4888822923763641
Qwen2.5-0.5B,11,model.layers.11.mlp.down_proj,4864,1,0.5,2,0.6724350473787208,0.75,0.6897401895148834,0.4888822923763641
Qwen2.5-0.5B,11,model.layers.11.mlp.down_proj,4864,1,0.5,3,0.7695558404282765,0.875,0.718815574475404,0.4888822923763641
Qwen2.5-0.5B,11,model.layers.11.mlp.down_proj,4864,1,0.5,4,0.8304519471874676,0.9375,0.7553187364284975,0.4888822923763641
Qwen2.5-0.5B,11,model.layers.11.mlp.down_proj,4864,1,0.5,6,0.8994541063272085,0.984375,0.8246794453206884,0.4888822923763641
Qwen2.5-0.5B,11,model.layers.11.mlp.down_proj,4864,1,0.5,8,0.9360571912454404,0.99609375,0.8789814248726988,0.4888822923763641
Qwen2.5-0.5B,12,model.layers.12.mlp.down_proj,4864,1,0.1,1,0.0999177631578947,0.09999999999999998,-82236.84210530158,0.3973541980313491
Qwen2.5-0.5B,12,model.layers.12.mlp.down_proj,4864,1,0.1,2,0.14363203599752808,0.18999999999999995,0.4848003999725345,0.3973541980313491
Qwen2.5-0.5B,12,model.layers.12.mlp.down_proj,4864,1,0.1,3,0.1773953495872033,0.2709999999999999,0.45260438355089666,0.3973541980313491
Qwen2.5-0.5B,12,model.layers.12.mlp.down_proj,4864,1,0.1,4,0.20502501034019233,0.3439,0.4306068484632732,0.3973541980313491
Qwen2.5-0.5B,12,model.layers.12.mlp.down_proj,4864,1,0.1,6,0.2495137969739437,0.46855899999999995,0.40567126830153033,0.3973541980313491
Qwen2.5-0.5B,12,model.layers.12.mlp.down_proj,4864,1,0.1,8,0.28611215151120367,0.5695327899999999,0.39637732544984494,0.3973541980313491
Qwen2.5-0.5B,12,model.layers.12.mlp.down_proj,4864,1,0.2,1,0.1998355263157894,0.19999999999999996,-164473.68421060315,0.40814993523430315
Qwen2.5-0.5B,12,model.layers.12.mlp.down_proj,4864,1,0.2,2,0.28468873918529203,0.3599999999999999,0.5293046199080755,0.40814993523430315
Qwen2.5-0.5B,12,model.layers.12.mlp.down_proj,4864,1,0.2,3,0.3472047536119711,0.4879999999999999,0.5111276167082333,0.40814993523430315
Qwen2.5-0.5B,12,model.layers.12.mlp.down_proj,4864,1,0.2,4,0.39641752727225726,0.5903999999999999,0.5031186661686918,0.40814993523430315
Qwen2.5-0.5B,12,model.layers.12.mlp.down_proj,4864,1,0.2,6,0.4717900868109623,0.7378559999999998,0.5053212882462264,0.40814993523430315
Qwen2.5-0.5B,12,model.layers.12.mlp.down_proj,4864,1,0.2,8,0.5297652585982282,0.8322278399999999,0.5215924350914827,0.40814993523430315
Qwen2.5-0.5B,12,model.layers.12.mlp.down_proj,4864,1,0.3,1,0.29995888157894735,0.30000000000000004,-41118.42105264385,0.4391236251031821
Qwen2.5-0.5B,12,model.layers.12.mlp.down_proj,4864,1,0.3,2,0.41786977610979503,0.51,0.5612846481418811,0.4391236251031821
Qwen2.5-0.5B,12,model.layers.12.mlp.down_proj,4864,1,0.3,3,0.49996775025799794,0.657,0.5601337542240838,0.4391236251031821
Qwen2.5-0.5B,12,model.layers.12.mlp.down_proj,4864,1,0.3,4,0.5616239110484955,0.7599,0.5688713003881181,0.4391236251031821
Qwen2.5-0.5B,12,model.layers.12.mlp.down_proj,4864,1,0.3,6,0.649567648318281,0.882351,0.6002696798293141,0.4391236251031821
Qwen2.5-0.5B,12,model.layers.12.mlp.down_proj,4864,1,0.3,8,0.7117822596404377,0.94235199,0.6410539175576271,0.4391236251031821
Qwen2.5-0.5B,12,model.layers.12.mlp.down_proj,4864,1,0.5,1,0.5,0.5,0.0,0.5159871245863141
Qwen2.5-0.5B,12,model.layers.12.mlp.down_proj,4864,1,0.5,2,0.6604065010557214,0.75,0.6416260042228856,0.5159871245863141
Qwen2.5-0.5B,12,model.layers.12.mlp.down_proj,4864,1,0.5,3,0.7545286700206398,0.875,0.6787431200550396,0.5159871245863141
Qwen2.5-0.5B,12,model.layers.12.mlp.down_proj,4864,1,0.5,4,0.8146690169062145,0.9375,0.7192434672142046,0.5159871245863141
Qwen2.5-0.5B,12,model.layers.12.mlp.down_proj,4864,1,0.5,6,0.884936546247275,0.984375,0.794707708381471,0.5159871245863141
Qwen2.5-0.5B,12,model.layers.12.mlp.down_proj,4864,1,0.5,8,0.9237741825169359,0.99609375,0.8542219742073668,0.5159871245863141
Qwen2.5-0.5B,13,model.layers.13.mlp.down_proj,4864,1,0.1,1,0.0999177631578947,0.09999999999999998,-82236.84210530158,0.39341617298945236
Qwen2.5-0.5B,13,model.layers.13.mlp.down_proj,4864,1,0.1,2,0.14411483546194254,0.18999999999999995,0.49016483846602843,0.39341617298945236
Qwen2.5-0.5B,13,model.layers.13.mlp.down_proj,4864,1,0.1,3,0.17776944659442726,0.2709999999999999,0.454792085347528,0.39341617298945236
Qwen2.5-0.5B,13,model.layers.13.mlp.down_proj,4864,1,0.1,4,0.20521081067107846,0.3439,0.4313686374377961,0.39341617298945236
Qwen2.5-0.5B,13,model.layers.13.mlp.down_proj,4864,1,0.1,6,0.24943918366552478,0.46855899999999995,0.40546882226597314,0.39341617298945236
Qwen2.5-0.5B,13,model.layers.13.mlp.down_proj,4864,1,0.1,8,0.28547501954142784,0.5695327899999999,0.39502037662040146,0.39341617298945236
Qwen2.5-0.5B,13,model.layers.13.mlp.down_proj,4864,1,0.2,1,0.1998355263157894,0.19999999999999996,-164473.68421060315,0.427206712349697
Qwen2.5-0.5B,13,model.layers.13.mlp.down_proj,4864,1,0.2,2,0.2811441864507158,0.3599999999999999,0.5071511653169742,0.427206712349697
Qwen2.5-0.5B,13,model.layers.13.mlp.down_proj,4864,1,0.2,3,0.3403347523219814,0.4879999999999999,0.4872734455624356,0.427206712349697
Qwen2.5-0.5B,13,model.layers.13.mlp.down_proj,4864,1,0.2,4,0.38675994920380513,0.5903999999999999,0.4783810174277796,0.427206712349697
Qwen2.5-0.5B,13,model.layers.13.mlp.down_proj,4864,1,0.2,6,0.457015840729783,0.7378559999999998,0.47785251206602336,0.427206712349697
Qwen2.5-0.5B,13,model.layers.13.mlp.down_proj,4864,1,0.2,8,0.5109509347316311,0.8322278399999999,0.4918336635280584,0.427206712349697
Qwen2.5-0.5B,13,model.layers.13.mlp.down_proj,4864,1,0.3,1,0.29995888157894735,0.30000000000000004,-41118.42105264385,0.4595421925434906
Qwen2.5-0.5B,13,model.layers.13.mlp.down_proj,4864,1,0.3,2,0.4122857979709548,0.51,0.5346942760521658,0.4595421925434906
Qwen2.5-0.5B,13,model.layers.13.mlp.down_proj,4864,1,0.3,3,0.4892797826367389,0.657,0.5301954695706971,0.4595421925434906
Qwen2.5-0.5B,13,model.layers.13.mlp.down_proj,4864,1,0.3,4,0.5467259558215283,0.7599,0.5364773990465933,0.4595421925434906
Qwen2.5-0.5B,13,model.layers.13.mlp.down_proj,4864,1,0.3,6,0.628982079829752,0.882351,0.5649206060086648,0.4595421925434906
Qwen2.5-0.5B,13,model.layers.13.mlp.down_proj,4864,1,0.3,8,0.6877002996352267,0.94235199,0.6035636312658216,0.4595421925434906
Qwen2.5-0.5B,13,model.layers.13.mlp.down_proj,4864,1,0.5,1,0.5,0.5,0.0,0.5338729261827426
Qwen2.5-0.5B,13,model.layers.13.mlp.down_proj,4864,1,0.5,2,0.6529524796580493,0.75,0.611809918632197,0.5338729261827426
Qwen2.5-0.5B,13,model.layers.13.mlp.down_proj,4864,1,0.5,3,0.7414493840299277,0.875,0.6438650240798071,0.5338729261827426
Qwen2.5-0.5B,13,model.layers.13.mlp.down_proj,4864,1,0.5,4,0.7988170173715231,0.9375,0.6830103254206242,0.5338729261827426
Qwen2.5-0.5B,13,model.layers.13.mlp.down_proj,4864,1,0.5,6,0.8678853777379839,0.984375,0.7595052959751926,0.5338729261827426
Qwen2.5-0.5B,13,model.layers.13.mlp.down_proj,4864,1,0.5,8,0.9075942873892653,0.99609375,0.821607382453952,0.5338729261827426
Qwen2.5-0.5B,14,model.layers.14.mlp.down_proj,4864,1,0.1,1,0.0999177631578947,0.09999999999999998,-82236.84210530158,0.4110693872601529
Qwen2.5-0.5B,14,model.layers.14.mlp.down_proj,4864,1,0.1,2,0.1422069729117314,0.18999999999999995,0.46896636568590466,0.4110693872601529
Qwen2.5-0.5B,14,model.layers.14.mlp.down_proj,4864,1,0.1,3,0.17322586106811144,0.2709999999999999,0.42822140975503786,0.4110693872601529
Qwen2.5-0.5B,14,model.layers.14.mlp.down_proj,4864,1,0.1,4,0.1981794798883259,0.3439,0.4025398929410656,0.4110693872601529
Qwen2.5-0.5B,14,model.layers.14.mlp.down_proj,4864,1,0.1,6,0.23805822108896502,0.46855899999999995,0.37458920034231974,0.4110693872601529
Qwen2.5-0.5B,14,model.layers.14.mlp.down_proj,4864,1,0.1,8,0.27039025859822824,0.5695327899999999,0.36289320411089554,0.4110693872601529
Qwen2.5-0.5B,14,model.layers.14.mlp.down_proj,4864,1,0.2,1,0.1998355263157894,0.19999999999999996,-164473.68421060315,0.4349221096863993
Qwen2.5-0.5B,14,model.layers.14.mlp.down_proj,4864,1,0.2,2,0.27942863902049647,0.3599999999999999,0.4964289938781033,0.4349221096863993
Qwen2.5-0.5B,14,model.layers.14.mlp.down_proj,4864,1,0.2,3,0.3362708817079463,0.4879999999999999,0.47316278370814696,0.4349221096863993
Qwen2.5-0.5B,14,model.layers.14.mlp.down_proj,4864,1,0.2,4,0.380294097688967,0.5903999999999999,0.4618188977688704,0.4349221096863993
Qwen2.5-0.5B,14,model.layers.14.mlp.down_proj,4864,1,0.2,6,0.4474856126077027,0.7378559999999998,0.4601335907895473,0.4349221096863993
Qwen2.5-0.5B,14,model.layers.14.mlp.down_proj,4864,1,0.2,8,0.4990033871808233,0.8322278399999999,0.47293612881840724,0.4349221096863993
Qwen2.5-0.5B,14,model.layers.14.mlp.down_proj,4864,1,0.3,1,0.29995888157894735,0.30000000000000004,-41118.42105264385,0.46549484923815
Qwen2.5-0.5B,14,model.layers.14.mlp.down_proj,4864,1,0.3,2,0.4103932240704501,0.51,0.5256820193830957,0.46549484923815
Qwen2.5-0.5B,14,model.layers.14.mlp.down_proj,4864,1,0.3,3,0.4850699819401445,0.657,0.5184033107567073,0.46549484923815
Qwen2.5-0.5B,14,model.layers.14.mlp.down_proj,4864,1,0.3,4,0.5403154404921933,0.7599,0.5225384659538884,0.46549484923815
Qwen2.5-0.5B,14,model.layers.14.mlp.down_proj,4864,1,0.3,6,0.6200398370185819,0.882351,0.549565188380516,0.46549484923815
Qwen2.5-0.5B,14,model.layers.14.mlp.down_proj,4864,1,0.3,8,0.6769496645388223,0.94235199,0.5868272697945908,0.46549484923815
Qwen2.5-0.5B,14,model.layers.14.mlp.down_proj,4864,1,0.5,1,0.5,0.5,0.0,0.5403238619865752
Qwen2.5-0.5B,14,model.layers.14.mlp.down_proj,4864,1,0.5,2,0.6500146449170873,0.75,0.6000585796683491,0.5403238619865752
Qwen2.5-0.5B,14,model.layers.14.mlp.down_proj,4864,1,0.5,3,0.7366824690402477,0.875,0.6311532507739939,0.5403238619865752
Qwen2.5-0.5B,14,model.layers.14.mlp.down_proj,4864,1,0.5,4,0.7924485090735187,0.9375,0.6684537350251857,0.5403238619865752
Qwen2.5-0.5B,14,model.layers.14.mlp.down_proj,4864,1,0.5,6,0.8599938038513443,0.984375,0.7432130144027753,0.5403238619865752
Qwen2.5-0.5B,14,model.layers.14.mlp.down_proj,4864,1,0.5,8,0.899438183949974,0.99609375,0.8051667330015224,0.5403238619865752
Qwen2.5-0.5B,15,model.layers.15.mlp.down_proj,4864,1,0.1,1,0.0999177631578947,0.09999999999999998,-82236.84210530158,0.4277052863079043
Qwen2.5-0.5B,15,model.layers.15.mlp.down_proj,4864,1,0.1,2,0.14054131475950152,0.18999999999999995,0.4504590528833504,0.4277052863079043
Qwen2.5-0.5B,15,model.layers.15.mlp.down_proj,4864,1,0.1,3,0.16988357843137256,0.2709999999999999,0.40867589725948883,0.4277052863079043
Qwen2.5-0.5B,15,model.layers.15.mlp.down_proj,4864,1,0.1,4,0.19342622272774274,0.3439,0.3830513436971822,0.4277052863079043
Qwen2.5-0.5B,15,model.layers.15.mlp.down_proj,4864,1,0.1,6,0.23084262755631682,0.46855899999999995,0.35501134840369336,0.4277052863079043
Qwen2.5-0.5B,15,model.layers.15.mlp.down_proj,4864,1,0.1,8,0.26134298462741007,0.5695327899999999,0.34362453073279525,0.4277052863079043
Qwen2.5-0.5B,15,model.layers.15.mlp.down_proj,4864,1,0.2,1,0.1998355263157894,0.19999999999999996,-164473.68421060315,0.43818235925432214
Qwen2.5-0.5B,15,model.layers.15.mlp.down_proj,4864,1,0.2,2,0.27880381604696675,0.3599999999999999,0.4925238502935425,0.43818235925432214
Qwen2.5-0.5B,15,model.layers.15.mlp.down_proj,4864,1,0.2,3,0.3341303050825593,0.4879999999999999,0.4657302259811089,0.43818235925432214
Qwen2.5-0.5B,15,model.layers.15.mlp.down_proj,4864,1,0.2,4,0.3771980986971358,0.5903999999999999,0.45388857248241754,0.43818235925432214
Qwen2.5-0.5B,15,model.layers.15.mlp.down_proj,4864,1,0.2,6,0.4432391421415966,0.7378559999999998,0.45223840980038643,0.43818235925432214
Qwen2.5-0.5B,15,model.layers.15.mlp.down_proj,4864,1,0.2,8,0.49386521300156333,0.8322278399999999,0.4648090362511771,0.43818235925432214
Qwen2.5-0.5B,15,model.layers.15.mlp.down_proj,4864,1,0.3,1,0.29995888157894735,0.30000000000000004,-41118.42105264385,0.46418347438933566
Qwen2.5-0.5B,15,model.layers.15.mlp.down_proj,4864,1,0.3,2,0.41074405834792455,0.51,0.5273526587996407,0.46418347438933566
Qwen2.5-0.5B,15,model.layers.15.mlp.down_proj,4864,1,0.3,3,0.4851074722652219,0.657,0.5185083256728904,0.46418347438933566
Qwen2.5-0.5B,15,model.layers.15.mlp.down_proj,4864,1,0.3,4,0.540341694886775,0.7599,0.522595553134975,0.46418347438933566
Qwen2.5-0.5B,15,model.layers.15.mlp.down_proj,4864,1,0.3,6,0.6209477674400499,0.882351,0.5511242660183461,0.46418347438933566
Qwen2.5-0.5B,15,model.layers.15.mlp.down_proj,4864,1,0.3,8,0.6784160858520062,0.94235199,0.5891101634977517,0.46418347438933566
Qwen2.5-0.5B,15,model.layers.15.mlp.down_proj,4864,1,0.5,1,0.5,0.5,0.0,0.5375822097833711
Qwen2.5-0.5B,15,model.layers.15.mlp.down_proj,4864,1,0.5,2,0.6512135969203832,0.75,0.6048543876815327,0.5375822097833711
Qwen2.5-0.5B,15,model.layers.15.mlp.down_proj,4864,1,0.5,3,0.7386783249484005,0.875,0.6364755331957346,0.5375822097833711
Qwen2.5-0.5B,15,model.layers.15.mlp.down_proj,4864,1,0.5,4,0.795558241133285,0.9375,0.6755616940189372,0.5375822097833711
Qwen2.5-0.5B,15,model.layers.15.mlp.down_proj,4864,1,0.5,6,0.8650269581127376,0.984375,0.7536040425553291,0.5375822097833711
Qwen2.5-0.5B,15,model.layers.15.mlp.down_proj,4864,1,0.5,8,0.9045083702449193,0.99609375,0.8153869510448766,0.5375822097833711
Qwen2.5-0.5B,16,model.layers.16.mlp.down_proj,4864,1,0.1,1,0.0999177631578947,0.09999999999999998,-82236.84210530158,0.29046248064000296
Qwen2.5-0.5B,16,model.layers.16.mlp.down_proj,4864,1,0.1,2,0.15506070398599237,0.18999999999999995,0.61178559984436,0.29046248064000296
Qwen2.5-0.5B,16,model.layers.16.mlp.down_proj,4864,1,0.1,3,0.19701367389060886,0.2709999999999999,0.5673314262608709,0.29046248064000296
Qwen2.5-0.5B,16,model.layers.16.mlp.down_proj,4864,1,0.1,4,0.23123780180436357,0.3439,0.5380803682015727,0.29046248064000296
Qwen2.5-0.5B,16,model.layers.16.mlp.down_proj,4864,1,0.1,6,0.286597016765286,0.46855899999999995,0.50628804822372,0.29046248064000296
Qwen2.5-0.5B,16,model.layers.16.mlp.down_proj,4864,1,0.1,8,0.33154352853048463,0.5695327899999999,0.4931360140587512,0.29046248064000296
Qwen2.5-0.5B,16,model.layers.16.mlp.down_proj,4864,1,0.2,1,0.1998355263157894,0.19999999999999996,-164473.68421060315,0.29848856682642105
Qwen2.5-0.5B,16,model.layers.16.mlp.down_proj,4864,1,0.2,2,0.30809284555567,0.3599999999999999,0.6755802847229381,0.29848856682642105
Qwen2.5-0.5B,16,model.layers.16.mlp.down_proj,4864,1,0.2,3,0.38750040312177503,0.4879999999999999,0.6510430663950525,0.29848856682642105
Qwen2.5-0.5B,16,model.layers.16.mlp.down_proj,4864,1,0.2,4,0.45006737281563436,0.5903999999999999,0.6405414262695553,0.29848856682642105
Qwen2.5-0.5B,16,model.layers.16.mlp.down_proj,4864,1,0.2,6,0.5448162403975917,0.7378559999999998,0.6410939738472597,0.29848856682642105
Qwen2.5-0.5B,16,model.layers.16.mlp.down_proj,4864,1,0.2,8,0.6149752475247525,0.8322278399999999,0.6563697788518023,0.29848856682642105
Qwen2.5-0.5B,16,model.layers.16.mlp.down_proj,4864,1,0.3,1,0.29995888157894735,0.30000000000000004,-41118.42105264385,0.33063749968151834
Qwen2.5-0.5B,16,model.layers.16.mlp.down_proj,4864,1,0.3,2,0.4511672481717994,0.51,0.7198440389133304,0.33063749968151834
Qwen2.5-0.5B,16,model.layers.16.mlp.down_proj,4864,1,0.3,3,0.5540836235810114,0.657,0.7117188335602559,0.33063749968151834
Qwen2.5-0.5B,16,model.layers.16.mlp.down_proj,4864,1,0.3,4,0.628917963499121,0.7599,0.715194528156384,0.33063749968151834
Qwen2.5-0.5B,16,model.layers.16.mlp.down_proj,4864,1,0.3,6,0.7314135815685663,0.882351,0.7408136700521958,0.33063749968151834
Qwen2.5-0.5B,16,model.layers.16.mlp.down_proj,4864,1,0.3,8,0.7978431149035956,0.94235199,0.7750316378775375,0.33063749968151834
Qwen2.5-0.5B,16,model.layers.16.mlp.down_proj,4864,1,0.5,1,0.5,0.5,0.0,0.43541157904384287
Qwen2.5-0.5B,16,model.layers.16.mlp.down_proj,4864,1,0.5,2,0.6968655049438666,0.75,0.7874620197754663,0.43541157904384287
Qwen2.5-0.5B,16,model.layers.16.mlp.down_proj,4864,1,0.5,3,0.8031185500515996,0.875,0.8083161334709322,0.43541157904384287
Qwen2.5-0.5B,16,model.layers.16.mlp.down_proj,4864,1,0.5,4,0.8651691429273084,0.9375,0.8346723266909907,0.43541157904384287
Qwen2.5-0.5B,16,model.layers.16.mlp.down_proj,4864,1,0.5,6,0.9297410269386484,0.984375,0.8872072814217257,0.43541157904384287
Qwen2.5-0.5B,16,model.layers.16.mlp.down_proj,4864,1,0.5,8,0.9600162031005732,0.99609375,0.9272767558562736,0.43541157904384287
Qwen2.5-0.5B,17,model.layers.17.mlp.down_proj,4864,1,0.1,1,0.0999177631578947,0.09999999999999998,-82236.84210530158,0.21675886283730922
Qwen2.5-0.5B,17,model.layers.17.mlp.down_proj,4864,1,0.1,2,0.16439844796065506,0.18999999999999995,0.7155383106739455,0.21675886283730922
Qwen2.5-0.5B,17,model.layers.17.mlp.down_proj,4864,1,0.1,3,0.21634376612487102,0.2709999999999999,0.6803729013150356,0.21675886283730922
Qwen2.5-0.5B,17,model.layers.17.mlp.down_proj,4864,1,0.1,4,0.2599972695429635,0.3439,0.6559953650798012,0.21675886283730922
Qwen2.5-0.5B,17,model.layers.17.mlp.down_proj,4864,1,0.1,6,0.3319391998858092,0.46855899999999995,0.6293136238317589,0.21675886283730922
Qwen2.5-0.5B,17,model.layers.17.mlp.down_proj,4864,1,0.1,8,0.3910573540906722,0.5695327899999999,0.6198871735681597,0.21675886283730922
Qwen2.5-0.5B,17,model.layers.17.mlp.down_proj,4864,1,0.2,1,0.1998355263157894,0.19999999999999996,-164473.68421060315,0.24399751999281993
Qwen2.5-0.5B,17,model.layers.17.mlp.down_proj,4864,1,0.2,2,0.3215110496704089,0.3599999999999999,0.7594440604400561,0.24399751999281993
Qwen2.5-0.5B,17,model.layers.17.mlp.down_proj,4864,1,0.2,3,0.41357875386996906,0.4879999999999999,0.7415928953818374,0.24399751999281993
Qwen2.5-0.5B,17,model.layers.17.mlp.down_proj,4864,1,0.2,4,0.4864511167407714,0.5903999999999999,0.7337374916515662,0.24399751999281993
Qwen2.5-0.5B,17,model.layers.17.mlp.down_proj,4864,1,0.2,6,0.5959673128827987,0.7378559999999998,0.736195771512819,0.24399751999281993
Qwen2.5-0.5B,17,model.layers.17.mlp.down_proj,4864,1,0.2,8,0.6749511464304325,0.8322278399999999,0.7512341538620517,0.24399751999281993
Qwen2.5-0.5B,17,model.layers.17.mlp.down_proj,4864,1,0.3,1,0.29995888157894735,0.30000000000000004,-41118.42105264385,0.28791659097353944
Qwen2.5-0.5B,17,model.layers.17.mlp.down_proj,4864,1,0.3,2,0.4660748886342569,0.51,0.7908328030202709,0.28791659097353944
Qwen2.5-0.5B,17,model.layers.17.mlp.down_proj,4864,1,0.3,3,0.5807126386738907,0.657,0.7863099122517946,0.28791659097353944
Qwen2.5-0.5B,17,model.layers.17.mlp.down_proj,4864,1,0.3,4,0.6639801015923897,0.7599,0.7914331411010866,0.28791659097353944
Qwen2.5-0.5B,17,model.layers.17.mlp.down_proj,4864,1,0.3,6,0.7743154228952558,0.882351,0.8144837441598894,0.28791659097353944
Qwen2.5-0.5B,17,model.layers.17.mlp.down_proj,4864,1,0.3,8,0.8420584451537259,0.94235199,0.8438651293875897,0.28791659097353944
Qwen2.5-0.5B,17,model.layers.17.mlp.down_proj,4864,1,0.5,1,0.5,0.5,0.0,0.40691684890773094
Qwen2.5-0.5B,17,model.layers.17.mlp.down_proj,4864,1,0.5,2,0.710935086002678,0.75,0.8437403440107119,0.40691684890773094
Qwen2.5-0.5B,17,model.layers.17.mlp.down_proj,4864,1,0.5,3,0.8238575528895768,0.875,0.8636201410388716,0.40691684890773094
Qwen2.5-0.5B,17,model.layers.17.mlp.down_proj,4864,1,0.5,4,0.8874599317547307,0.9375,0.8856227011536701,0.40691684890773094
Qwen2.5-0.5B,17,model.layers.17.mlp.down_proj,4864,1,0.5,6,0.9487487672583826,0.984375,0.9264490678882739,0.40691684890773094
Qwen2.5-0.5B,17,model.layers.17.mlp.down_proj,4864,1,0.5,8,0.9741519834549244,0.99609375,0.9557709272792176,0.40691684890773094
Qwen2.5-0.5B,18,model.layers.18.mlp.down_proj,4864,1,0.1,1,0.0999177631578947,0.09999999999999998,-82236.84210530158,0.20740426240653295
Qwen2.5-0.5B,18,model.layers.18.mlp.down_proj,4864,1,0.1,2,0.16572453715624677,0.18999999999999995,0.730272635069409,0.20740426240653295
Qwen2.5-0.5B,18,model.layers.18.mlp.down_proj,4864,1,0.1,3,0.21903702270381836,0.2709999999999999,0.6961229397884119,0.20740426240653295
Qwen2.5-0.5B,18,model.layers.18.mlp.down_proj,4864,1,0.1,4,0.2642456345000517,0.3439,0.6734138355885678,0.20740426240653295
Qwen2.5-0.5B,18,model.layers.18.mlp.down_proj,4864,1,0.1,6,0.3392476545468701,0.46855899999999995,0.6491434330646386,0.20740426240653295
Qwen2.5-0.5B,18,model.layers.18.mlp.down_proj,4864,1,0.1,8,0.40048853569567483,0.5695327899999999,0.6399734844837457,0.20740426240653295
Qwen2.5-0.5B,18,model.layers.18.mlp.down_proj,4864,1,0.2,1,0.1998355263157894,0.19999999999999996,-164473.68421060315,0.23718585634547615
Qwen2.5-0.5B,18,model.layers.18.mlp.down_proj,4864,1,0.2,2,0.3233211453290762,0.3599999999999999,0.7707571583067268,0.23718585634547615
Qwen2.5-0.5B,18,model.layers.18.mlp.down_proj,4864,1,0.2,3,0.41606722458720335,0.4879999999999999,0.7502334187055675,0.23718585634547615
Qwen2.5-0.5B,18,model.layers.18.mlp.down_proj,4864,1,0.2,4,0.48891579852135253,0.5903999999999999,0.7400507134255958,0.23718585634547615
Qwen2.5-0.5B,18,model.layers.18.mlp.down_proj,4864,1,0.2,6,0.5981736770736013,0.7378559999999998,0.7402979181669468,0.23718585634547615
Qwen2.5-0.5B,18,model.layers.18.mlp.down_proj,4864,1,0.2,8,0.6761855132881709,0.8322278399999999,0.7531865621231911,0.23718585634547615
Qwen2.5-0.5B,18,model.layers.18.mlp.down_proj,4864,1,0.3,1,0.29995888157894735,0.30000000000000004,-41118.42105264385,0.2839688314588551
Qwen2.5-0.5B,18,model.layers.18.mlp.down_proj,4864,1,0.3,2,0.467513631038212,0.51,0.7976839573248189,0.2839688314588551
Qwen2.5-0.5B,18,model.layers.18.mlp.down_proj,4864,1,0.3,3,0.5817345523735811,0.657,0.7891724156122718,0.2839688314588551
Qwen2.5-0.5B,18,model.layers.18.mlp.down_proj,4864,1,0.3,4,0.6640124146934133,0.7599,0.7915034022470392,0.2839688314588551
Qwen2.5-0.5B,18,model.layers.18.mlp.down_proj,4864,1,0.3,6,0.7727319176269075,0.882351,0.8117645846352243,0.2839688314588551
Qwen2.5-0.5B,18,model.layers.18.mlp.down_proj,4864,1,0.3,8,0.8394586210265763,0.94235199,0.8398177781415083,0.2839688314588551
Qwen2.5-0.5B,18,model.layers.18.mlp.down_proj,4864,1,0.5,1,0.5,0.5,0.0,0.4095840432032032
Qwen2.5-0.5B,18,model.layers.18.mlp.down_proj,4864,1,0.5,2,0.7096271017870018,0.75,0.8385084071480073,0.4095840432032032
Qwen2.5-0.5B,18,model.layers.18.mlp.down_proj,4864,1,0.5,3,0.8198799503353974,0.875,0.853013200894393,0.4095840432032032
Qwen2.5-0.5B,18,model.layers.18.mlp.down_proj,4864,1,0.5,4,0.8829191332333781,0.9375,0.8752437331048643,0.4095840432032032
Qwen2.5-0.5B,18,model.layers.18.mlp.down_proj,4864,1,0.5,6,0.9454305025692931,0.984375,0.9195984569172502,0.4095840432032032
Qwen2.5-0.5B,18,model.layers.18.mlp.down_proj,4864,1,0.5,8,0.9722259314747265,0.99609375,0.9518884917915746,0.4095840432032032
Qwen2.5-0.5B,19,model.layers.19.mlp.down_proj,4864,1,0.1,1,0.0999177631578947,0.09999999999999998,-82236.84210530158,0.26618393588398137
Qwen2.5-0.5B,19,model.layers.19.mlp.down_proj,4864,1,0.1,2,0.1580327370223504,0.18999999999999995,0.644808189137227,0.26618393588398137
Qwen2.5-0.5B,19,model.layers.19.mlp.down_proj,4864,1,0.1,3,0.20294923890608874,0.2709999999999999,0.602042332784145,0.26618393588398137
Qwen2.5-0.5B,19,model.layers.19.mlp.down_proj,4864,1,0.1,4,0.24050843048805706,0.3439,0.576090325904293,0.26618393588398137
Qwen2.5-0.5B,19,model.layers.19.mlp.down_proj,4864,1,0.1,6,0.30221066256617873,0.46855899999999995,0.5486520816644791,0.26618393588398137
Qwen2.5-0.5B,19,model.layers.19.mlp.down_proj,4864,1,0.1,8,0.3530110083376759,0.5695327899999999,0.5388569525414315,0.26618393588398137
Qwen2.5-0.5B,19,model.layers.19.mlp.down_proj,4864,1,0.2,1,0.1998355263157894,0.19999999999999996,-164473.68421060315,0.2670742739330793
Qwen2.5-0.5B,19,model.layers.19.mlp.down_proj,4864,1,0.2,2,0.31572027242764444,0.3599999999999999,0.7232517026727783,0.2670742739330793
Qwen2.5-0.5B,19,model.layers.19.mlp.down_proj,4864,1,0.2,3,0.4022986003611971,0.4879999999999999,0.7024256956986012,0.2670742739330793
Qwen2.5-0.5B,19,model.layers.19.mlp.down_proj,4864,1,0.2,4,0.47110643289215176,0.5903999999999999,0.6944324613016184,0.2670742739330793
Qwen2.5-0.5B,19,model.layers.19.mlp.down_proj,4864,1,0.2,6,0.5759235018945292,0.7378559999999998,0.6989296426822965,0.2670742739330793
Qwen2.5-0.5B,19,model.layers.19.mlp.down_proj,4864,1,0.2,8,0.6527410923658156,0.8322278399999999,0.7161043277781245,0.2670742739330793
Qwen2.5-0.5B,19,model.layers.19.mlp.down_proj,4864,1,0.3,1,0.29995888157894735,0.30000000000000004,-41118.42105264385,0.3011034642973507
Qwen2.5-0.5B,19,model.layers.19.mlp.down_proj,4864,1,0.3,2,0.46139213616232355,0.51,0.7685339817253503,0.3011034642973507
Qwen2.5-0.5B,19,model.layers.19.mlp.down_proj,4864,1,0.3,3,0.5722478876418989,0.657,0.7625991250473358,0.3011034642973507
Qwen2.5-0.5B,19,model.layers.19.mlp.down_proj,4864,1,0.3,4,0.6533709026987902,0.7599,0.768364650356143,0.3011034642973507
Qwen2.5-0.5B,19,model.layers.19.mlp.down_proj,4864,1,0.3,6,0.7634964931745043,0.882351,0.7959057221066063,0.3011034642973507
Qwen2.5-0.5B,19,model.layers.19.mlp.down_proj,4864,1,0.3,8,0.8331406331422616,0.94235199,0.8299820681527921,0.3011034642973507
Qwen2.5-0.5B,19,model.layers.19.mlp.down_proj,4864,1,0.5,1,0.5,0.5,0.0,0.41101427469511104
Qwen2.5-0.5B,19,model.layers.19.mlp.down_proj,4864,1,0.5,2,0.7088868092748994,0.75,0.8355472370995978,0.41101427469511104
Qwen2.5-0.5B,19,model.layers.19.mlp.down_proj,4864,1,0.5,3,0.8202689628482972,0.875,0.8540505675954592,0.41101427469511104
Qwen2.5-0.5B,19,model.layers.19.mlp.down_proj,4864,1,0.5,4,0.8838436918364182,0.9375,0.877357009911813,0.41101427469511104
Qwen2.5-0.5B,19,model.layers.19.mlp.down_proj,4864,1,0.5,6,0.9467707035710577,0.984375,0.9223653235015385,0.41101427469511104
Qwen2.5-0.5B,19,model.layers.19.mlp.down_proj,4864,1,0.5,8,0.9734440138092756,0.99609375,0.9543438388596421,0.41101427469511104
Qwen2.5-0.5B,20,model.layers.20.mlp.down_proj,4864,1,0.1,1,0.0999177631578947,0.09999999999999998,-82236.84210530158,0.3008073886336097
Qwen2.5-0.5B,20,model.layers.20.mlp.down_proj,4864,1,0.1,2,0.15383720967658876,0.18999999999999995,0.5981912186287643,0.3008073886336097
Qwen2.5-0.5B,20,model.layers.20.mlp.down_proj,4864,1,0.1,3,0.19366937564499484,0.2709999999999999,0.5477741265789174,0.3008073886336097
Qwen2.5-0.5B,20,model.layers.20.mlp.down_proj,4864,1,0.1,4,0.2259206810309172,0.3439,0.5162799550263107,0.3008073886336097
Qwen2.5-0.5B,20,model.layers.20.mlp.down_proj,4864,1,0.1,6,0.27729873871068206,0.46855899999999995,0.4810593112925802,0.3008073886336097
Qwen2.5-0.5B,20,model.layers.20.mlp.down_proj,4864,1,0.1,8,0.31860058949973946,0.5695327899999999,0.4655704439720589,0.3008073886336097
Qwen2.5-0.5B,20,model.layers.20.mlp.down_proj,4864,1,0.2,1,0.1998355263157894,0.19999999999999996,-164473.68421060315,0.302306214750125
Qwen2.5-0.5B,20,model.layers.20.mlp.down_proj,4864,1,0.2,2,0.3071614449222371,0.3599999999999999,0.6697590307639826,0.302306214750125
Qwen2.5-0.5B,20,model.layers.20.mlp.down_proj,4864,1,0.2,3,0.3852074464654283,0.4879999999999999,0.643081411338293,0.302306214750125
Qwen2.5-0.5B,20,model.layers.20.mlp.down_proj,4864,1,0.2,4,0.4466833833109296,0.5903999999999999,0.6318734203661108,0.302306214750125
Qwen2.5-0.5B,20,model.layers.20.mlp.down_proj,4864,1,0.2,6,0.5399980049050139,0.7378559999999998,0.6321357480534083,0.302306214750125
Qwen2.5-0.5B,20,model.layers.20.mlp.down_proj,4864,1,0.2,8,0.6094784067222513,0.8322278399999999,0.6476753803221499,0.302306214750125
Qwen2.5-0.5B,20,model.layers.20.mlp.down_proj,4864,1,0.3,1,0.29995888157894735,0.30000000000000004,-41118.42105264385,0.3303123534963613
Qwen2.5-0.5B,20,model.layers.20.mlp.down_proj,4864,1,0.3,2,0.45123685176125244,0.51,0.7201754845773926,0.3303123534963613
Qwen2.5-0.5B,20,model.layers.20.mlp.down_proj,4864,1,0.3,3,0.5543375902992775,0.657,0.7124302249279483,0.3303123534963613
Qwen2.5-0.5B,20,model.layers.20.mlp.down_proj,4864,1,0.3,4,0.6296732822355495,0.7599,0.71683688244303,0.3303123534963613
Qwen2.5-0.5B,20,model.layers.20.mlp.down_proj,4864,1,0.3,6,0.7338044514948614,0.882351,0.7449192179542258,0.3303123534963613
Qwen2.5-0.5B,20,model.layers.20.mlp.down_proj,4864,1,0.3,8,0.8020249804585722,0.94235199,0.7815418777772792,0.3303123534963613
Qwen2.5-0.5B,20,model.layers.20.mlp.down_proj,4864,1,0.5,1,0.5,0.5,0.0,0.42778126513768766
Qwen2.5-0.5B,20,model.layers.20.mlp.down_proj,4864,1,0.5,2,0.7005814514883097,0.75,0.802325805953239,0.42778126513768766
Qwen2.5-0.5B,20,model.layers.20.mlp.down_proj,4864,1,0.5,3,0.808623984133127,0.875,0.822997291021672,0.42778126513768766
Qwen2.5-0.5B,20,model.layers.20.mlp.down_proj,4864,1,0.5,4,0.8714346532157997,0.9375,0.8489934930646851,0.42778126513768766
Qwen2.5-0.5B,20,model.layers.20.mlp.down_proj,4864,1,0.5,6,0.9361898065244472,0.984375,0.9005208908891812,0.42778126513768766
Qwen2.5-0.5B,20,model.layers.20.mlp.down_proj,4864,1,0.5,8,0.9653009379885357,0.99609375,0.9379294498036624,0.42778126513768766
Qwen2.5-0.5B,21,model.layers.21.mlp.down_proj,4864,1,0.1,1,0.0999177631578947,0.09999999999999998,-82236.84210530158,0.2624478728851359
Qwen2.5-0.5B,21,model.layers.21.mlp.down_proj,4864,1,0.1,2,0.15851795048408693,0.18999999999999995,0.6501994498231884,0.2624478728851359
Qwen2.5-0.5B,21,model.layers.21.mlp.down_proj,4864,1,0.1,3,0.20379216653766768,0.2709999999999999,0.6069717341384079,0.2624478728851359
Qwen2.5-0.5B,21,model.layers.21.mlp.down_proj,4864,1,0.1,4,0.24133281847792368,0.3439,0.5794703504629918,0.2624478728851359
Qwen2.5-0.5B,21,model.layers.21.mlp.down_proj,4864,1,0.1,6,0.3024973560936365,0.46855899999999995,0.5494299585511044,0.2624478728851359
Qwen2.5-0.5B,21,model.layers.21.mlp.down_proj,4864,1,0.1,8,0.3522863470557581,0.5695327899999999,0.5373135858216807,0.2624478728851359
Qwen2.5-0.5B,21,model.layers.21.mlp.down_proj,4864,1,0.2,1,0.1998355263157894,0.19999999999999996,-164473.68421060315,0.27028780940939034
Qwen2.5-0.5B,21,model.layers.21.mlp.down_proj,4864,1,0.2,2,0.3149425629570501,0.3599999999999999,0.7183910184815636,0.27028780940939034
Qwen2.5-0.5B,21,model.layers.21.mlp.down_proj,4864,1,0.2,3,0.4001918859649123,0.4879999999999999,0.6951107151559457,0.27028780940939034
Qwen2.5-0.5B,21,model.layers.21.mlp.down_proj,4864,1,0.2,4,0.46703740564574503,0.5903999999999999,0.6840097480679945,0.27028780940939034
Qwen2.5-0.5B,21,model.layers.21.mlp.down_proj,4864,1,0.2,6,0.5680992421883111,0.7378559999999998,0.6843825153727228,0.27028780940939034
Qwen2.5-0.5B,21,model.layers.21.mlp.down_proj,4864,1,0.2,8,0.6422921280614903,0.8322278399999999,0.6995771145754833,0.27028780940939034
Qwen2.5-0.5B,21,model.layers.21.mlp.down_proj,4864,1,0.3,1,0.29995888157894735,0.30000000000000004,-41118.42105264385,0.3081020380559901
Qwen2.5-0.5B,21,model.layers.21.mlp.down_proj,4864,1,0.3,2,0.459000267149037,0.51,0.7571441292811286,0.3081020380559901
Qwen2.5-0.5B,21,model.layers.21.mlp.down_proj,4864,1,0.3,3,0.5671354972910216,0.657,0.7482787038964192,0.3081020380559901
Qwen2.5-0.5B,21,model.layers.21.mlp.down_proj,4864,1,0.3,4,0.6458286210061007,0.7599,0.7519648206264421,0.3081020380559901
Qwen2.5-0.5B,21,model.layers.21.mlp.down_proj,4864,1,0.3,6,0.7520068546922039,0.882351,0.7761759740984454,0.3081020380559901
Qwen2.5-0.5B,21,model.layers.21.mlp.down_proj,4864,1,0.3,8,0.8192507490880666,0.94235199,0.808358590261496,0.3081020380559901
Qwen2.5-0.5B,21,model.layers.21.mlp.down_proj,4864,1,0.5,1,0.5,0.5,0.0,0.4196933127835018
Qwen2.5-0.5B,21,model.layers.21.mlp.down_proj,4864,1,0.5,2,0.7046450136471315,0.75,0.818580054588526,0.4196933127835018
Qwen2.5-0.5B,21,model.layers.21.mlp.down_proj,4864,1,0.5,3,0.8136678437822497,0.875,0.8364475834193325,0.4196933127835018
Qwen2.5-0.5B,21,model.layers.21.mlp.down_proj,4864,1,0.5,4,0.876752177903009,0.9375,0.8611478352068777,0.4196933127835018
Qwen2.5-0.5B,21,model.layers.21.mlp.down_proj,4864,1,0.5,6,0.9402270353212913,0.984375,0.9088558148568594,0.4196933127835018
Qwen2.5-0.5B,21,model.layers.21.mlp.down_proj,4864,1,0.5,8,0.9683787128712872,0.99609375,0.9441334684649568,0.4196933127835018
Qwen2.5-0.5B,22,model.layers.22.mlp.down_proj,4864,1,0.1,1,0.0999177631578947,0.09999999999999998,-82236.84210530158,0.34143251274084935
Qwen2.5-0.5B,22,model.layers.22.mlp.down_proj,4864,1,0.1,2,0.1492313027860748,0.18999999999999995,0.5470144754008314,0.34143251274084935
Qwen2.5-0.5B,22,model.layers.22.mlp.down_proj,4864,1,0.1,3,0.18494944852941175,0.2709999999999999,0.49678040075679414,0.34143251274084935
Qwen2.5-0.5B,22,model.layers.22.mlp.down_proj,4864,1,0.1,4,0.2136986544824734,0.3439,0.4661691450695917,0.34143251274084935
Qwen2.5-0.5B,22,model.layers.22.mlp.down_proj,4864,1,0.1,6,0.2595103582736427,0.46855899999999995,0.4327946360654406,0.34143251274084935
Qwen2.5-0.5B,22,model.layers.22.mlp.down_proj,4864,1,0.1,8,0.29639419945284,0.5695327899999999,0.4182757916712058,0.34143251274084935
Qwen2.5-0.5B,22,model.layers.22.mlp.down_proj,4864,1,0.2,1,0.1998355263157894,0.19999999999999996,-164473.68421060315,0.31304183385439843
Qwen2.5-0.5B,22,model.layers.22.mlp.down_proj,4864,1,0.2,2,0.30468991399732204,0.3599999999999999,0.6543119624832632,0.31304183385439843
Qwen2.5-0.5B,22,model.layers.22.mlp.down_proj,4864,1,0.2,3,0.3805413119195046,0.4879999999999999,0.6268795552760578,0.31304183385439843
Qwen2.5-0.5B,22,model.layers.22.mlp.down_proj,4864,1,0.2,4,0.44028942844586916,0.5903999999999999,0.6154954622076567,0.31304183385439843
Qwen2.5-0.5B,22,model.layers.22.mlp.down_proj,4864,1,0.2,6,0.5316311766843144,0.7378559999999998,0.6165798590781072,0.31304183385439843
Qwen2.5-0.5B,22,model.layers.22.mlp.down_proj,4864,1,0.2,8,0.5996971078686816,0.8322278399999999,0.6322042190813388,0.31304183385439843
Qwen2.5-0.5B,22,model.layers.22.mlp.down_proj,4864,1,0.3,1,0.29995888157894735,0.30000000000000004,-41118.42105264385,0.3339492488741093
Qwen2.5-0.5B,22,model.layers.22.mlp.down_proj,4864,1,0.3,2,0.4500608327325162,0.51,0.7145753939643628,0.3339492488741093
Qwen2.5-0.5B,22,model.layers.22.mlp.down_proj,4864,1,0.3,3,0.5516314338235294,0.657,0.7048499546877575,0.3339492488741093
Qwen2.5-0.5B,22,model.layers.22.mlp.down_proj,4864,1,0.3,4,0.6260319996639439,0.7599,0.7089193295584776,0.3339492488741093
Qwen2.5-0.5B,22,model.layers.22.mlp.down_proj,4864,1,0.3,6,0.7295093201754386,0.882351,0.7375437153459659,0.3339492488741093
Qwen2.5-0.5B,22,model.layers.22.mlp.down_proj,4864,1,0.3,8,0.797251986711829,0.94235199,0.7741113820038588,0.3339492488741093
Qwen2.5-0.5B,22,model.layers.22.mlp.down_proj,4864,1,0.5,1,0.5,0.5,0.0,0.4309830987371095
Qwen2.5-0.5B,22,model.layers.22.mlp.down_proj,4864,1,0.5,2,0.6990916128077043,0.75,0.7963664512308171,0.4309830987371095
Qwen2.5-0.5B,22,model.layers.22.mlp.down_proj,4864,1,0.5,3,0.8070114970330238,0.875,0.8186973254213967,0.4309830987371095
Qwen2.5-0.5B,22,model.layers.22.mlp.down_proj,4864,1,0.5,4,0.8705177689742529,0.9375,0.8468977576554353,0.4309830987371095
Qwen2.5-0.5B,22,model.layers.22.mlp.down_proj,4864,1,0.5,6,0.9362960493875221,0.984375,0.900740230993594,0.4309830987371095
Qwen2.5-0.5B,22,model.layers.22.mlp.down_proj,4864,1,0.5,8,0.9666289408546117,0.99609375,0.9406063689667764,0.4309830987371095
Qwen2.5-0.5B,23,model.layers.23.mlp.down_proj,4864,1,0.1,1,0.0999177631578947,0.09999999999999998,-82236.84210530158,0.43244317327532655
Qwen2.5-0.5B,23,model.layers.23.mlp.down_proj,4864,1,0.1,2,0.13976964028221237,0.18999999999999995,0.4418848920245821,0.43244317327532655
Qwen2.5-0.5B,23,model.layers.23.mlp.down_proj,4864,1,0.1,3,0.1671544440144479,0.2709999999999999,0.39271604686811656,0.43244317327532655
Qwen2.5-0.5B,23,model.layers.23.mlp.down_proj,4864,1,0.1,4,0.18837689677903005,0.3439,0.3623489002830261,0.43244317327532655
Qwen2.5-0.5B,23,model.layers.23.mlp.down_proj,4864,1,0.1,6,0.22063520255891206,0.46855899999999995,0.3273158505392951,0.43244317327532655
Qwen2.5-0.5B,23,model.layers.23.mlp.down_proj,4864,1,0.1,8,0.24584785369984366,0.5695327899999999,0.310623361788734,0.43244317327532655
Qwen2.5-0.5B,23,model.layers.23.mlp.down_proj,4864,1,0.2,1,0.1998355263157894,0.19999999999999996,-164473.68421060315,0.3839295143675713
Qwen2.5-0.5B,23,model.layers.23.mlp.down_proj,4864,1,0.2,2,0.28925481511999174,0.3599999999999999,0.5578425944999488,0.3839295143675713
Qwen2.5-0.5B,23,model.layers.23.mlp.down_proj,4864,1,0.2,3,0.35253926406088754,0.4879999999999999,0.5296502224336375,0.3839295143675713
Qwen2.5-0.5B,23,model.layers.23.mlp.down_proj,4864,1,0.2,4,0.40202385029986554,0.5903999999999999,0.5174791247435081,0.3839295143675713
Qwen2.5-0.5B,23,model.layers.23.mlp.down_proj,4864,1,0.2,6,0.4767980996314752,0.7378559999999998,0.5146323544433365,0.3839295143675713
Qwen2.5-0.5B,23,model.layers.23.mlp.down_proj,4864,1,0.2,8,0.5337570023449714,0.8322278399999999,0.5279062091681559,0.3839295143675713
Qwen2.5-0.5B,23,model.layers.23.mlp.down_proj,4864,1,0.3,1,0.29995888157894735,0.30000000000000004,-41118.42105264385,0.38437557112846205
Qwen2.5-0.5B,23,model.layers.23.mlp.down_proj,4864,1,0.3,2,0.4339111906478525,0.51,0.6376723364183452,0.38437557112846205
Qwen2.5-0.5B,23,model.layers.23.mlp.down_proj,4864,1,0.3,3,0.5249318724200206,0.657,0.6300612672829708,0.38437557112846205
Qwen2.5-0.5B,23,model.layers.23.mlp.down_proj,4864,1,0.3,4,0.592583900966808,0.7599,0.6361902608541161,0.38437557112846205
Qwen2.5-0.5B,23,model.layers.23.mlp.down_proj,4864,1,0.3,6,0.6875750188155298,0.882351,0.6655350790425874,0.38437557112846205
Qwen2.5-0.5B,23,model.layers.23.mlp.down_proj,4864,1,0.3,8,0.7529531982803543,0.94235199,0.705147964561228,0.38437557112846205
Qwen2.5-0.5B,23,model.layers.23.mlp.down_proj,4864,1,0.5,1,0.5,0.5,0.0,0.45453014817032517
Qwen2.5-0.5B,23,model.layers.23.mlp.down_proj,4864,1,0.5,2,0.6879260705273458,0.75,0.7517042821093831,0.45453014817032517
Qwen2.5-0.5B,23,model.layers.23.mlp.down_proj,4864,1,0.5,3,0.7924281636996904,0.875,0.7798084365325076,0.45453014817032517
Qwen2.5-0.5B,23,model.layers.23.mlp.down_proj,4864,1,0.5,4,0.8561751951711303,0.9375,0.8141147318197264,0.45453014817032517
Qwen2.5-0.5B,23,model.layers.23.mlp.down_proj,4864,1,0.5,6,0.924413069007578,0.984375,0.8762076263382256,0.45453014817032517
Qwen2.5-0.5B,23,model.layers.23.mlp.down_proj,4864,1,0.5,8,0.9571330282699322,0.99609375,0.9214650018669499,0.45453014817032517
Qwen2.5-0.5B,0,model.layers.0.mlp.down_proj,4864,2,0.1,1,0.0999177631578947,0.09999999999999998,-82236.84210530158,0.1005220026005251
Qwen2.5-0.5B,0,model.layers.0.mlp.down_proj,4864,2,0.1,2,0.18171002742300957,0.18999999999999995,0.9078891935889958,0.1005220026005251
Qwen2.5-0.5B,0,model.layers.0.mlp.down_proj,4864,2,0.1,3,0.2519406282249742,0.2709999999999999,0.8885416855261654,0.1005220026005251
Qwen2.5-0.5B,0,model.layers.0.mlp.down_proj,4864,2,0.1,4,0.31331105883569427,0.3439,0.8745840870672172,0.1005220026005251
Qwen2.5-0.5B,0,model.layers.0.mlp.down_proj,4864,2,0.1,6,0.4140539843506696,0.46855899999999995,0.8521131877139605,0.1005220026005251
Qwen2.5-0.5B,0,model.layers.0.mlp.down_proj,4864,2,0.1,8,0.49469246677957274,0.5695327899999999,0.8406068227515543,0.1005220026005251
Qwen2.5-0.5B,0,model.layers.0.mlp.down_proj,4864,2,0.2,1,0.1998355263157894,0.19999999999999996,-164473.68421060315,0.15256664948611498
Qwen2.5-0.5B,0,model.layers.0.mlp.down_proj,4864,2,0.2,2,0.3469340624678134,0.3599999999999999,0.9183378904238344,0.15256664948611498
Qwen2.5-0.5B,0,model.layers.0.mlp.down_proj,4864,2,0.2,3,0.4608347039473684,0.4879999999999999,0.9056760553728074,0.15256664948611498
Qwen2.5-0.5B,0,model.layers.0.mlp.down_proj,4864,2,0.2,4,0.5508636484076103,0.5903999999999999,0.8987286076014609,0.15256664948611498
Qwen2.5-0.5B,0,model.layers.0.mlp.down_proj,4864,2,0.2,6,0.6794587939894113,0.7378559999999998,0.8914259467021125,0.15256664948611498
Qwen2.5-0.5B,0,model.layers.0.mlp.down_proj,4864,2,0.2,8,0.7661876302761854,0.8322278399999999,0.8955436544461338,0.15256664948611498
Qwen2.5-0.5B,0,model.layers.0.mlp.down_proj,4864,2,0.3,1,0.29995888157894735,0.30000000000000004,-41118.42105264385,0.21386739356778298
Qwen2.5-0.5B,0,model.layers.0.mlp.down_proj,4864,2,0.3,2,0.4943794095684417,0.51,0.9256162360401984,0.21386739356778298
Qwen2.5-0.5B,0,model.layers.0.mlp.down_proj,4864,2,0.3,3,0.6280580817853458,0.657,0.9189302010794,0.21386739356778298
Qwen2.5-0.5B,0,model.layers.0.mlp.down_proj,4864,2,0.3,4,0.7221299503670768,0.7599,0.9178733428290429,0.21386739356778298
Qwen2.5-0.5B,0,model.layers.0.mlp.down_proj,4864,2,0.3,6,0.8383798693293886,0.882351,0.9244937663529187,0.21386739356778298
Qwen2.5-0.5B,0,model.layers.0.mlp.down_proj,4864,2,0.3,8,0.9023681767847839,0.94235199,0.9377540447641236,0.21386739356778298
Qwen2.5-0.5B,0,model.layers.0.mlp.down_proj,4864,2,0.5,1,0.5,0.5,0.0,0.35932192734362767
Qwen2.5-0.5B,0,model.layers.0.mlp.down_proj,4864,2,0.5,2,0.7357582204655474,0.75,0.9430328818621896,0.35932192734362767
Qwen2.5-0.5B,0,model.layers.0.mlp.down_proj,4864,2,0.5,3,0.855468346878225,0.875,0.9479155916752667,0.35932192734362767
Qwen2.5-0.5B,0,model.layers.0.mlp.down_proj,4864,2,0.5,4,0.9189777265794644,0.9375,0.9576633750387759,0.35932192734362767
Qwen2.5-0.5B,0,model.layers.0.mlp.down_proj,4864,2,0.5,6,0.9727036943319838,0.984375,0.9759044012015149,0.35932192734362767
Qwen2.5-0.5B,0,model.layers.0.mlp.down_proj,4864,2,0.5,8,0.9904971664929652,0.99609375,0.9887186978125911,0.35932192734362767
Qwen2.5-0.5B,1,model.layers.1.mlp.down_proj,4864,2,0.1,1,0.0999177631578947,0.09999999999999998,-82236.84210530158,0.09095955239404555
Qwen2.5-0.5B,1,model.layers.1.mlp.down_proj,4864,2,0.1,2,0.183226017741271,0.18999999999999995,0.9247335304585673,0.09095955239404555
Qwen2.5-0.5B,1,model.layers.1.mlp.down_proj,4864,2,0.1,3,0.2567958268833849,0.2709999999999999,0.9169346601367544,0.09095955239404555
Qwen2.5-0.5B,1,model.layers.1.mlp.down_proj,4864,2,0.1,4,0.3215121238755041,0.3439,0.9082087899774667,0.09095955239404555
Qwen2.5-0.5B,1,model.layers.1.mlp.down_proj,4864,2,0.1,6,0.4306850474929928,0.46855899999999995,0.8972377488895747,0.09095955239404555
Qwen2.5-0.5B,1,model.layers.1.mlp.down_proj,4864,2,0.1,8,0.5189816473423657,0.5695327899999999,0.8923373537817579,0.09095955239404555
Qwen2.5-0.5B,1,model.layers.1.mlp.down_proj,4864,2,0.2,1,0.1998355263157894,0.19999999999999996,-164473.68421060315,0.14268049042880804
Qwen2.5-0.5B,1,model.layers.1.mlp.down_proj,4864,2,0.2,2,0.34985902255639095,0.3599999999999999,0.9366188909774442,0.14268049042880804
Qwen2.5-0.5B,1,model.layers.1.mlp.down_proj,4864,2,0.2,3,0.4682271510577915,0.4879999999999999,0.9313442745062209,0.14268049042880804
Qwen2.5-0.5B,1,model.layers.1.mlp.down_proj,4864,2,0.2,4,0.5624596086237205,0.5903999999999999,0.9284313745484645,0.14268049042880804
Qwen2.5-0.5B,1,model.layers.1.mlp.down_proj,4864,2,0.2,6,0.6985606119588913,0.7378559999999998,0.9269406903685956,0.14268049042880804
Qwen2.5-0.5B,1,model.layers.1.mlp.down_proj,4864,2,0.2,8,0.788873192417926,0.8322278399999999,0.9314255955858036,0.14268049042880804
Qwen2.5-0.5B,1,model.layers.1.mlp.down_proj,4864,2,0.3,1,0.29995888157894735,0.30000000000000004,-41118.42105264385,0.20400201784727892
Qwen2.5-0.5B,1,model.layers.1.mlp.down_proj,4864,2,0.3,2,0.49834279083839733,0.51,0.9444894801828444,0.20400201784727892
Qwen2.5-0.5B,1,model.layers.1.mlp.down_proj,4864,2,0.3,3,0.6362047697368421,0.657,0.941750055285272,0.20400201784727892
Qwen2.5-0.5B,1,model.layers.1.mlp.down_proj,4864,2,0.3,4,0.7335590941991521,0.7599,0.9427247101525377,0.20400201784727892
Qwen2.5-0.5B,1,model.layers.1.mlp.down_proj,4864,2,0.3,6,0.8526091138534205,0.882351,0.9489279040534326,0.20400201784727892
Qwen2.5-0.5B,1,model.layers.1.mlp.down_proj,4864,2,0.3,8,0.9159307419228765,0.94235199,0.9588679594856964,0.20400201784727892
Qwen2.5-0.5B,1,model.layers.1.mlp.down_proj,4864,2,0.5,1,0.5,0.5,0.0,0.3561374743683875
Qwen2.5-0.5B,1,model.layers.1.mlp.down_proj,4864,2,0.5,2,0.7374291089453084,0.75,0.9497164357812338,0.3561374743683875
Qwen2.5-0.5B,1,model.layers.1.mlp.down_proj,4864,2,0.5,3,0.8589275348297214,0.875,0.957140092879257,0.3561374743683875
Qwen2.5-0.5B,1,model.layers.1.mlp.down_proj,4864,2,0.5,4,0.9225345911746459,0.9375,0.9657933512563334,0.3561374743683875
Qwen2.5-0.5B,1,model.layers.1.mlp.down_proj,4864,2,0.5,6,0.975210133784906,0.984375,0.9810789858785155,0.3561374743683875
Qwen2.5-0.5B,1,model.layers.1.mlp.down_proj,4864,2,0.5,8,0.9913903725898905,0.99609375,0.9905191762441887,0.3561374743683875
Qwen2.5-0.5B,2,model.layers.2.mlp.down_proj,4864,2,0.1,1,0.0999177631578947,0.09999999999999998,-82236.84210530158,0.08728947727596444
Qwen2.5-0.5B,2,model.layers.2.mlp.down_proj,4864,2,0.1,2,0.1838435987228345,0.18999999999999995,0.9315955413648285,0.08728947727596444
Qwen2.5-0.5B,2,model.layers.2.mlp.down_proj,4864,2,0.1,3,0.25781048439112486,0.2709999999999999,0.9228683297726605,0.08728947727596444
Qwen2.5-0.5B,2,model.layers.2.mlp.down_proj,4864,2,0.1,4,0.3228502901716472,0.3439,0.91369532665702,0.08728947727596444
Qwen2.5-0.5B,2,model.layers.2.mlp.down_proj,4864,2,0.1,6,0.43263229263988373,0.46855899999999995,0.9025211503175441,0.08728947727596444
Qwen2.5-0.5B,2,model.layers.2.mlp.down_proj,4864,2,0.1,8,0.5221005406461698,0.5695327899999999,0.8989799000963701,0.08728947727596444
Qwen2.5-0.5B,2,model.layers.2.mlp.down_proj,4864,2,0.2,1,0.1998355263157894,0.19999999999999996,-164473.68421060315,0.13988563733631082
Qwen2.5-0.5B,2,model.layers.2.mlp.down_proj,4864,2,0.2,2,0.3507087496137605,0.3599999999999999,0.9419296850860037,0.13988563733631082
Qwen2.5-0.5B,2,model.layers.2.mlp.down_proj,4864,2,0.2,3,0.4701984165376677,0.4879999999999999,0.9381889463113465,0.13988563733631082
Qwen2.5-0.5B,2,model.layers.2.mlp.down_proj,4864,2,0.2,4,0.5646140846344743,0.5903999999999999,0.9339500118710921,0.13988563733631082
Qwen2.5-0.5B,2,model.layers.2.mlp.down_proj,4864,2,0.2,6,0.7010488035918198,0.7378559999999998,0.9315668201002123,0.13988563733631082
Qwen2.5-0.5B,2,model.layers.2.mlp.down_proj,4864,2,0.2,8,0.7917750944502345,0.8322278399999999,0.936015558015026,0.13988563733631082
Qwen2.5-0.5B,2,model.layers.2.mlp.down_proj,4864,2,0.3,1,0.29995888157894735,0.30000000000000004,-41118.42105264385,0.20110222385654442
Qwen2.5-0.5B,2,model.layers.2.mlp.down_proj,4864,2,0.3,2,0.4995365125141621,0.51,0.9501738691150575,0.20110222385654442
Qwen2.5-0.5B,2,model.layers.2.mlp.down_proj,4864,2,0.3,3,0.6385041763415893,0.657,0.9481909701445077,0.20110222385654442
Qwen2.5-0.5B,2,model.layers.2.mlp.down_proj,4864,2,0.3,4,0.7362027097766517,0.7599,0.9484729501557984,0.20110222385654442
Qwen2.5-0.5B,2,model.layers.2.mlp.down_proj,4864,2,0.3,6,0.8558320843714315,0.882351,0.9544623163202801,0.20110222385654442
Qwen2.5-0.5B,2,model.layers.2.mlp.down_proj,4864,2,0.3,8,0.9194115587545596,0.94235199,0.9642868215517781,0.20110222385654442
Qwen2.5-0.5B,2,model.layers.2.mlp.down_proj,4864,2,0.5,1,0.5,0.5,0.0,0.3524549120741903
Qwen2.5-0.5B,2,model.layers.2.mlp.down_proj,4864,2,0.5,2,0.7394427850448038,0.75,0.957771140179215,0.3524549120741903
Qwen2.5-0.5B,2,model.layers.2.mlp.down_proj,4864,2,0.5,3,0.8603291892414862,0.875,0.9608778379772964,0.3524549120741903
Qwen2.5-0.5B,2,model.layers.2.mlp.down_proj,4864,2,0.5,4,0.9238186330265743,0.9375,0.9687283040607413,0.3524549120741903
Qwen2.5-0.5B,2,model.layers.2.mlp.down_proj,4864,2,0.5,6,0.9765288429097891,0.984375,0.9838014821363389,0.3524549120741903
Qwen2.5-0.5B,2,model.layers.2.mlp.down_proj,4864,2,0.5,8,0.9925290678738927,0.99609375,0.9928144990213901,0.3524549120741903
Qwen2.5-0.5B,3,model.layers.3.mlp.down_proj,4864,2,0.1,1,0.0999177631578947,0.09999999999999998,-82236.84210530158,0.09871227358151403
Qwen2.5-0.5B,3,model.layers.3.mlp.down_proj,4864,2,0.1,2,0.18194378283036355,0.18999999999999995,0.9104864758929289,0.09871227358151403
Qwen2.5-0.5B,3,model.layers.3.mlp.down_proj,4864,2,0.1,3,0.25353336235810114,0.2709999999999999,0.8978559202228142,0.09871227358151403
Qwen2.5-0.5B,3,model.layers.3.mlp.down_proj,4864,2,0.1,4,0.3167673489039396,0.3439,0.888755018056333,0.09871227358151403
Qwen2.5-0.5B,3,model.layers.3.mlp.down_proj,4864,2,0.1,6,0.4235923226149694,0.46855899999999995,0.8779932727595023,0.09871227358151403
Qwen2.5-0.5B,3,model.layers.3.mlp.down_proj,4864,2,0.1,8,0.5108235083376759,0.5695327899999999,0.8749623393451945,0.09871227358151403
Qwen2.5-0.5B,3,model.layers.3.mlp.down_proj,4864,2,0.2,1,0.1998355263157894,0.19999999999999996,-164473.68421060315,0.15040324117914858
Qwen2.5-0.5B,3,model.layers.3.mlp.down_proj,4864,2,0.2,2,0.34749974250695237,0.3599999999999999,0.921873390668453,0.15040324117914858
Qwen2.5-0.5B,3,model.layers.3.mlp.down_proj,4864,2,0.2,3,0.4640794311145511,0.4879999999999999,0.9169424691477471,0.15040324117914858
Qwen2.5-0.5B,3,model.layers.3.mlp.down_proj,4864,2,0.2,4,0.5573787774015097,0.5903999999999999,0.9154169503112441,0.15040324117914858
Qwen2.5-0.5B,3,model.layers.3.mlp.down_proj,4864,2,0.2,6,0.6932318430135991,0.7378559999999998,0.9170332635753792,0.15040324117914858
Qwen2.5-0.5B,3,model.layers.3.mlp.down_proj,4864,2,0.2,8,0.784473928478374,0.8322278399999999,0.9244672434519399,0.15040324117914858
Qwen2.5-0.5B,3,model.layers.3.mlp.down_proj,4864,2,0.3,1,0.29995888157894735,0.30000000000000004,-41118.42105264385,0.20848753085692118
Qwen2.5-0.5B,3,model.layers.3.mlp.down_proj,4864,2,0.3,2,0.496492864223916,0.51,0.9356803058281713,0.20848753085692118
Qwen2.5-0.5B,3,model.layers.3.mlp.down_proj,4864,2,0.3,3,0.6336655056759547,0.657,0.9346372708009935,0.20848753085692118
Qwen2.5-0.5B,3,model.layers.3.mlp.down_proj,4864,2,0.3,4,0.7310124179247235,0.7599,0.9371872535871352,0.20848753085692118
Qwen2.5-0.5B,3,model.layers.3.mlp.down_proj,4864,2,0.3,6,0.8516358967870861,0.882351,0.9472567176618327,0.20848753085692118
Qwen2.5-0.5B,3,model.layers.3.mlp.down_proj,4864,2,0.3,8,0.9159812239447629,0.94235199,0.9589465488302803,0.20848753085692118
Qwen2.5-0.5B,3,model.layers.3.mlp.down_proj,4864,2,0.5,1,0.5,0.5,0.0,0.35758723736755826
Qwen2.5-0.5B,3,model.layers.3.mlp.down_proj,4864,2,0.5,2,0.736643352816974,0.75,0.9465734112678961,0.35758723736755826
Qwen2.5-0.5B,3,model.layers.3.mlp.down_proj,4864,2,0.5,3,0.8580487293601652,0.875,0.9547966116271072,0.35758723736755826
Qwen2.5-0.5B,3,model.layers.3.mlp.down_proj,4864,2,0.5,4,0.9219578023213733,0.9375,0.9644749767345674,0.35758723736755826
Qwen2.5-0.5B,3,model.layers.3.mlp.down_proj,4864,2,0.5,6,0.9752291926191218,0.984375,0.9811183331491546,0.35758723736755826
Qwen2.5-0.5B,3,model.layers.3.mlp.down_proj,4864,2,0.5,8,0.9915401902032308,0.99609375,0.9908211708033628,0.35758723736755826
Qwen2.5-0.5B,4,model.layers.4.mlp.down_proj,4864,2,0.1,1,0.0999177631578947,0.09999999999999998,-82236.84210530158,0.12692591986676335
Qwen2.5-0.5B,4,model.layers.4.mlp.down_proj,4864,2,0.1,2,0.17750926974971676,0.18999999999999995,0.8612141083301867,0.12692591986676335
Qwen2.5-0.5B,4,model.layers.4.mlp.down_proj,4864,2,0.1,3,0.24447682856037153,0.2709999999999999,0.844893734271179,0.12692591986676335
Qwen2.5-0.5B,4,model.layers.4.mlp.down_proj,4864,2,0.1,4,0.3029761173870334,0.3439,0.8322104033908709,0.12692591986676335
Qwen2.5-0.5B,4,model.layers.4.mlp.down_proj,4864,2,0.1,6,0.40079674037163915,0.46855899999999995,0.8161427081461562,0.12692591986676335
Qwen2.5-0.5B,4,model.layers.4.mlp.down_proj,4864,2,0.1,8,0.48126872720166747,0.5695327899999999,0.8120172548581059,0.12692591986676335
Qwen2.5-0.5B,4,model.layers.4.mlp.down_proj,4864,2,0.2,1,0.1998355263157894,0.19999999999999996,-164473.68421060315,0.1732711035192702
Qwen2.5-0.5B,4,model.layers.4.mlp.down_proj,4864,2,0.2,2,0.34093085346070656,0.3599999999999999,0.8808178341294167,0.1732711035192702
Qwen2.5-0.5B,4,model.layers.4.mlp.down_proj,4864,2,0.2,3,0.4518837880546956,0.4879999999999999,0.8745964863010267,0.1732711035192702
Qwen2.5-0.5B,4,model.layers.4.mlp.down_proj,4864,2,0.2,4,0.5402031524661358,0.5903999999999999,0.8714220093907169,0.1732711035192702
Qwen2.5-0.5B,4,model.layers.4.mlp.down_proj,4864,2,0.2,6,0.6702870341534309,0.7378559999999998,0.8743735017429034,0.1732711035192702
Qwen2.5-0.5B,4,model.layers.4.mlp.down_proj,4864,2,0.2,8,0.759124218342887,0.8322278399999999,0.8843713974109194,0.1732711035192702
Qwen2.5-0.5B,4,model.layers.4.mlp.down_proj,4864,2,0.3,1,0.29995888157894735,0.30000000000000004,-41118.42105264385,0.23129970882656598
Qwen2.5-0.5B,4,model.layers.4.mlp.down_proj,4864,2,0.3,2,0.48753009449994855,0.51,0.893000449999755,0.23129970882656598
Qwen2.5-0.5B,4,model.layers.4.mlp.down_proj,4864,2,0.3,3,0.6186605069659443,0.657,0.8926064620894798,0.23129970882656598
Qwen2.5-0.5B,4,model.layers.4.mlp.down_proj,4864,2,0.3,4,0.7121726682866302,0.7599,0.8962223707036968,0.23129970882656598
Qwen2.5-0.5B,4,model.layers.4.mlp.down_proj,4864,2,0.3,6,0.8305868336707152,0.882351,0.9111117413221839,0.23129970882656598
Qwen2.5-0.5B,4,model.layers.4.mlp.down_proj,4864,2,0.3,8,0.8974563574778531,0.94235199,0.9301074282930968,0.23129970882656598
Qwen2.5-0.5B,4,model.layers.4.mlp.down_proj,4864,2,0.5,1,0.5,0.5,0.0,0.37352500767426444
Qwen2.5-0.5B,4,model.layers.4.mlp.down_proj,4864,2,0.5,2,0.7282313768153259,0.75,0.9129255072613036,0.37352500767426444
Qwen2.5-0.5B,4,model.layers.4.mlp.down_proj,4864,2,0.5,3,0.8473974458204334,0.875,0.9263931888544891,0.37352500767426444
Qwen2.5-0.5B,4,model.layers.4.mlp.down_proj,4864,2,0.5,4,0.9118086612035984,0.9375,0.9412769398939391,0.37352500767426444
Qwen2.5-0.5B,4,model.layers.4.mlp.down_proj,4864,2,0.5,6,0.9678238217585383,0.984375,0.9658298255660146,0.37352500767426444
Qwen2.5-0.5B,4,model.layers.4.mlp.down_proj,4864,2,0.5,8,0.9869634249609172,0.99609375,0.9815955652755496,0.37352500767426444
Qwen2.5-0.5B,5,model.layers.5.mlp.down_proj,4864,2,0.1,1,0.0999177631578947,0.09999999999999998,-82236.84210530158,0.13562650747016453
Qwen2.5-0.5B,5,model.layers.5.mlp.down_proj,4864,2,0.1,2,0.17624433515295085,0.18999999999999995,0.8471592794772321,0.13562650747016453
Qwen2.5-0.5B,5,model.layers.5.mlp.down_proj,4864,2,0.1,3,0.24090637899896797,0.2709999999999999,0.8240139122746669,0.13562650747016453
Qwen2.5-0.5B,5,model.layers.5.mlp.down_proj,4864,2,0.1,4,0.2969250853065867,0.3439,0.8074009237662431,0.13562650747016453
Qwen2.5-0.5B,5,model.layers.5.mlp.down_proj,4864,2,0.1,6,0.3899761886224437,0.46855899999999995,0.7867836319895694,0.13562650747016453
Qwen2.5-0.5B,5,model.layers.5.mlp.down_proj,4864,2,0.1,8,0.465090053413236,0.5695327899999999,0.7775602922497405,0.13562650747016453
Qwen2.5-0.5B,5,model.layers.5.mlp.down_proj,4864,2,0.2,1,0.1998355263157894,0.19999999999999996,-164473.68421060315,0.18690892644516927
Qwen2.5-0.5B,5,model.layers.5.mlp.down_proj,4864,2,0.2,2,0.337239046889484,0.3599999999999999,0.8577440430592755,0.18690892644516927
Qwen2.5-0.5B,5,model.layers.5.mlp.down_proj,4864,2,0.2,3,0.44297560307017547,0.4879999999999999,0.8436652884381096,0.18690892644516927
Qwen2.5-0.5B,5,model.layers.5.mlp.down_proj,4864,2,0.2,4,0.526815430798263,0.5903999999999999,0.8371296895447312,0.18690892644516927
Qwen2.5-0.5B,5,model.layers.5.mlp.down_proj,4864,2,0.2,6,0.6493243440516973,0.7378559999999998,0.8353989619000204,0.18690892644516927
Qwen2.5-0.5B,5,model.layers.5.mlp.down_proj,4864,2,0.2,8,0.7342182614643042,0.8322278399999999,0.8449774395640414,0.18690892644516927
Qwen2.5-0.5B,5,model.layers.5.mlp.down_proj,4864,2,0.3,1,0.29995888157894735,0.30000000000000004,-41118.42105264385,0.24526220821901001
Qwen2.5-0.5B,5,model.layers.5.mlp.down_proj,4864,2,0.3,2,0.48227361533113605,0.51,0.8679695968149336,0.24526220821901001
Qwen2.5-0.5B,5,model.layers.5.mlp.down_proj,4864,2,0.3,3,0.6078419278895768,0.657,0.8623023190184224,0.24526220821901001
Qwen2.5-0.5B,5,model.layers.5.mlp.down_proj,4864,2,0.3,4,0.6979815621445559,0.7599,0.8653654319298888,0.24526220821901001
Qwen2.5-0.5B,5,model.layers.5.mlp.down_proj,4864,2,0.3,6,0.8120036592961694,0.882351,0.879201133502251,0.24526220821901001
Qwen2.5-0.5B,5,model.layers.5.mlp.down_proj,4864,2,0.3,8,0.876965134835852,0.94235199,0.8982071260273544,0.24526220821901001
Qwen2.5-0.5B,5,model.layers.5.mlp.down_proj,4864,2,0.5,1,0.5,0.5,0.0,0.38231460193831285
Qwen2.5-0.5B,5,model.layers.5.mlp.down_proj,4864,2,0.5,2,0.7237320881398702,0.75,0.8949283525594809,0.38231460193831285
Qwen2.5-0.5B,5,model.layers.5.mlp.down_proj,4864,2,0.5,3,0.8397220072239422,0.875,0.9059253525971792,0.38231460193831285
Qwen2.5-0.5B,5,model.layers.5.mlp.down_proj,4864,2,0.5,4,0.9032872925498914,0.9375,0.9217995258283231,0.38231460193831285
Qwen2.5-0.5B,5,model.layers.5.mlp.down_proj,4864,2,0.5,6,0.9599058899096854,0.984375,0.9494831275554795,0.38231460193831285
Qwen2.5-0.5B,5,model.layers.5.mlp.down_proj,4864,2,0.5,8,0.9811726485148515,0.99609375,0.969922819053559,0.38231460193831285
Qwen2.5-0.5B,6,model.layers.6.mlp.down_proj,4864,2,0.1,1,0.0999177631578947,0.09999999999999998,-82236.84210530158,0.1513227593622424
Qwen2.5-0.5B,6,model.layers.6.mlp.down_proj,4864,2,0.1,2,0.1738488451436811,0.18999999999999995,0.8205427238186793,0.1513227593622424
Qwen2.5-0.5B,6,model.layers.6.mlp.down_proj,4864,2,0.1,3,0.23606327399380805,0.2709999999999999,0.7956916607825036,0.1513227593622424
Qwen2.5-0.5B,6,model.layers.6.mlp.down_proj,4864,2,0.1,4,0.28947933900320544,0.3439,0.7768730586437288,0.1513227593622424
Qwen2.5-0.5B,6,model.layers.6.mlp.down_proj,4864,2,0.1,6,0.37825500557977787,0.46855899999999995,0.7549809001537825,0.1513227593622424
Qwen2.5-0.5B,6,model.layers.6.mlp.down_proj,4864,2,0.1,8,0.45034319632621156,0.5695327899999999,0.7461527795028152,0.1513227593622424
Qwen2.5-0.5B,6,model.layers.6.mlp.down_proj,4864,2,0.2,1,0.1998355263157894,0.19999999999999996,-164473.68421060315,0.19968509531975492
Qwen2.5-0.5B,6,model.layers.6.mlp.down_proj,4864,2,0.2,2,0.33362891389432486,0.3599999999999999,0.835180711839531,0.19968509531975492
Qwen2.5-0.5B,6,model.layers.6.mlp.down_proj,4864,2,0.2,3,0.43588952850877194,0.4879999999999999,0.8190608628776807,0.19968509531975492
Qwen2.5-0.5B,6,model.layers.6.mlp.down_proj,4864,2,0.2,4,0.5168928853014166,0.5903999999999999,0.8117133332515797,0.19968509531975492
Qwen2.5-0.5B,6,model.layers.6.mlp.down_proj,4864,2,0.2,6,0.6363213530312468,0.7378559999999998,0.8112233628169007,0.19968509531975492
Qwen2.5-0.5B,6,model.layers.6.mlp.down_proj,4864,2,0.2,8,0.7195011236321001,0.8322278399999999,0.8216992210151647,0.19968509531975492
Qwen2.5-0.5B,6,model.layers.6.mlp.down_proj,4864,2,0.3,1,0.29995888157894735,0.30000000000000004,-41118.42105264385,0.2539892949295709
Qwen2.5-0.5B,6,model.layers.6.mlp.down_proj,4864,2,0.3,2,0.47889884707487895,0.51,0.8518992717851378,0.2539892949295709
Qwen2.5-0.5B,6,model.layers.6.mlp.down_proj,4864,2,0.3,3,0.601624580753354,0.657,0.8448867808217199,0.2539892949295709
Qwen2.5-0.5B,6,model.layers.6.mlp.down_proj,4864,2,0.3,4,0.6895361292782546,0.7599,0.847001803170808,0.2539892949295709
Qwen2.5-0.5B,6,model.layers.6.mlp.down_proj,4864,2,0.3,6,0.8025857566438285,0.882351,0.8630289235252081,0.2539892949295709
Qwen2.5-0.5B,6,model.layers.6.mlp.down_proj,4864,2,0.3,8,0.8691212871287128,0.94235199,0.8859959897200796,0.2539892949295709
Qwen2.5-0.5B,6,model.layers.6.mlp.down_proj,4864,2,0.5,1,0.5,0.5,0.0,0.3880903344854764
Qwen2.5-0.5B,6,model.layers.6.mlp.down_proj,4864,2,0.5,2,0.7207125798228449,0.75,0.8828503192913795,0.3880903344854764
Qwen2.5-0.5B,6,model.layers.6.mlp.down_proj,4864,2,0.5,3,0.8356899832301342,0.875,0.8951732886136913,0.3880903344854764
Qwen2.5-0.5B,6,model.layers.6.mlp.down_proj,4864,2,0.5,4,0.8993806386361286,0.9375,0.9128700311682939,0.3880903344854764
Qwen2.5-0.5B,6,model.layers.6.mlp.down_proj,4864,2,0.5,6,0.9581281467351811,0.984375,0.9458129480984384,0.3880903344854764
Qwen2.5-0.5B,6,model.layers.6.mlp.down_proj,4864,2,0.5,8,0.9810085819437208,0.99609375,0.9695921021857679,0.3880903344854764
Qwen2.5-0.5B,7,model.layers.7.mlp.down_proj,4864,2,0.1,1,0.0999177631578947,0.09999999999999998,-82236.84210530158,0.1741147382731814
Qwen2.5-0.5B,7,model.layers.7.mlp.down_proj,4864,2,0.1,2,0.17051189617880316,0.18999999999999995,0.7834655130978134,0.1741147382731814
Qwen2.5-0.5B,7,model.layers.7.mlp.down_proj,4864,2,0.1,3,0.22902113970588237,0.2709999999999999,0.7545095889232891,0.1741147382731814
Qwen2.5-0.5B,7,model.layers.7.mlp.down_proj,4864,2,0.1,4,0.2793035395770861,0.3439,0.7351518637846909,0.1741147382731814
Qwen2.5-0.5B,7,model.layers.7.mlp.down_proj,4864,2,0.1,6,0.363147027146268,0.46855899999999995,0.7139888787040014,0.1741147382731814
Qwen2.5-0.5B,7,model.layers.7.mlp.down_proj,4864,2,0.1,8,0.43198117509119327,0.5695327899999999,0.7070457743562347,0.1741147382731814
Qwen2.5-0.5B,7,model.layers.7.mlp.down_proj,4864,2,0.2,1,0.1998355263157894,0.19999999999999996,-164473.68421060315,0.2128328356676983
Qwen2.5-0.5B,7,model.layers.7.mlp.down_proj,4864,2,0.2,2,0.33001355057163456,0.3599999999999999,0.8125846910727166,0.2128328356676983
Qwen2.5-0.5B,7,model.layers.7.mlp.down_proj,4864,2,0.2,3,0.42926986584107335,0.4879999999999999,0.7960759230592828,0.2128328356676983
Qwen2.5-0.5B,7,model.layers.7.mlp.down_proj,4864,2,0.2,4,0.5080596952228311,0.5903999999999999,0.789087334074875,0.2128328356676983
Qwen2.5-0.5B,7,model.layers.7.mlp.down_proj,4864,2,0.2,6,0.6255158050451571,0.7378559999999998,0.7911333238732249,0.2128328356676983
Qwen2.5-0.5B,7,model.layers.7.mlp.down_proj,4864,2,0.2,8,0.7082489252214695,0.8322278399999999,0.8039015257877122,0.2128328356676983
Qwen2.5-0.5B,7,model.layers.7.mlp.down_proj,4864,2,0.3,1,0.29995888157894735,0.30000000000000004,-41118.42105264385,0.26530682779732034
Qwen2.5-0.5B,7,model.layers.7.mlp.down_proj,4864,2,0.3,2,0.47462647414769804,0.51,0.8315546387985621,0.26530682779732034
Qwen2.5-0.5B,7,model.layers.7.mlp.down_proj,4864,2,0.3,3,0.5945751902734777,0.657,0.8251405890013381,0.26530682779732034
Qwen2.5-0.5B,7,model.layers.7.mlp.down_proj,4864,2,0.3,4,0.6809477109399235,0.7599,0.8283272688408859,0.26530682779732034
Qwen2.5-0.5B,7,model.layers.7.mlp.down_proj,4864,2,0.3,6,0.7935145625713692,0.882351,0.8474520737001725,0.26530682779732034
Qwen2.5-0.5B,7,model.layers.7.mlp.down_proj,4864,2,0.3,8,0.8607530777748826,0.94235199,0.8729685382851893,0.26530682779732034
Qwen2.5-0.5B,7,model.layers.7.mlp.down_proj,4864,2,0.5,1,0.5,0.5,0.0,0.3958268614104009
Qwen2.5-0.5B,7,model.layers.7.mlp.down_proj,4864,2,0.5,2,0.7167238515810072,0.75,0.8668954063240286,0.3958268614104009
Qwen2.5-0.5B,7,model.layers.7.mlp.down_proj,4864,2,0.5,3,0.8304111035861713,0.875,0.8810962762297901,0.3958268614104009
Qwen2.5-0.5B,7,model.layers.7.mlp.down_proj,4864,2,0.5,4,0.8939439593888946,0.9375,0.9004433357460447,0.3958268614104009
Qwen2.5-0.5B,7,model.layers.7.mlp.down_proj,4864,2,0.5,6,0.9542340619485103,0.984375,0.9377735472485375,0.3958268614104009
Qwen2.5-0.5B,7,model.layers.7.mlp.down_proj,4864,2,0.5,8,0.9783216356175091,0.99609375,0.964175895417971,0.3958268614104009
Qwen2.5-0.5B,8,model.layers.8.mlp.down_proj,4864,2,0.1,1,0.0999177631578947,0.09999999999999998,-82236.84210530158,0.24338275723950553
Qwen2.5-0.5B,8,model.layers.8.mlp.down_proj,4864,2,0.1,2,0.16123047880832217,0.18999999999999995,0.6803386534258022,0.24338275723950553
Qwen2.5-0.5B,8,model.layers.8.mlp.down_proj,4864,2,0.1,3,0.21063999613003095,0.2709999999999999,0.6470175212282515,0.24338275723950553
Qwen2.5-0.5B,8,model.layers.8.mlp.down_proj,4864,2,0.1,4,0.25271874353737983,0.3439,0.6261531100343577,0.24338275723950553
Qwen2.5-0.5B,8,model.layers.8.mlp.down_proj,4864,2,0.1,6,0.3227905539551542,0.46855899999999995,0.6044908792219271,0.24338275723950553
Qwen2.5-0.5B,8,model.layers.8.mlp.down_proj,4864,2,0.1,8,0.3801841779572694,0.5695327899999999,0.5967297362922607,0.24338275723950553
Qwen2.5-0.5B,8,model.layers.8.mlp.down_proj,4864,2,0.2,1,0.1998355263157894,0.19999999999999996,-164473.68421060315,0.27407650151420165
Qwen2.5-0.5B,8,model.layers.8.mlp.down_proj,4864,2,0.2,2,0.3145052271088681,0.3599999999999999,0.7156576694304261,0.27407650151420165
Qwen2.5-0.5B,8,model.layers.8.mlp.down_proj,4864,2,0.2,3,0.4001435113519091,0.4879999999999999,0.6949427477496847,0.27407650151420165
Qwen2.5-0.5B,8,model.layers.8.mlp.down_proj,4864,2,0.2,4,0.46807182879226555,0.5903999999999999,0.6866593975211721,0.27407650151420165
Qwen2.5-0.5B,8,model.layers.8.mlp.down_proj,4864,2,0.2,6,0.5712763904027821,0.7378559999999998,0.6902895763973669,0.27407650151420165
Qwen2.5-0.5B,8,model.layers.8.mlp.down_proj,4864,2,0.2,8,0.6465346534653466,0.8322278399999999,0.706287552071966,0.27407650151420165
Qwen2.5-0.5B,8,model.layers.8.mlp.down_proj,4864,2,0.3,1,0.29995888157894735,0.30000000000000004,-41118.42105264385,0.3193810117204492
Qwen2.5-0.5B,8,model.layers.8.mlp.down_proj,4864,2,0.3,2,0.45562952222165,0.51,0.741092962960238,0.3193810117204492
Qwen2.5-0.5B,8,model.layers.8.mlp.down_proj,4864,2,0.3,3,0.5618481520897833,0.657,0.733468213136648,0.3193810117204492
Qwen2.5-0.5B,8,model.layers.8.mlp.down_proj,4864,2,0.3,4,0.6396988257419087,0.7599,0.7386362812392013,0.3193810117204492
Qwen2.5-0.5B,8,model.layers.8.mlp.down_proj,4864,2,0.3,6,0.7456371489930448,0.882351,0.7652380591654255,0.3193810117204492
Qwen2.5-0.5B,8,model.layers.8.mlp.down_proj,4864,2,0.3,8,0.8131025273579989,0.94235199,0.7987871686331959,0.3193810117204492
Qwen2.5-0.5B,8,model.layers.8.mlp.down_proj,4864,2,0.5,1,0.5,0.5,0.0,0.4340393656670474
Qwen2.5-0.5B,8,model.layers.8.mlp.down_proj,4864,2,0.5,2,0.6979670923885055,0.75,0.7918683695540221,0.4340393656670474
Qwen2.5-0.5B,8,model.layers.8.mlp.down_proj,4864,2,0.5,3,0.8041275638544891,0.875,0.8110068369453044,0.4340393656670474
Qwen2.5-0.5B,8,model.layers.8.mlp.down_proj,4864,2,0.5,4,0.8668017623565297,0.9375,0.8384040282434965,0.4340393656670474
Qwen2.5-0.5B,8,model.layers.8.mlp.down_proj,4864,2,0.5,6,0.9317178741046402,0.984375,0.8912885142805476,0.4340393656670474
Qwen2.5-0.5B,8,model.layers.8.mlp.down_proj,4864,2,0.5,8,0.961610457920792,0.99609375,0.9304903718718327,0.4340393656670474
Qwen2.5-0.5B,9,model.layers.9.mlp.down_proj,4864,2,0.1,1,0.0999177631578947,0.09999999999999998,-82236.84210530158,0.27063952727829277
Qwen2.5-0.5B,9,model.layers.9.mlp.down_proj,4864,2,0.1,2,0.15779053262436915,0.18999999999999995,0.6421170291596576,0.27063952727829277
Qwen2.5-0.5B,9,model.layers.9.mlp.down_proj,4864,2,0.1,3,0.20347531282249742,0.2709999999999999,0.6051187884356578,0.27063952727829277
Qwen2.5-0.5B,9,model.layers.9.mlp.down_proj,4864,2,0.1,4,0.24194838305242478,0.3439,0.5819941904568462,0.27063952727829277
Qwen2.5-0.5B,9,model.layers.9.mlp.down_proj,4864,2,0.1,6,0.3052280409789266,0.46855899999999995,0.5568390433524255,0.27063952727829277
Qwen2.5-0.5B,9,model.layers.9.mlp.down_proj,4864,2,0.1,8,0.35730605132881704,0.5695327899999999,0.5480044350657961,0.27063952727829277
Qwen2.5-0.5B,9,model.layers.9.mlp.down_proj,4864,2,0.2,1,0.1998355263157894,0.19999999999999996,-164473.68421060315,0.3003438148250865
Qwen2.5-0.5B,9,model.layers.9.mlp.down_proj,4864,2,0.2,2,0.3081487698269647,0.3599999999999999,0.6759298114185299,0.3003438148250865
Qwen2.5-0.5B,9,model.layers.9.mlp.down_proj,4864,2,0.2,3,0.3885888319143447,0.4879999999999999,0.6548223330359193,0.3003438148250865
Qwen2.5-0.5B,9,model.layers.9.mlp.down_proj,4864,2,0.2,4,0.4520106019284459,0.5903999999999999,0.6455189598576996,0.3003438148250865
Qwen2.5-0.5B,9,model.layers.9.mlp.down_proj,4864,2,0.2,6,0.548121123352019,0.7378559999999998,0.6472385236048664,0.3003438148250865
Qwen2.5-0.5B,9,model.layers.9.mlp.down_proj,4864,2,0.2,8,0.6185786053934342,0.8322278399999999,0.6620692397750696,0.3003438148250865
Qwen2.5-0.5B,9,model.layers.9.mlp.down_proj,4864,2,0.3,1,0.29995888157894735,0.30000000000000004,-41118.42105264385,0.3409607273400076
Qwen2.5-0.5B,9,model.layers.9.mlp.down_proj,4864,2,0.3,2,0.4482451044134309,0.51,0.7059290686353853,0.3409607273400076
Qwen2.5-0.5B,9,model.layers.9.mlp.down_proj,4864,2,0.3,3,0.5491937564499483,0.657,0.6980217267505554,0.3409607273400076
Qwen2.5-0.5B,9,model.layers.9.mlp.down_proj,4864,2,0.3,4,0.6232009681005066,0.7599,0.7027635749086902,0.3409607273400076
Qwen2.5-0.5B,9,model.layers.9.mlp.down_proj,4864,2,0.3,6,0.7248042211668224,0.882351,0.7294642254702446,0.3409607273400076
Qwen2.5-0.5B,9,model.layers.9.mlp.down_proj,4864,2,0.3,8,0.7912653888744138,0.94235199,0.7647915730352353,0.3409607273400076
Qwen2.5-0.5B,9,model.layers.9.mlp.down_proj,4864,2,0.5,1,0.5,0.5,0.0,0.4499291397988611
Qwen2.5-0.5B,9,model.layers.9.mlp.down_proj,4864,2,0.5,2,0.6902467266196313,0.75,0.7609869064785251,0.4499291397988611
Qwen2.5-0.5B,9,model.layers.9.mlp.down_proj,4864,2,0.5,3,0.7934815208978329,0.875,0.7826173890608876,0.4499291397988611
Qwen2.5-0.5B,9,model.layers.9.mlp.down_proj,4864,2,0.5,4,0.8553823124547617,0.9375,0.8123024284680268,0.4499291397988611
Qwen2.5-0.5B,9,model.layers.9.mlp.down_proj,4864,2,0.5,6,0.9220258486452819,0.984375,0.8712791713967111,0.4499291397988611
Qwen2.5-0.5B,9,model.layers.9.mlp.down_proj,4864,2,0.5,8,0.9546968636008337,0.99609375,0.9165543077308145,0.4499291397988611
Qwen2.5-0.5B,10,model.layers.10.mlp.down_proj,4864,2,0.1,1,0.0999177631578947,0.09999999999999998,-82236.84210530158,0.3324938012613573
Qwen2.5-0.5B,10,model.layers.10.mlp.down_proj,4864,2,0.1,2,0.15052802168091461,0.18999999999999995,0.5614224631212738,0.3324938012613573
Qwen2.5-0.5B,10,model.layers.10.mlp.down_proj,4864,2,0.1,3,0.18965549213106295,0.2709999999999999,0.5243011235734678,0.3324938012613573
Qwen2.5-0.5B,10,model.layers.10.mlp.down_proj,4864,2,0.1,4,0.2222822258556509,0.3439,0.5013621396295651,0.3324938012613573
Qwen2.5-0.5B,10,model.layers.10.mlp.down_proj,4864,2,0.1,6,0.27509561857676734,0.46855899999999995,0.47508165199267244,0.3324938012613573
Qwen2.5-0.5B,10,model.layers.10.mlp.down_proj,4864,2,0.1,8,0.31806075755601876,0.5695327899999999,0.46442072247184013,0.3324938012613573
Qwen2.5-0.5B,10,model.layers.10.mlp.down_proj,4864,2,0.2,1,0.1998355263157894,0.19999999999999996,-164473.68421060315,0.35550046278633646
Qwen2.5-0.5B,10,model.layers.10.mlp.down_proj,4864,2,0.2,2,0.29560563974147697,0.3599999999999999,0.5975352483842314,0.35550046278633646
Qwen2.5-0.5B,10,model.layers.10.mlp.down_proj,4864,2,0.2,3,0.36586929179566563,0.4879999999999999,0.5759350409571725,0.35550046278633646
Qwen2.5-0.5B,10,model.layers.10.mlp.down_proj,4864,2,0.2,4,0.4217554415262124,0.5903999999999999,0.5680211104667328,0.35550046278633646
Qwen2.5-0.5B,10,model.layers.10.mlp.down_proj,4864,2,0.2,6,0.506668564439946,0.7378559999999998,0.5701685291973058,0.35550046278633646
Qwen2.5-0.5B,10,model.layers.10.mlp.down_proj,4864,2,0.2,8,0.5706206846013548,0.8322278399999999,0.5862138000777614,0.35550046278633646
Qwen2.5-0.5B,10,model.layers.10.mlp.down_proj,4864,2,0.3,1,0.29995888157894735,0.30000000000000004,-41118.42105264385,0.3925446414788602
Qwen2.5-0.5B,10,model.layers.10.mlp.down_proj,4864,2,0.3,2,0.4316504821557318,0.51,0.6269070578844372,0.3925446414788602
Qwen2.5-0.5B,10,model.layers.10.mlp.down_proj,4864,2,0.3,3,0.5221757288441693,0.657,0.6223409771545358,0.3925446414788602
Qwen2.5-0.5B,10,model.layers.10.mlp.down_proj,4864,2,0.3,4,0.5895412185916659,0.7599,0.6295742956983384,0.3925446414788602
Qwen2.5-0.5B,10,model.layers.10.mlp.down_proj,4864,2,0.3,6,0.6831724281116993,0.882351,0.6579750496035883,0.3925446414788602
Qwen2.5-0.5B,10,model.layers.10.mlp.down_proj,4864,2,0.3,8,0.7469319958311621,0.94235199,0.6957742838644619,0.3925446414788602
Qwen2.5-0.5B,10,model.layers.10.mlp.down_proj,4864,2,0.5,1,0.5,0.5,0.0,0.4860356957100963
Qwen2.5-0.5B,10,model.layers.10.mlp.down_proj,4864,2,0.5,2,0.6735205415078793,0.75,0.6940821660315173,0.4860356957100963
Qwen2.5-0.5B,10,model.layers.10.mlp.down_proj,4864,2,0.5,3,0.7713267543859649,0.875,0.7235380116959064,0.4860356957100963
Qwen2.5-0.5B,10,model.layers.10.mlp.down_proj,4864,2,0.5,4,0.8320805274790611,0.9375,0.7590412056664254,0.4860356957100963
Qwen2.5-0.5B,10,model.layers.10.mlp.down_proj,4864,2,0.5,6,0.9010019269697912,0.984375,0.8278749460021496,0.4860356957100963
Qwen2.5-0.5B,10,model.layers.10.mlp.down_proj,4864,2,0.5,8,0.9370481044815008,0.99609375,0.8809788562776708,0.4860356957100963
Qwen2.5-0.5B,11,model.layers.11.mlp.down_proj,4864,2,0.1,1,0.0999177631578947,0.09999999999999998,-82236.84210530158,0.34071217705421597
Qwen2.5-0.5B,11,model.layers.11.mlp.down_proj,4864,2,0.1,2,0.14967386896178803,0.18999999999999995,0.5519318773532006,0.34071217705421597
Qwen2.5-0.5B,11,model.layers.11.mlp.down_proj,4864,2,0.1,3,0.18801478650670794,0.2709999999999999,0.5147063538403975,0.34071217705421597
Qwen2.5-0.5B,11,model.layers.11.mlp.down_proj,4864,2,0.1,4,0.2199791095801882,0.3439,0.4919192684714564,0.34071217705421597
Qwen2.5-0.5B,11,model.layers.11.mlp.down_proj,4864,2,0.1,6,0.2716540797259421,0.46855899999999995,0.46574382860259034,0.34071217705421597
Qwen2.5-0.5B,11,model.layers.11.mlp.down_proj,4864,2,0.1,8,0.3136329957008858,0.5695327899999999,0.4549905784021726,0.34071217705421597
Qwen2.5-0.5B,11,model.layers.11.mlp.down_proj,4864,2,0.2,1,0.1998355263157894,0.19999999999999996,-164473.68421060315,0.36542829665148846
Qwen2.5-0.5B,11,model.layers.11.mlp.down_proj,4864,2,0.2,2,0.29372513582758264,0.3599999999999999,0.585782098922392,0.36542829665148846
Qwen2.5-0.5B,11,model.layers.11.mlp.down_proj,4864,2,0.2,3,0.3630542924406605,0.4879999999999999,0.5661607376411826,0.36542829665148846
Qwen2.5-0.5B,11,model.layers.11.mlp.down_proj,4864,2,0.2,4,0.41811617852342053,0.5903999999999999,0.5586992277751551,0.36542829665148846
Qwen2.5-0.5B,11,model.layers.11.mlp.down_proj,4864,2,0.2,6,0.5011415025173881,0.7378559999999998,0.5598924294186327,0.36542829665148846
Qwen2.5-0.5B,11,model.layers.11.mlp.down_proj,4864,2,0.2,8,0.5634037910369984,0.8322278399999999,0.5747987798781504,0.36542829665148846
Qwen2.5-0.5B,11,model.layers.11.mlp.down_proj,4864,2,0.3,1,0.29995888157894735,0.30000000000000004,-41118.42105264385,0.39883143686621664
Qwen2.5-0.5B,11,model.layers.11.mlp.down_proj,4864,2,0.3,2,0.4300182176331239,0.51,0.6191343696815425,0.39883143686621664
Qwen2.5-0.5B,11,model.layers.11.mlp.down_proj,4864,2,0.3,3,0.5195739809081528,0.657,0.6150531678099517,0.39883143686621664
Qwen2.5-0.5B,11,model.layers.11.mlp.down_proj,4864,2,0.3,4,0.5862400314083341,0.7599,0.6223962413749383,0.39883143686621664
Qwen2.5-0.5B,11,model.layers.11.mlp.down_proj,4864,2,0.3,6,0.679597882928475,0.882351,0.6518369212527754,0.39883143686621664
Qwen2.5-0.5B,11,model.layers.11.mlp.down_proj,4864,2,0.3,8,0.7433282308494007,0.94235199,0.6901640187172156,0.39883143686621664
Qwen2.5-0.5B,11,model.layers.11.mlp.down_proj,4864,2,0.5,1,0.5,0.5,0.0,0.48895292449439504
Qwen2.5-0.5B,11,model.layers.11.mlp.down_proj,4864,2,0.5,2,0.6724294147183025,0.75,0.6897176588732101,0.48895292449439504
Qwen2.5-0.5B,11,model.layers.11.mlp.down_proj,4864,2,0.5,3,0.7696134868421053,0.875,0.7189692982456141,0.48895292449439504
Qwen2.5-0.5B,11,model.layers.11.mlp.down_proj,4864,2,0.5,4,0.830845359192431,0.9375,0.7562179638684137,0.48895292449439504
Qwen2.5-0.5B,11,model.layers.11.mlp.down_proj,4864,2,0.5,6,0.9002497112789369,0.984375,0.8263219845758698,0.48895292449439504
Qwen2.5-0.5B,11,model.layers.11.mlp.down_proj,4864,2,0.5,8,0.9368225638353308,0.99609375,0.8805242231641314,0.48895292449439504
Qwen2.5-0.5B,12,model.layers.12.mlp.down_proj,4864,2,0.1,1,0.0999177631578947,0.09999999999999998,-82236.84210530158,0.3972499565987494
Qwen2.5-0.5B,12,model.layers.12.mlp.down_proj,4864,2,0.1,2,0.14367307395200332,0.18999999999999995,0.4852563772444816,0.3972499565987494
Qwen2.5-0.5B,12,model.layers.12.mlp.down_proj,4864,2,0.1,3,0.17766060371517026,0.2709999999999999,0.45415557728169764,0.3972499565987494
Qwen2.5-0.5B,12,model.layers.12.mlp.down_proj,4864,2,0.1,4,0.20555696476579466,0.3439,0.4327878834185923,0.3972499565987494
Qwen2.5-0.5B,12,model.layers.12.mlp.down_proj,4864,2,0.1,6,0.2506771968753244,0.46855899999999995,0.40882788610595433,0.3972499565987494
Qwen2.5-0.5B,12,model.layers.12.mlp.down_proj,4864,2,0.1,8,0.28769460005211045,0.5695327899999999,0.3997475874946039,0.3972499565987494
Qwen2.5-0.5B,12,model.layers.12.mlp.down_proj,4864,2,0.2,1,0.1998355263157894,0.19999999999999996,-164473.68421060315,0.40729541803160574
Qwen2.5-0.5B,12,model.layers.12.mlp.down_proj,4864,2,0.2,2,0.28489111262745903,0.3599999999999999,0.5305694539216194,0.40729541803160574
Qwen2.5-0.5B,12,model.layers.12.mlp.down_proj,4864,2,0.2,3,0.3477896833075335,0.4879999999999999,0.5131586225956026,0.40729541803160574
Qwen2.5-0.5B,12,model.layers.12.mlp.down_proj,4864,2,0.2,4,0.397572316720091,0.5903999999999999,0.5060766309428562,0.40729541803160574
Qwen2.5-0.5B,12,model.layers.12.mlp.down_proj,4864,2,0.2,6,0.4740443008408595,0.7378559999999998,0.5095123989336543,0.40729541803160574
Qwen2.5-0.5B,12,model.layers.12.mlp.down_proj,4864,2,0.2,8,0.5325490978374152,0.8322278399999999,0.5259956566250156,0.40729541803160574
Qwen2.5-0.5B,12,model.layers.12.mlp.down_proj,4864,2,0.3,1,0.29995888157894735,0.30000000000000004,-41118.42105264385,0.4384940375198137
Qwen2.5-0.5B,12,model.layers.12.mlp.down_proj,4864,2,0.3,2,0.41809025453187765,0.51,0.5623345453898936,0.4384940375198137
Qwen2.5-0.5B,12,model.layers.12.mlp.down_proj,4864,2,0.3,3,0.5005131740196078,0.657,0.5616615518756521,0.4384940375198137
Qwen2.5-0.5B,12,model.layers.12.mlp.down_proj,4864,2,0.3,4,0.5626038058370385,0.7599,0.5710019696391356,0.4384940375198137
Qwen2.5-0.5B,12,model.layers.12.mlp.down_proj,4864,2,0.3,6,0.6513251161372366,0.882351,0.603287563921478,0.4384940375198137
Qwen2.5-0.5B,12,model.layers.12.mlp.down_proj,4864,2,0.3,8,0.7137339597446586,0.94235199,0.6440922830248546,0.4384940375198137
Qwen2.5-0.5B,12,model.layers.12.mlp.down_proj,4864,2,0.5,1,0.5,0.5,0.0,0.5147213116795639
Qwen2.5-0.5B,12,model.layers.12.mlp.down_proj,4864,2,0.5,2,0.6609858604130188,0.75,0.6439434416520751,0.5147213116795639
Qwen2.5-0.5B,12,model.layers.12.mlp.down_proj,4864,2,0.5,3,0.7550837687048504,0.875,0.6802233832129344,0.5147213116795639
Qwen2.5-0.5B,12,model.layers.12.mlp.down_proj,4864,2,0.5,4,0.8152809462568504,0.9375,0.720642162872801,0.5147213116795639
Qwen2.5-0.5B,12,model.layers.12.mlp.down_proj,4864,2,0.5,6,0.8854089620315582,0.984375,0.795683018387733,0.5147213116795639
Qwen2.5-0.5B,12,model.layers.12.mlp.down_proj,4864,2,0.5,8,0.9240685252735801,0.99609375,0.8548152950396575,0.5147213116795639
Qwen2.5-0.5B,13,model.layers.13.mlp.down_proj,4864,2,0.1,1,0.0999177631578947,0.09999999999999998,-82236.84210530158,0.39045229735796083
Qwen2.5-0.5B,13,model.layers.13.mlp.down_proj,4864,2,0.1,2,0.14441738979297558,0.18999999999999995,0.4935265532552845,0.39045229735796083
Qwen2.5-0.5B,13,model.layers.13.mlp.down_proj,4864,2,0.1,3,0.1784624129256966,0.2709999999999999,0.4588445200333136,0.39045229735796083
Qwen2.5-0.5B,13,model.layers.13.mlp.down_proj,4864,2,0.1,4,0.2064617315944577,0.3439,0.4364974645119217,0.39045229735796083
Qwen2.5-0.5B,13,model.layers.13.mlp.down_proj,4864,2,0.1,6,0.251722188700301,0.46855899999999995,0.4116632308539501,0.39045229735796083
Qwen2.5-0.5B,13,model.layers.13.mlp.down_proj,4864,2,0.1,8,0.28854261659718605,0.5695327899999999,0.4015536733806942,0.39045229735796083
Qwen2.5-0.5B,13,model.layers.13.mlp.down_proj,4864,2,0.2,1,0.1998355263157894,0.19999999999999996,-164473.68421060315,0.4240775590353677
Qwen2.5-0.5B,13,model.layers.13.mlp.down_proj,4864,2,0.2,2,0.281752916108765,0.3599999999999999,0.5109557256797818,0.4240775590353677
Qwen2.5-0.5B,13,model.layers.13.mlp.down_proj,4864,2,0.2,3,0.3415767705108359,0.4879999999999999,0.4915860087181804,0.4240775590353677
Qwen2.5-0.5B,13,model.layers.13.mlp.down_proj,4864,2,0.2,4,0.3886563243201323,0.5903999999999999,0.48323853565607666,0.4240775590353677
Qwen2.5-0.5B,13,model.layers.13.mlp.down_proj,4864,2,0.2,6,0.46004781739852585,0.7378559999999998,0.48348966526082426,0.4240775590353677
Qwen2.5-0.5B,13,model.layers.13.mlp.down_proj,4864,2,0.2,8,0.5145954110213653,0.8322278399999999,0.4975981617977553,0.4240775590353677
Qwen2.5-0.5B,13,model.layers.13.mlp.down_proj,4864,2,0.3,1,0.29995888157894735,0.30000000000000004,-41118.42105264385,0.4566947950442015
Qwen2.5-0.5B,13,model.layers.13.mlp.down_proj,4864,2,0.3,2,0.4131017290658152,0.51,0.5385796622181677,0.4566947950442015
Qwen2.5-0.5B,13,model.layers.13.mlp.down_proj,4864,2,0.3,3,0.4905701754385965,0.657,0.5338100152341638,0.4566947950442015
Qwen2.5-0.5B,13,model.layers.13.mlp.down_proj,4864,2,0.3,4,0.5485964804570365,0.7599,0.5405446411329342,0.4566947950442015
Qwen2.5-0.5B,13,model.layers.13.mlp.down_proj,4864,2,0.3,6,0.6313895755475968,0.882351,0.5690547033448844,0.4566947950442015
Qwen2.5-0.5B,13,model.layers.13.mlp.down_proj,4864,2,0.3,8,0.6899272081813445,0.94235199,0.6070304354180399,0.4566947950442015
Qwen2.5-0.5B,13,model.layers.13.mlp.down_proj,4864,2,0.5,1,0.5,0.5,0.0,0.5330599634169216
Qwen2.5-0.5B,13,model.layers.13.mlp.down_proj,4864,2,0.5,2,0.6533411332269029,0.75,0.6133645329076116,0.5330599634169216
Qwen2.5-0.5B,13,model.layers.13.mlp.down_proj,4864,2,0.5,3,0.7419375644994841,0.875,0.645166838665291,0.5330599634169216
Qwen2.5-0.5B,13,model.layers.13.mlp.down_proj,4864,2,0.5,4,0.7993303917640368,0.9375,0.6841837526035126,0.5330599634169216
Qwen2.5-0.5B,13,model.layers.13.mlp.down_proj,4864,2,0.5,6,0.8684121314751375,0.984375,0.7605927875615742,0.5330599634169216
Qwen2.5-0.5B,13,model.layers.13.mlp.down_proj,4864,2,0.5,8,0.9078821163366336,0.99609375,0.8221875730880174,0.5330599634169216
Qwen2.5-0.5B,14,model.layers.14.mlp.down_proj,4864,2,0.1,1,0.0999177631578947,0.09999999999999998,-82236.84210530158,0.4096208452707162
Qwen2.5-0.5B,14,model.layers.14.mlp.down_proj,4864,2,0.1,2,0.142361066407457,0.18999999999999995,0.4706785156384113,0.4096208452707162
Qwen2.5-0.5B,14,model.layers.14.mlp.down_proj,4864,2,0.1,3,0.17366324819401446,0.2709999999999999,0.43077922920476314,0.4096208452707162
Qwen2.5-0.5B,14,model.layers.14.mlp.down_proj,4864,2,0.1,4,0.19887542330162342,0.3439,0.4053932894695507,0.4096208452707162
Qwen2.5-0.5B,14,model.layers.14.mlp.down_proj,4864,2,0.1,6,0.23917985375791548,0.46855899999999995,0.3776324923768392,0.4096208452707162
Qwen2.5-0.5B,14,model.layers.14.mlp.down_proj,4864,2,0.1,8,0.27178177110474205,0.5695327899999999,0.3658568150367988,0.4096208452707162
Qwen2.5-0.5B,14,model.layers.14.mlp.down_proj,4864,2,0.2,1,0.1998355263157894,0.19999999999999996,-164473.68421060315,0.43247296792947054
Qwen2.5-0.5B,14,model.layers.14.mlp.down_proj,4864,2,0.2,2,0.2799054034916057,0.3599999999999999,0.49940877182253596,0.43247296792947054
Qwen2.5-0.5B,14,model.layers.14.mlp.down_proj,4864,2,0.2,3,0.3371323529411765,0.4879999999999999,0.47615400326797414,0.43247296792947054
Qwen2.5-0.5B,14,model.layers.14.mlp.down_proj,4864,2,0.2,4,0.38161247221073313,0.5903999999999999,0.4651958816873288,0.43247296792947054
Qwen2.5-0.5B,14,model.layers.14.mlp.down_proj,4864,2,0.2,6,0.4496850831776186,0.7378559999999998,0.4642229205914198,0.43247296792947054
Qwen2.5-0.5B,14,model.layers.14.mlp.down_proj,4864,2,0.2,8,0.5019785695674831,0.8322278399999999,0.4776419993897819,0.43247296792947054
Qwen2.5-0.5B,14,model.layers.14.mlp.down_proj,4864,2,0.3,1,0.29995888157894735,0.30000000000000004,-41118.42105264385,0.46553161165048895
Qwen2.5-0.5B,14,model.layers.14.mlp.down_proj,4864,2,0.3,2,0.4104032823926254,0.51,0.5257299161553591,0.46553161165048895
Qwen2.5-0.5B,14,model.layers.14.mlp.down_proj,4864,2,0.3,3,0.48542069788441694,0.657,0.5193857083597113,0.46553161165048895
Qwen2.5-0.5B,14,model.layers.14.mlp.down_proj,4864,2,0.3,4,0.5408922293454658,0.7599,0.523792627409145,0.46553161165048895
Qwen2.5-0.5B,14,model.layers.14.mlp.down_proj,4864,2,0.3,6,0.6211014546351085,0.882351,0.551388174202686,0.46553161165048895
Qwen2.5-0.5B,14,model.layers.14.mlp.down_proj,4864,2,0.3,8,0.6783708963001563,0.94235199,0.5890398133586483,0.46553161165048895
Qwen2.5-0.5B,14,model.layers.14.mlp.down_proj,4864,2,0.5,1,0.5,0.5,0.0,0.5404029471601675
Qwen2.5-0.5B,14,model.layers.14.mlp.down_proj,4864,2,0.5,2,0.6500122309197651,0.75,0.6000489236790605,0.5404029471601675
Qwen2.5-0.5B,14,model.layers.14.mlp.down_proj,4864,2,0.5,3,0.7370698690660474,0.875,0.6321863175094599,0.5404029471601675
Qwen2.5-0.5B,14,model.layers.14.mlp.down_proj,4864,2,0.5,4,0.7932926888377624,0.9375,0.6703832887720284,0.5404029471601675
Qwen2.5-0.5B,14,model.layers.14.mlp.down_proj,4864,2,0.5,6,0.861321028625558,0.984375,0.7459530913559907,0.5404029471601675
Qwen2.5-0.5B,14,model.layers.14.mlp.down_proj,4864,2,0.5,8,0.9008610441636269,0.99609375,0.8080348606762873,0.5404029471601675
Qwen2.5-0.5B,15,model.layers.15.mlp.down_proj,4864,2,0.1,1,0.0999177631578947,0.09999999999999998,-82236.84210530158,0.4269239994406594
Qwen2.5-0.5B,15,model.layers.15.mlp.down_proj,4864,2,0.1,2,0.14063344899062724,0.18999999999999995,0.4514827665625251,0.4269239994406594
Qwen2.5-0.5B,15,model.layers.15.mlp.down_proj,4864,2,0.1,3,0.17011174535603715,0.2709999999999999,0.4100102067604514,0.4269239994406594
Qwen2.5-0.5B,15,model.layers.15.mlp.down_proj,4864,2,0.1,4,0.19376995333988212,0.3439,0.3844606533000497,0.4269239994406594
Qwen2.5-0.5B,15,model.layers.15.mlp.down_proj,4864,2,0.1,6,0.23142939634589432,0.46855899999999995,0.35660341043332094,0.4269239994406594
Qwen2.5-0.5B,15,model.layers.15.mlp.down_proj,4864,2,0.1,8,0.26190072954663884,0.5695327899999999,0.3448124028710303,0.4269239994406594
Qwen2.5-0.5B,15,model.layers.15.mlp.down_proj,4864,2,0.2,1,0.1998355263157894,0.19999999999999996,-164473.68421060315,0.43730654439171407
Qwen2.5-0.5B,15,model.layers.15.mlp.down_proj,4864,2,0.2,2,0.27896997952930275,0.3599999999999999,0.4935623720581425,0.43730654439171407
Qwen2.5-0.5B,15,model.layers.15.mlp.down_proj,4864,2,0.2,3,0.33454874548503616,0.4879999999999999,0.4671831440452646,0.43730654439171407
Qwen2.5-0.5B,15,model.layers.15.mlp.down_proj,4864,2,0.2,4,0.3778782894736842,0.5903999999999999,0.45563086443054357,0.43730654439171407
Qwen2.5-0.5B,15,model.layers.15.mlp.down_proj,4864,2,0.2,6,0.4441649148759473,0.7378559999999998,0.453959637665002,0.43730654439171407
Qwen2.5-0.5B,15,model.layers.15.mlp.down_proj,4864,2,0.2,8,0.49467740359562273,0.8322278399999999,0.466093684826696,0.43730654439171407
Qwen2.5-0.5B,15,model.layers.15.mlp.down_proj,4864,2,0.3,1,0.29995888157894735,0.30000000000000004,-41118.42105264385,0.4638560343708315
Qwen2.5-0.5B,15,model.layers.15.mlp.down_proj,4864,2,0.3,2,0.4108494695643218,0.51,0.5278546169729609,0.4638560343708315
Qwen2.5-0.5B,15,model.layers.15.mlp.down_proj,4864,2,0.3,3,0.48535539215686274,0.657,0.519202779150876,0.4638560343708315
Qwen2.5-0.5B,15,model.layers.15.mlp.down_proj,4864,2,0.3,4,0.5409257541877779,0.7599,0.523865523348071,0.4638560343708315
Qwen2.5-0.5B,15,model.layers.15.mlp.down_proj,4864,2,0.3,6,0.6221245490760926,0.882351,0.5531450088968553,0.4638560343708315
Qwen2.5-0.5B,15,model.layers.15.mlp.down_proj,4864,2,0.3,8,0.6797306539864513,0.94235199,0.5911566553821235,0.4638560343708315
Qwen2.5-0.5B,15,model.layers.15.mlp.down_proj,4864,2,0.5,1,0.5,0.5,0.0,0.5380038925932304
Qwen2.5-0.5B,15,model.layers.15.mlp.down_proj,4864,2,0.5,2,0.6510490427695953,0.75,0.6041961710783812,0.5380038925932304
Qwen2.5-0.5B,15,model.layers.15.mlp.down_proj,4864,2,0.5,3,0.7387585461816305,0.875,0.636689456484348,0.5380038925932304
Qwen2.5-0.5B,15,model.layers.15.mlp.down_proj,4864,2,0.5,4,0.7960461689587426,0.9375,0.676676957619983,0.5380038925932304
Qwen2.5-0.5B,15,model.layers.15.mlp.down_proj,4864,2,0.5,6,0.865747138741825,0.984375,0.7550908670798967,0.5380038925932304
Qwen2.5-0.5B,15,model.layers.15.mlp.down_proj,4864,2,0.5,8,0.9053348097967692,0.99609375,0.8170528449446686,0.5380038925932304
Qwen2.5-0.5B,16,model.layers.16.mlp.down_proj,4864,2,0.1,1,0.0999177631578947,0.09999999999999998,-82236.84210530158,0.2874085872517756
Qwen2.5-0.5B,16,model.layers.16.mlp.down_proj,4864,2,0.1,2,0.15541274526212792,0.18999999999999995,0.6156971695791995,0.2874085872517756
Qwen2.5-0.5B,16,model.layers.16.mlp.down_proj,4864,2,0.1,3,0.19794045085139317,0.2709999999999999,0.5727511745695509,0.2874085872517756
Qwen2.5-0.5B,16,model.layers.16.mlp.down_proj,4864,2,0.1,4,0.23270724007341534,0.3439,0.5441051253522564,0.2874085872517756
Qwen2.5-0.5B,16,model.layers.16.mlp.down_proj,4864,2,0.1,6,0.2890227603031247,0.46855899999999995,0.5128697448797199,0.2874085872517756
Qwen2.5-0.5B,16,model.layers.16.mlp.down_proj,4864,2,0.1,8,0.33467748501823863,0.5695327899999999,0.49981064159169514,0.2874085872517756
Qwen2.5-0.5B,16,model.layers.16.mlp.down_proj,4864,2,0.2,1,0.1998355263157894,0.19999999999999996,-164473.68421060315,0.29593029858898157
Qwen2.5-0.5B,16,model.layers.16.mlp.down_proj,4864,2,0.2,2,0.3086722049129674,0.3599999999999999,0.6792012807060466,0.29593029858898157
Qwen2.5-0.5B,16,model.layers.16.mlp.down_proj,4864,2,0.2,3,0.38863075657894736,0.4879999999999999,0.6549679047880119,0.29593029858898157
Qwen2.5-0.5B,16,model.layers.16.mlp.down_proj,4864,2,0.2,4,0.4515541793764864,0.5903999999999999,0.6443498447143607,0.29593029858898157
Qwen2.5-0.5B,16,model.layers.16.mlp.down_proj,4864,2,0.2,6,0.5468912202844389,0.7378559999999998,0.6449518463760542,0.29593029858898157
Qwen2.5-0.5B,16,model.layers.16.mlp.down_proj,4864,2,0.2,8,0.617393499218343,0.8322278399999999,0.660194747542821,0.29593029858898157
Qwen2.5-0.5B,16,model.layers.16.mlp.down_proj,4864,2,0.3,1,0.29995888157894735,0.30000000000000004,-41118.42105264385,0.32860141091092493
Qwen2.5-0.5B,16,model.layers.16.mlp.down_proj,4864,2,0.3,2,0.45183914409310943,0.51,0.7230435433005211,0.32860141091092493
Qwen2.5-0.5B,16,model.layers.16.mlp.down_proj,4864,2,0.3,3,0.5553728070175438,0.657,0.7153299916457808,0.32860141091092493
Qwen2.5-0.5B,16,model.layers.16.mlp.down_proj,4864,2,0.3,4,0.6307064936407818,0.7599,0.7190834825848702,0.32860141091092493
Qwen2.5-0.5B,16,model.layers.16.mlp.down_proj,4864,2,0.3,6,0.7337314602148863,0.882351,0.7447938789748558,0.32860141091092493
Qwen2.5-0.5B,16,model.layers.16.mlp.down_proj,4864,2,0.3,8,0.8002064063314227,0.94235199,0.7787107600171405,0.32860141091092493
Qwen2.5-0.5B,16,model.layers.16.mlp.down_proj,4864,2,0.5,1,0.5,0.5,0.0,0.4342339937150223
Qwen2.5-0.5B,16,model.layers.16.mlp.down_proj,4864,2,0.5,2,0.6974380246420846,0.75,0.7897520985683384,0.4342339937150223
Qwen2.5-0.5B,16,model.layers.16.mlp.down_proj,4864,2,0.5,3,0.8040920891382869,0.875,0.8109122377020984,0.4342339937150223
Qwen2.5-0.5B,16,model.layers.16.mlp.down_proj,4864,2,0.5,4,0.8662924271016441,0.9375,0.8372398333751866,0.4342339937150223
Qwen2.5-0.5B,16,model.layers.16.mlp.down_proj,4864,2,0.5,6,0.9307130274836499,0.984375,0.8892139922243095,0.4342339937150223
Qwen2.5-0.5B,16,model.layers.16.mlp.down_proj,4864,2,0.5,8,0.9608076309275664,0.99609375,0.9288720749406062,0.4342339937150223
Qwen2.5-0.5B,17,model.layers.17.mlp.down_proj,4864,2,0.1,1,0.0999177631578947,0.09999999999999998,-82236.84210530158,0.2162746346007276
Qwen2.5-0.5B,17,model.layers.17.mlp.down_proj,4864,2,0.1,2,0.16446845388299514,0.18999999999999995,0.7163161542555019,0.2162746346007276
Qwen2.5-0.5B,17,model.layers.17.mlp.down_proj,4864,2,0.1,3,0.21651831785345715,0.2709999999999999,0.6813936716576445,0.2162746346007276
Qwen2.5-0.5B,17,model.layers.17.mlp.down_proj,4864,2,0.1,4,0.26030303226140006,0.3439,0.6572490047617879,0.2162746346007276
Qwen2.5-0.5B,17,model.layers.17.mlp.down_proj,4864,2,0.1,6,0.3325328622962732,0.46855899999999995,0.6309243901146715,0.2162746346007276
Qwen2.5-0.5B,17,model.layers.17.mlp.down_proj,4864,2,0.1,8,0.3918182484366858,0.5695327899999999,0.6215077086238979,0.2162746346007276
Qwen2.5-0.5B,17,model.layers.17.mlp.down_proj,4864,2,0.2,1,0.1998355263157894,0.19999999999999996,-164473.68421060315,0.24334252198648995
Qwen2.5-0.5B,17,model.layers.17.mlp.down_proj,4864,2,0.2,2,0.32167318982387477,0.3599999999999999,0.7604574363992179,0.24334252198648995
Qwen2.5-0.5B,17,model.layers.17.mlp.down_proj,4864,2,0.2,3,0.41398469749742006,0.4879999999999999,0.7430024218660422,0.24334252198648995
Qwen2.5-0.5B,17,model.layers.17.mlp.down_proj,4864,2,0.2,4,0.48704931302347226,0.5903999999999999,0.7352697567199599,0.24334252198648995
Qwen2.5-0.5B,17,model.layers.17.mlp.down_proj,4864,2,0.2,6,0.5969084948873663,0.7378559999999998,0.7379456488118872,0.24334252198648995
Qwen2.5-0.5B,17,model.layers.17.mlp.down_proj,4864,2,0.2,8,0.676295026706618,0.8322278399999999,0.7533597804022962,0.24334252198648995
Qwen2.5-0.5B,17,model.layers.17.mlp.down_proj,4864,2,0.3,1,0.29995888157894735,0.30000000000000004,-41118.42105264385,0.2873174651071456
Qwen2.5-0.5B,17,model.layers.17.mlp.down_proj,4864,2,0.3,2,0.4662841017355031,0.51,0.7918290558833481,0.2873174651071456
Qwen2.5-0.5B,17,model.layers.17.mlp.down_proj,4864,2,0.3,3,0.5813931082301342,0.657,0.7882159894401519,0.2873174651071456
Qwen2.5-0.5B,17,model.layers.17.mlp.down_proj,4864,2,0.3,4,0.6648913310412574,0.7599,0.7934145054169546,0.2873174651071456
Qwen2.5-0.5B,17,model.layers.17.mlp.down_proj,4864,2,0.3,6,0.7754970706166303,0.882351,0.8165128429703569,0.2873174651071456
Qwen2.5-0.5B,17,model.layers.17.mlp.down_proj,4864,2,0.3,8,0.8432911835591455,0.94235199,0.8457842304795309,0.2873174651071456
Qwen2.5-0.5B,17,model.layers.17.mlp.down_proj,4864,2,0.5,1,0.5,0.5,0.0,0.407187299267703
Qwen2.5-0.5B,17,model.layers.17.mlp.down_proj,4864,2,0.5,2,0.7107962811566587,0.75,0.8431851246266349,0.407187299267703
Qwen2.5-0.5B,17,model.layers.17.mlp.down_proj,4864,2,0.5,3,0.8236991260319917,0.875,0.8631976694186445,0.407187299267703
Qwen2.5-0.5B,17,model.layers.17.mlp.down_proj,4864,2,0.5,4,0.887229296996174,0.9375,0.8850955359912549,0.407187299267703
Qwen2.5-0.5B,17,model.layers.17.mlp.down_proj,4864,2,0.5,6,0.9483777282518426,0.984375,0.9256830518747718,0.407187299267703
Qwen2.5-0.5B,17,model.layers.17.mlp.down_proj,4864,2,0.5,8,0.9736198866597187,0.99609375,0.9546983542117163,0.407187299267703
Qwen2.5-0.5B,18,model.layers.18.mlp.down_proj,4864,2,0.1,1,0.0999177631578947,0.09999999999999998,-82236.84210530158,0.20775756941101906
Qwen2.5-0.5B,18,model.layers.18.mlp.down_proj,4864,2,0.1,2,0.16566981988361315,0.18999999999999995,0.7296646653734798,0.20775756941101906
Qwen2.5-0.5B,18,model.layers.18.mlp.down_proj,4864,2,0.1,3,0.2189406765995872,0.2709999999999999,0.695559512278288,0.20775756941101906
Qwen2.5-0.5B,18,model.layers.18.mlp.down_proj,4864,2,0.1,4,0.2641523304208458,0.3439,0.6730312850383182,0.20775756941101906
Qwen2.5-0.5B,18,model.layers.18.mlp.down_proj,4864,2,0.1,6,0.3390586882331568,0.46855899999999995,0.6486307164745857,0.20775756941101906
Qwen2.5-0.5B,18,model.layers.18.mlp.down_proj,4864,2,0.1,8,0.400204370766024,0.5695327899999999,0.6393682766352144,0.20775756941101906
Qwen2.5-0.5B,18,model.layers.18.mlp.down_proj,4864,2,0.2,1,0.1998355263157894,0.19999999999999996,-164473.68421060315,0.23706087274508789
Qwen2.5-0.5B,18,model.layers.18.mlp.down_proj,4864,2,0.2,2,0.3233525272942631,0.3599999999999999,0.770953295589145,0.23706087274508789
Qwen2.5-0.5B,18,model.layers.18.mlp.down_proj,4864,2,0.2,3,0.41620509223426216,0.4879999999999999,0.7507121258134106,0.23706087274508789
Qwen2.5-0.5B,18,model.layers.18.mlp.down_proj,4864,2,0.2,4,0.4892304473425706,0.5903999999999999,0.7408566786438797,0.23706087274508789
Qwen2.5-0.5B,18,model.layers.18.mlp.down_proj,4864,2,0.2,6,0.5990045611439843,0.7378559999999998,0.7418427258299328,0.23706087274508789
Qwen2.5-0.5B,18,model.layers.18.mlp.down_proj,4864,2,0.2,8,0.6774813542209485,0.8322278399999999,0.755236204436914,0.23706087274508789
Qwen2.5-0.5B,18,model.layers.18.mlp.down_proj,4864,2,0.3,1,0.29995888157894735,0.30000000000000004,-41118.42105264385,0.28437104416965914
Qwen2.5-0.5B,18,model.layers.18.mlp.down_proj,4864,2,0.3,2,0.46736074454114734,0.51,0.7969559263864159,0.28437104416965914
Qwen2.5-0.5B,18,model.layers.18.mlp.down_proj,4864,2,0.3,3,0.5815604037667698,0.657,0.7886846043887108,0.28437104416965914
Qwen2.5-0.5B,18,model.layers.18.mlp.down_proj,4864,2,0.3,4,0.6639998933667667,0.7599,0.7914761760529825,0.28437104416965914
Qwen2.5-0.5B,18,model.layers.18.mlp.down_proj,4864,2,0.3,6,0.773526711564414,0.882351,0.8131293868550307,0.28437104416965914
Qwen2.5-0.5B,18,model.layers.18.mlp.down_proj,4864,2,0.3,8,0.8407589402032308,0.94235199,0.841842087549586,0.28437104416965914
Qwen2.5-0.5B,18,model.layers.18.mlp.down_proj,4864,2,0.5,1,0.5,0.5,0.0,0.4088351239901984
Qwen2.5-0.5B,18,model.layers.18.mlp.down_proj,4864,2,0.5,2,0.7100028807034711,0.75,0.8400115228138842,0.4088351239901984
Qwen2.5-0.5B,18,model.layers.18.mlp.down_proj,4864,2,0.5,3,0.8205362325851393,0.875,0.8547632868937048,0.4088351239901984
Qwen2.5-0.5B,18,model.layers.18.mlp.down_proj,4864,2,0.5,4,0.8838905458329025,0.9375,0.87746410476092,0.4088351239901984
Qwen2.5-0.5B,18,model.layers.18.mlp.down_proj,4864,2,0.5,6,0.9462617921467871,0.984375,0.921314667657883,0.4088351239901984
Qwen2.5-0.5B,18,model.layers.18.mlp.down_proj,4864,2,0.5,8,0.9729404149296508,0.99609375,0.9533287104093748,0.4088351239901984
Qwen2.5-0.5B,19,model.layers.19.mlp.down_proj,4864,2,0.1,1,0.0999177631578947,0.09999999999999998,-82236.84210530158,0.2632413249033052
Qwen2.5-0.5B,19,model.layers.19.mlp.down_proj,4864,2,0.1,2,0.15839564128643527,0.18999999999999995,0.64884045873817,0.2632413249033052
Qwen2.5-0.5B,19,model.layers.19.mlp.down_proj,4864,2,0.1,3,0.20358617131062953,0.2709999999999999,0.6057670836878923,0.2632413249033052
Qwen2.5-0.5B,19,model.layers.19.mlp.down_proj,4864,2,0.1,4,0.24140673469651538,0.3439,0.579773409989813,0.2632413249033052
Qwen2.5-0.5B,19,model.layers.19.mlp.down_proj,4864,2,0.1,6,0.3036668386016817,0.46855899999999995,0.5526030801084268,0.2632413249033052
Qwen2.5-0.5B,19,model.layers.19.mlp.down_proj,4864,2,0.1,8,0.3551023482282439,0.5695327899999999,0.5433110395298354,0.2632413249033052
Qwen2.5-0.5B,19,model.layers.19.mlp.down_proj,4864,2,0.2,1,0.1998355263157894,0.19999999999999996,-164473.68421060315,0.26635253876354986
Qwen2.5-0.5B,19,model.layers.19.mlp.down_proj,4864,2,0.2,2,0.3159001152281389,0.3599999999999999,0.7243757201758685,0.26635253876354986
Qwen2.5-0.5B,19,model.layers.19.mlp.down_proj,4864,2,0.2,3,0.4025920730134159,0.4879999999999999,0.7034446979632498,0.26635253876354986
Qwen2.5-0.5B,19,model.layers.19.mlp.down_proj,4864,2,0.2,4,0.47145581829697036,0.5903999999999999,0.6953274034246169,0.26635253876354986
Qwen2.5-0.5B,19,model.layers.19.mlp.down_proj,4864,2,0.2,6,0.5764587712810133,0.7378559999999998,0.6999248335632834,0.26635253876354986
Qwen2.5-0.5B,19,model.layers.19.mlp.down_proj,4864,2,0.2,8,0.653422599661282,0.8322278399999999,0.717182273500139,0.26635253876354986
Qwen2.5-0.5B,19,model.layers.19.mlp.down_proj,4864,2,0.3,1,0.29995888157894735,0.30000000000000004,-41118.42105264385,0.29942007698846196
Qwen2.5-0.5B,19,model.layers.19.mlp.down_proj,4864,2,0.3,2,0.4619807491760223,0.51,0.7713369008382013,0.29942007698846196
Qwen2.5-0.5B,19,model.layers.19.mlp.down_proj,4864,2,0.3,3,0.5732306985294118,0.657,0.7653520967210413,0.29942007698846196
Qwen2.5-0.5B,19,model.layers.19.mlp.down_proj,4864,2,0.3,4,0.6545672952641919,0.7599,0.7709660692850443,0.29942007698846196
Qwen2.5-0.5B,19,model.layers.19.mlp.down_proj,4864,2,0.3,6,0.7649027918353577,0.882351,0.798320586442468,0.29942007698846196
Qwen2.5-0.5B,19,model.layers.19.mlp.down_proj,4864,2,0.3,8,0.8343049765502867,0.94235199,0.8317946933585224,0.29942007698846196
Qwen2.5-0.5B,19,model.layers.19.mlp.down_proj,4864,2,0.5,1,0.5,0.5,0.0,0.4102933479724546
Qwen2.5-0.5B,19,model.layers.19.mlp.down_proj,4864,2,0.5,2,0.7092440808785664,0.75,0.8369763235142655,0.4102933479724546
Qwen2.5-0.5B,19,model.layers.19.mlp.down_proj,4864,2,0.5,3,0.82093572626419,0.875,0.8558286033711733,0.4102933479724546
Qwen2.5-0.5B,19,model.layers.19.mlp.down_proj,4864,2,0.5,4,0.8844249237410816,0.9375,0.8786855399796151,0.4102933479724546
Qwen2.5-0.5B,19,model.layers.19.mlp.down_proj,4864,2,0.5,6,0.9471782382175855,0.984375,0.9232066853524346,0.4102933479724546
Qwen2.5-0.5B,19,model.layers.19.mlp.down_proj,4864,2,0.5,8,0.9736300644867119,0.99609375,0.9547188701464427,0.4102933479724546
Qwen2.5-0.5B,20,model.layers.20.mlp.down_proj,4864,2,0.1,1,0.0999177631578947,0.09999999999999998,-82236.84210530158,0.29548931240607695
Qwen2.5-0.5B,20,model.layers.20.mlp.down_proj,4864,2,0.1,2,0.15445277899371718,0.18999999999999995,0.6050308777079689,0.29548931240607695
Qwen2.5-0.5B,20,model.layers.20.mlp.down_proj,4864,2,0.1,3,0.19478924793601649,0.2709999999999999,0.5543230873451259,0.29548931240607695
Qwen2.5-0.5B,20,model.layers.20.mlp.down_proj,4864,2,0.1,4,0.22743899286526728,0.3439,0.5225050957985539,0.29548931240607695
Qwen2.5-0.5B,20,model.layers.20.mlp.down_proj,4864,2,0.1,6,0.27919326793314647,0.46855899999999995,0.48619968019542725,0.29548931240607695
Qwen2.5-0.5B,20,model.layers.20.mlp.down_proj,4864,2,0.1,8,0.3207041427826994,0.5695327899999999,0.4700505427591104,0.29548931240607695
Qwen2.5-0.5B,20,model.layers.20.mlp.down_proj,4864,2,0.2,1,0.1998355263157894,0.19999999999999996,-164473.68421060315,0.3006040865601298
Qwen2.5-0.5B,20,model.layers.20.mlp.down_proj,4864,2,0.2,2,0.3075472821608816,0.3599999999999999,0.6721705135055106,0.3006040865601298
Qwen2.5-0.5B,20,model.layers.20.mlp.down_proj,4864,2,0.2,3,0.3859604779411765,0.4879999999999999,0.6456961039624186,0.3006040865601298
Qwen2.5-0.5B,20,model.layers.20.mlp.down_proj,4864,2,0.2,4,0.44757158967531796,0.5903999999999999,0.6341485391273515,0.3006040865601298
Qwen2.5-0.5B,20,model.layers.20.mlp.down_proj,4864,2,0.2,6,0.5410815199055331,0.7378559999999998,0.634150255654921,0.3006040865601298
Qwen2.5-0.5B,20,model.layers.20.mlp.down_proj,4864,2,0.2,8,0.61032153791037,0.8322278399999999,0.6490089678910218,0.3006040865601298
Qwen2.5-0.5B,20,model.layers.20.mlp.down_proj,4864,2,0.3,1,0.29995888157894735,0.30000000000000004,-41118.42105264385,0.3296550904922017
Qwen2.5-0.5B,20,model.layers.20.mlp.down_proj,4864,2,0.3,2,0.4514516975229169,0.51,0.7211985596329377,0.3296550904922017
Qwen2.5-0.5B,20,model.layers.20.mlp.down_proj,4864,2,0.3,3,0.5545955882352941,0.657,0.7131529082221123,0.3296550904922017
Qwen2.5-0.5B,20,model.layers.20.mlp.down_proj,4864,2,0.3,4,0.6299245165960087,0.7599,0.7173831628528129,0.3296550904922017
Qwen2.5-0.5B,20,model.layers.20.mlp.down_proj,4864,2,0.3,6,0.7337115903664487,0.882351,0.7447597589193609,0.3296550904922017
Qwen2.5-0.5B,20,model.layers.20.mlp.down_proj,4864,2,0.3,8,0.8011061262376238,0.94235199,0.780111424948841,0.3296550904922017
Qwen2.5-0.5B,20,model.layers.20.mlp.down_proj,4864,2,0.5,1,0.5,0.5,0.0,0.4281482529252992
Qwen2.5-0.5B,20,model.layers.20.mlp.down_proj,4864,2,0.5,2,0.7004048273509115,0.75,0.8016193094036459,0.4281482529252992
Qwen2.5-0.5B,20,model.layers.20.mlp.down_proj,4864,2,0.5,3,0.8084337106553148,0.875,0.8224898950808394,0.4281482529252992
Qwen2.5-0.5B,20,model.layers.20.mlp.down_proj,4864,2,0.5,4,0.8715004911591355,0.9375,0.8491439797923098,0.4281482529252992
Qwen2.5-0.5B,20,model.layers.20.mlp.down_proj,4864,2,0.5,6,0.9364769055590159,0.984375,0.9011136114766779,0.4281482529252992
Qwen2.5-0.5B,20,model.layers.20.mlp.down_proj,4864,2,0.5,8,0.9655110083376759,0.99609375,0.9383528986964176,0.4281482529252992
Qwen2.5-0.5B,21,model.layers.21.mlp.down_proj,4864,2,0.1,1,0.0999177631578947,0.09999999999999998,-82236.84210530158,0.26102022605968545
Qwen2.5-0.5B,21,model.layers.21.mlp.down_proj,4864,2,0.1,2,0.15870221894633849,0.18999999999999995,0.6522468771815391,0.26102022605968545
Qwen2.5-0.5B,21,model.layers.21.mlp.down_proj,4864,2,0.1,3,0.20420738196594426,0.2709999999999999,0.6093998945376861,0.26102022605968545
Qwen2.5-0.5B,21,model.layers.21.mlp.down_proj,4864,2,0.1,4,0.2418671963861028,0.3439,0.5816613217962394,0.26102022605968545
Qwen2.5-0.5B,21,model.layers.21.mlp.down_proj,4864,2,0.1,6,0.30317820253295963,0.46855899999999995,0.5512772786255651,0.26102022605968545
Qwen2.5-0.5B,21,model.layers.21.mlp.down_proj,4864,2,0.1,8,0.3530741108650339,0.5695327899999999,0.5389913468344434,0.26102022605968545
Qwen2.5-0.5B,21,model.layers.21.mlp.down_proj,4864,2,0.2,1,0.1998355263157894,0.19999999999999996,-164473.68421060315,0.26968126813439947
Qwen2.5-0.5B,21,model.layers.21.mlp.down_proj,4864,2,0.2,2,0.3150865981306004,0.3599999999999999,0.7192912383162531,0.26968126813439947
Qwen2.5-0.5B,21,model.layers.21.mlp.down_proj,4864,2,0.2,3,0.40026444788441684,0.4879999999999999,0.6953626662653365,0.26968126813439947
Qwen2.5-0.5B,21,model.layers.21.mlp.down_proj,4864,2,0.2,4,0.46705113871368004,0.5903999999999999,0.6840449249838116,0.26968126813439947
Qwen2.5-0.5B,21,model.layers.21.mlp.down_proj,4864,2,0.2,6,0.5677691593999793,0.7378559999999998,0.6837688143294476,0.26968126813439947
Qwen2.5-0.5B,21,model.layers.21.mlp.down_proj,4864,2,0.2,8,0.6414567320218864,0.8322278399999999,0.6982557617549496,0.26968126813439947
Qwen2.5-0.5B,21,model.layers.21.mlp.down_proj,4864,2,0.3,1,0.29995888157894735,0.30000000000000004,-41118.42105264385,0.30691325340279413
Qwen2.5-0.5B,21,model.layers.21.mlp.down_proj,4864,2,0.3,2,0.4594094396951282,0.51,0.759092569976801,0.30691325340279413
Qwen2.5-0.5B,21,model.layers.21.mlp.down_proj,4864,2,0.3,3,0.5677454205366357,0.657,0.7499871723715285,0.30691325340279413
Qwen2.5-0.5B,21,model.layers.21.mlp.down_proj,4864,2,0.3,4,0.6462507108882225,0.7599,0.75288260684545,0.30691325340279413
Qwen2.5-0.5B,21,model.layers.21.mlp.down_proj,4864,2,0.3,6,0.7522911151769958,0.882351,0.7766640997903252,0.30691325340279413
Qwen2.5-0.5B,21,model.layers.21.mlp.down_proj,4864,2,0.3,8,0.8193928315528921,0.94235199,0.8085797812393982,0.30691325340279413
Qwen2.5-0.5B,21,model.layers.21.mlp.down_proj,4864,2,0.5,1,0.5,0.5,0.0,0.4197641971576317
Qwen2.5-0.5B,21,model.layers.21.mlp.down_proj,4864,2,0.5,2,0.704594722036255,0.75,0.8183788881450198,0.4197641971576317
Qwen2.5-0.5B,21,model.layers.21.mlp.down_proj,4864,2,0.5,3,0.8133784023477812,0.875,0.8356757395940834,0.4197641971576317
Qwen2.5-0.5B,21,model.layers.21.mlp.down_proj,4864,2,0.5,4,0.876387847688967,0.9375,0.8603150804319247,0.4197641971576317
Qwen2.5-0.5B,21,model.layers.21.mlp.down_proj,4864,2,0.5,6,0.940247716183951,0.984375,0.9088985108313826,0.4197641971576317
Qwen2.5-0.5B,21,model.layers.21.mlp.down_proj,4864,2,0.5,8,0.9683575429911412,0.99609375,0.9440907953207255,0.4197641971576317
Qwen2.5-0.5B,22,model.layers.22.mlp.down_proj,4864,2,0.1,1,0.0999177631578947,0.09999999999999998,-82236.84210530158,0.3389625628430062
Qwen2.5-0.5B,22,model.layers.22.mlp.down_proj,4864,2,0.1,2,0.14951092414254816,0.18999999999999995,0.5501213793616465,0.3389625628430062
Qwen2.5-0.5B,22,model.layers.22.mlp.down_proj,4864,2,0.1,3,0.18548519736842106,0.2709999999999999,0.4999134349030474,0.3389625628430062
Qwen2.5-0.5B,22,model.layers.22.mlp.down_proj,4864,2,0.1,4,0.21453192857512152,0.3439,0.46958560301402835,0.3389625628430062
Qwen2.5-0.5B,22,model.layers.22.mlp.down_proj,4864,2,0.1,6,0.2606092825443787,0.46855899999999995,0.43577631408913825,0.3389625628430062
Qwen2.5-0.5B,22,model.layers.22.mlp.down_proj,4864,2,0.1,8,0.29749829012506507,0.5695327899999999,0.42062725826893815,0.3389625628430062
Qwen2.5-0.5B,22,model.layers.22.mlp.down_proj,4864,2,0.2,1,0.1998355263157894,0.19999999999999996,-164473.68421060315,0.31129898639650494
Qwen2.5-0.5B,22,model.layers.22.mlp.down_proj,4864,2,0.2,2,0.3050986842105263,0.3599999999999999,0.65686677631579,0.31129898639650494
Qwen2.5-0.5B,22,model.layers.22.mlp.down_proj,4864,2,0.2,3,0.381281443498452,0.4879999999999999,0.6294494565918475,0.31129898639650494
Qwen2.5-0.5B,22,model.layers.22.mlp.down_proj,4864,2,0.2,4,0.4412257005480302,0.5903999999999999,0.6178937001742577,0.31129898639650494
Qwen2.5-0.5B,22,model.layers.22.mlp.down_proj,4864,2,0.2,6,0.5325504613048895,0.7378559999999998,0.6182890240229533,0.31129898639650494
Qwen2.5-0.5B,22,model.layers.22.mlp.down_proj,4864,2,0.2,8,0.6002634021625846,0.8322278399999999,0.6330999314465251,0.31129898639650494
Qwen2.5-0.5B,22,model.layers.22.mlp.down_proj,4864,2,0.3,1,0.29995888157894735,0.30000000000000004,-41118.42105264385,0.3320140482270182
Qwen2.5-0.5B,22,model.layers.22.mlp.down_proj,4864,2,0.3,2,0.4507146236739108,0.51,0.71768868416148,0.3320140482270182
Qwen2.5-0.5B,22,model.layers.22.mlp.down_proj,4864,2,0.3,3,0.5526964815531475,0.657,0.7078332816614776,0.3320140482270182
Qwen2.5-0.5B,22,model.layers.22.mlp.down_proj,4864,2,0.3,4,0.6273031162754628,0.7599,0.7116832273873945,0.3320140482270182
Qwen2.5-0.5B,22,model.layers.22.mlp.down_proj,4864,2,0.3,6,0.7304602343506695,0.882351,0.7391766037160913,0.3320140482270182
Qwen2.5-0.5B,22,model.layers.22.mlp.down_proj,4864,2,0.3,8,0.7978512571651902,0.94235199,0.7750443135782769,0.3320140482270182
Qwen2.5-0.5B,22,model.layers.22.mlp.down_proj,4864,2,0.5,1,0.5,0.5,0.0,0.4294538171264659
Qwen2.5-0.5B,22,model.layers.22.mlp.down_proj,4864,2,0.5,2,0.6998335146513545,0.75,0.7993340586054178,0.4294538171264659
Qwen2.5-0.5B,22,model.layers.22.mlp.down_proj,4864,2,0.5,3,0.8079144898090816,0.875,0.8211053061575511,0.4294538171264659
Qwen2.5-0.5B,22,model.layers.22.mlp.down_proj,4864,2,0.5,4,0.8715033185554752,0.9375,0.8491504424125148,0.4294538171264659
Qwen2.5-0.5B,22,model.layers.22.mlp.down_proj,4864,2,0.5,6,0.9370863827468078,0.984375,0.9023718869611516,0.4294538171264659
Qwen2.5-0.5B,22,model.layers.22.mlp.down_proj,4864,2,0.5,8,0.9669310187597708,0.99609375,0.9412152819094594,0.4294538171264659
Qwen2.5-0.5B,23,model.layers.23.mlp.down_proj,4864,2,0.1,1,0.0999177631578947,0.09999999999999998,-82236.84210530158,0.424008823612094
Qwen2.5-0.5B,23,model.layers.23.mlp.down_proj,4864,2,0.1,2,0.14059241103615203,0.18999999999999995,0.4510267892905783,0.424008823612094
Qwen2.5-0.5B,23,model.layers.23.mlp.down_proj,4864,2,0.1,3,0.1684778928018576,0.2709999999999999,0.40045551346115577,0.424008823612094
Qwen2.5-0.5B,23,model.layers.23.mlp.down_proj,4864,2,0.1,4,0.19012422771688553,0.3439,0.36951302876951836,0.424008823612094
Qwen2.5-0.5B,23,model.layers.23.mlp.down_proj,4864,2,0.1,6,0.2227097769386484,0.46855899999999995,0.3329447305279437,0.424008823612094
Qwen2.5-0.5B,23,model.layers.23.mlp.down_proj,4864,2,0.1,8,0.2479676915059927,0.5695327899999999,0.3151381429739821,0.424008823612094
Qwen2.5-0.5B,23,model.layers.23.mlp.down_proj,4864,2,0.2,1,0.1998355263157894,0.19999999999999996,-164473.68421060315,0.3804153194040691
Qwen2.5-0.5B,23,model.layers.23.mlp.down_proj,4864,2,0.2,2,0.2899874633072407,0.3599999999999999,0.5624216456702547,0.3804153194040691
Qwen2.5-0.5B,23,model.layers.23.mlp.down_proj,4864,2,0.2,3,0.3538518285603715,0.4879999999999999,0.5342077380568457,0.3804153194040691
Qwen2.5-0.5B,23,model.layers.23.mlp.down_proj,4864,2,0.2,4,0.40369282196773865,0.5903999999999999,0.5217541546304781,0.3804153194040691
Qwen2.5-0.5B,23,model.layers.23.mlp.down_proj,4864,2,0.2,6,0.47871979783037477,0.7378559999999998,0.5182052404925758,0.3804153194040691
Qwen2.5-0.5B,23,model.layers.23.mlp.down_proj,4864,2,0.2,8,0.535836943069307,0.8322278399999999,0.5311960686029059,0.3804153194040691
Qwen2.5-0.5B,23,model.layers.23.mlp.down_proj,4864,2,0.3,1,0.29995888157894735,0.30000000000000004,-41118.42105264385,0.38173121278160294
Qwen2.5-0.5B,23,model.layers.23.mlp.down_proj,4864,2,0.3,2,0.4347444220568545,0.51,0.6416401050326404,0.38173121278160294
Qwen2.5-0.5B,23,model.layers.23.mlp.down_proj,4864,2,0.3,3,0.5261779218266254,0.657,0.6335516017552532,0.38173121278160294
Qwen2.5-0.5B,23,model.layers.23.mlp.down_proj,4864,2,0.3,4,0.5940759584065765,0.7599,0.6394345692684854,0.38173121278160294
Qwen2.5-0.5B,23,model.layers.23.mlp.down_proj,4864,2,0.3,6,0.6894273752984531,0.882351,0.6687159038079321,0.38173121278160294
Qwen2.5-0.5B,23,model.layers.23.mlp.down_proj,4864,2,0.3,8,0.7550062695414278,0.94235199,0.7083441425026608,0.38173121278160294
Qwen2.5-0.5B,23,model.layers.23.mlp.down_proj,4864,2,0.5,1,0.5,0.5,0.0,0.4522487252774941
Qwen2.5-0.5B,23,model.layers.23.mlp.down_proj,4864,2,0.5,2,0.6889850106859614,0.75,0.7559400427438456,0.4522487252774941
Qwen2.5-0.5B,23,model.layers.23.mlp.down_proj,4864,2,0.5,3,0.7938080495356038,0.875,0.7834881320949435,0.4522487252774941
Qwen2.5-0.5B,23,model.layers.23.mlp.down_proj,4864,2,0.5,4,0.857559407636232,0.9375,0.817278646025673,0.4522487252774941
Qwen2.5-0.5B,23,model.layers.23.mlp.down_proj,4864,2,0.5,6,0.9253157278366034,0.984375,0.8780711800497619,0.4522487252774941
Qwen2.5-0.5B,23,model.layers.23.mlp.down_proj,4864,2,0.5,8,0.9578409979155811,0.99609375,0.9228920902865256,0.4522487252774941
Qwen2.5-0.5B,0,model.layers.0.mlp.down_proj,4864,3,0.1,1,0.0999177631578947,0.09999999999999998,-82236.84210530158,0.1007023145684746
Qwen2.5-0.5B,0,model.layers.0.mlp.down_proj,4864,3,0.1,2,0.18168226645380575,0.18999999999999995,0.90758073837562,0.1007023145684746
Qwen2.5-0.5B,0,model.layers.0.mlp.down_proj,4864,3,0.1,3,0.2518837880546956,0.2709999999999999,0.8882092868695652,0.1007023145684746
Qwen2.5-0.5B,0,model.layers.0.mlp.down_proj,4864,3,0.1,4,0.31325087568503773,0.3439,0.8743373336819916,0.1007023145684746
Qwen2.5-0.5B,0,model.layers.0.mlp.down_proj,4864,3,0.1,6,0.4139615287293678,0.46855899999999995,0.8518623306699004,0.1007023145684746
Qwen2.5-0.5B,0,model.layers.0.mlp.down_proj,4864,3,0.1,8,0.4944840248827514,0.5695327899999999,0.8401628880546371,0.1007023145684746
Qwen2.5-0.5B,0,model.layers.0.mlp.down_proj,4864,3,0.2,1,0.1998355263157894,0.19999999999999996,-164473.68421060315,0.15271319103164757
Qwen2.5-0.5B,0,model.layers.0.mlp.down_proj,4864,3,0.2,2,0.34689221984756413,0.3599999999999999,0.9180763740472765,0.15271319103164757
Qwen2.5-0.5B,0,model.layers.0.mlp.down_proj,4864,3,0.2,3,0.4607867324561404,0.4879999999999999,0.9055094876949322,0.15271319103164757
Qwen2.5-0.5B,0,model.layers.0.mlp.down_proj,4864,3,0.2,4,0.5508095239633958,0.5903999999999999,0.8985899691685344,0.15271319103164757
Qwen2.5-0.5B,0,model.layers.0.mlp.down_proj,4864,3,0.2,6,0.6793115949081283,0.7378559999999998,0.8911522692098413,0.15271319103164757
Qwen2.5-0.5B,0,model.layers.0.mlp.down_proj,4864,3,0.2,8,0.7658961373110996,0.8322278399999999,0.8950825976140179,0.15271319103164757
Qwen2.5-0.5B,0,model.layers.0.mlp.down_proj,4864,3,0.3,1,0.29995888157894735,0.30000000000000004,-41118.42105264385,0.21374537451737552
Qwen2.5-0.5B,0,model.layers.0.mlp.down_proj,4864,3,0.3,2,0.4944313105108662,0.51,0.9258633833850771,0.21374537451737552
Qwen2.5-0.5B,0,model.layers.0.mlp.down_proj,4864,3,0.3,3,0.628155234133127,0.657,0.9192023365073585,0.21374537451737552
Qwen2.5-0.5B,0,model.layers.0.mlp.down_proj,4864,3,0.3,4,0.7222317366353015,0.7599,0.9180946654387943,0.21374537451737552
Qwen2.5-0.5B,0,model.layers.0.mlp.down_proj,4864,3,0.3,6,0.838419609026264,0.882351,0.9245620064639093,0.21374537451737552
Qwen2.5-0.5B,0,model.layers.0.mlp.down_proj,4864,3,0.3,8,0.9022830901511204,0.94235199,0.9376215836913969,0.21374537451737552
Qwen2.5-0.5B,0,model.layers.0.mlp.down_proj,4864,3,0.5,1,0.5,0.5,0.0,0.3593446245941502
Qwen2.5-0.5B,0,model.layers.0.mlp.down_proj,4864,3,0.5,2,0.7357461504789371,0.75,0.9429846019157484,0.3593446245941502
Qwen2.5-0.5B,0,model.layers.0.mlp.down_proj,4864,3,0.5,3,0.8554344846491228,0.875,0.9478252923976607,0.3593446245941502
Qwen2.5-0.5B,0,model.layers.0.mlp.down_proj,4864,3,0.5,4,0.9189118886361285,0.9375,0.9575128883111509,0.3593446245941502
Qwen2.5-0.5B,0,model.layers.0.mlp.down_proj,4864,3,0.5,6,0.9726266479808989,0.984375,0.9757453377670171,0.3593446245941502
Qwen2.5-0.5B,0,model.layers.0.mlp.down_proj,4864,3,0.5,8,0.9904190007816571,0.99609375,0.9885611354338916,0.3593446245941502
Qwen2.5-0.5B,1,model.layers.1.mlp.down_proj,4864,3,0.1,1,0.0999177631578947,0.09999999999999998,-82236.84210530158,0.09102450704073038
Qwen2.5-0.5B,1,model.layers.1.mlp.down_proj,4864,3,0.1,2,0.1832159594190957,0.18999999999999995,0.9246217713232859,0.09102450704073038
Qwen2.5-0.5B,1,model.layers.1.mlp.down_proj,4864,3,0.1,3,0.25684460461816305,0.2709999999999999,0.9172199100477376,0.09102450704073038
Qwen2.5-0.5B,1,model.layers.1.mlp.down_proj,4864,3,0.1,4,0.3216502623823803,0.3439,0.9087751635193946,0.09102450704073038
Qwen2.5-0.5B,1,model.layers.1.mlp.down_proj,4864,3,0.1,6,0.4308054831049517,0.46855899999999995,0.8975645231969691,0.09102450704073038
Qwen2.5-0.5B,1,model.layers.1.mlp.down_proj,4864,3,0.1,8,0.5190817971599792,0.5695327899999999,0.8925506505306674,0.09102450704073038
Qwen2.5-0.5B,1,model.layers.1.mlp.down_proj,4864,3,0.2,1,0.1998355263157894,0.19999999999999996,-164473.68421060315,0.14286154302905624
Qwen2.5-0.5B,1,model.layers.1.mlp.down_proj,4864,3,0.2,2,0.34980510994953135,0.3599999999999999,0.9362819371845716,0.14286154302905624
Qwen2.5-0.5B,1,model.layers.1.mlp.down_proj,4864,3,0.2,3,0.4682275541795666,0.4879999999999999,0.9313456742346066,0.14286154302905624
Qwen2.5-0.5B,1,model.layers.1.mlp.down_proj,4864,3,0.2,4,0.5625468539964843,0.5903999999999999,0.928654851425421,0.14286154302905624
Qwen2.5-0.5B,1,model.layers.1.mlp.down_proj,4864,3,0.2,6,0.6986295481677566,0.7378559999999998,0.9270688588911469,0.14286154302905624
Qwen2.5-0.5B,1,model.layers.1.mlp.down_proj,4864,3,0.2,8,0.7888984334288692,0.8322278399999999,0.9314655195014336,0.14286154302905624
Qwen2.5-0.5B,1,model.layers.1.mlp.down_proj,4864,3,0.3,1,0.29995888157894735,0.30000000000000004,-41118.42105264385,0.20401078698224065
Qwen2.5-0.5B,1,model.layers.1.mlp.down_proj,4864,3,0.3,2,0.4983407791739623,0.51,0.9444799008283918,0.20401078698224065
Qwen2.5-0.5B,1,model.layers.1.mlp.down_proj,4864,3,0.3,3,0.6362120259287926,0.657,0.9417703807529203,0.20401078698224065
Qwen2.5-0.5B,1,model.layers.1.mlp.down_proj,4864,3,0.3,4,0.7336277595388274,0.7599,0.9428740150876873,0.20401078698224065
Qwen2.5-0.5B,1,model.layers.1.mlp.down_proj,4864,3,0.3,6,0.8526237121094155,0.882351,0.9489529718493065,0.20401078698224065
Qwen2.5-0.5B,1,model.layers.1.mlp.down_proj,4864,3,0.3,8,0.9159506904637832,0.94235199,0.9588990149525078,0.20401078698224065
Qwen2.5-0.5B,1,model.layers.1.mlp.down_proj,4864,3,0.5,1,0.5,0.5,0.0,0.355765346686264
Qwen2.5-0.5B,1,model.layers.1.mlp.down_proj,4864,3,0.5,2,0.7376322870532496,0.75,0.9505291482129983,0.355765346686264
Qwen2.5-0.5B,1,model.layers.1.mlp.down_proj,4864,3,0.5,3,0.8592081075851393,0.875,0.9578882868937049,0.355765346686264
Qwen2.5-0.5B,1,model.layers.1.mlp.down_proj,4864,3,0.5,4,0.9227345284872298,0.9375,0.9662503508279539,0.355765346686264
Qwen2.5-0.5B,1,model.layers.1.mlp.down_proj,4864,3,0.5,6,0.9753078609986505,0.984375,0.9812807452875366,0.355765346686264
Qwen2.5-0.5B,1,model.layers.1.mlp.down_proj,4864,3,0.5,8,0.9914876726159458,0.99609375,0.9907153085801743,0.355765346686264
Qwen2.5-0.5B,2,model.layers.2.mlp.down_proj,4864,3,0.1,1,0.0999177631578947,0.09999999999999998,-82236.84210530158,0.08746563810737316
Qwen2.5-0.5B,2,model.layers.2.mlp.down_proj,4864,3,0.1,2,0.18381624008651765,0.18999999999999995,0.9312915565168632,0.08746563810737316
Qwen2.5-0.5B,2,model.layers.2.mlp.down_proj,4864,3,0.1,3,0.2578262061403509,0.2709999999999999,0.9229602698266139,0.08746563810737316
Qwen2.5-0.5B,2,model.layers.2.mlp.down_proj,4864,3,0.1,4,0.3228672545496846,0.3439,0.9137648813025201,0.08746563810737316
Qwen2.5-0.5B,2,model.layers.2.mlp.down_proj,4864,3,0.1,6,0.43264770191010066,0.46855899999999995,0.9025629598248873,0.08746563810737316
Qwen2.5-0.5B,2,model.layers.2.mlp.down_proj,4864,3,0.1,8,0.5221371808233455,0.5695327899999999,0.8990579354923126,0.08746563810737316
Qwen2.5-0.5B,2,model.layers.2.mlp.down_proj,4864,3,0.2,1,0.1998355263157894,0.19999999999999996,-164473.68421060315,0.13982054550926734
Qwen2.5-0.5B,2,model.layers.2.mlp.down_proj,4864,3,0.2,2,0.35072806159233705,0.3599999999999999,0.9420503849521072,0.13982054550926734
Qwen2.5-0.5B,2,model.layers.2.mlp.down_proj,4864,3,0.2,3,0.4702729940660475,0.4879999999999999,0.9384478960626653,0.13982054550926734
Qwen2.5-0.5B,2,model.layers.2.mlp.down_proj,4864,3,0.2,4,0.564721121781615,0.5903999999999999,0.9342241848914321,0.13982054550926734
Qwen2.5-0.5B,2,model.layers.2.mlp.down_proj,4864,3,0.2,6,0.7011209838575729,0.7378559999999998,0.9317010200826487,0.13982054550926734
Qwen2.5-0.5B,2,model.layers.2.mlp.down_proj,4864,3,0.2,8,0.7918874576602397,0.8322278399999999,0.9361932838329927,0.13982054550926734
Qwen2.5-0.5B,2,model.layers.2.mlp.down_proj,4864,3,0.3,1,0.29995888157894735,0.30000000000000004,-41118.42105264385,0.2007666616034512
Qwen2.5-0.5B,2,model.layers.2.mlp.down_proj,4864,3,0.3,2,0.49967732902461637,0.51,0.9508444239267446,0.2007666616034512
Qwen2.5-0.5B,2,model.layers.2.mlp.down_proj,4864,3,0.3,3,0.638750080624355,0.657,0.9488797776592577,0.2007666616034512
Qwen2.5-0.5B,2,model.layers.2.mlp.down_proj,4864,3,0.3,4,0.7364470776031433,0.7599,0.9490043000720663,0.2007666616034512
Qwen2.5-0.5B,2,model.layers.2.mlp.down_proj,4864,3,0.3,6,0.856019428656701,0.882351,0.9547840197006634,0.2007666616034512
Qwen2.5-0.5B,2,model.layers.2.mlp.down_proj,4864,3,0.3,8,0.919577660891089,0.94235199,0.9645454058468612,0.2007666616034512
Qwen2.5-0.5B,2,model.layers.2.mlp.down_proj,4864,3,0.5,1,0.5,0.5,0.0,0.35255411374091766
Qwen2.5-0.5B,2,model.layers.2.mlp.down_proj,4864,3,0.5,2,0.7393892747708312,0.75,0.9575570990833246,0.35255411374091766
Qwen2.5-0.5B,2,model.layers.2.mlp.down_proj,4864,3,0.5,3,0.860263077270382,0.875,0.9607015393876853,0.35255411374091766
Qwen2.5-0.5B,2,model.layers.2.mlp.down_proj,4864,3,0.5,4,0.9236619144866095,0.9375,0.9683700902551075,0.35255411374091766
Qwen2.5-0.5B,2,model.layers.2.mlp.down_proj,4864,3,0.5,6,0.9763512307951833,0.984375,0.9834347990610235,0.35255411374091766
Qwen2.5-0.5B,2,model.layers.2.mlp.down_proj,4864,3,0.5,8,0.992450495049505,0.99609375,0.9926561160053015,0.35255411374091766
Qwen2.5-0.5B,3,model.layers.3.mlp.down_proj,4864,3,0.1,1,0.0999177631578947,0.09999999999999998,-82236.84210530158,0.09826465972207546
Qwen2.5-0.5B,3,model.layers.3.mlp.down_proj,4864,3,0.1,2,0.18202223774333093,0.18999999999999995,0.9113581971481219,0.09826465972207546
Qwen2.5-0.5B,3,model.layers.3.mlp.down_proj,4864,3,0.1,3,0.2537409700722394,0.2709999999999999,0.8990700004224531,0.09826465972207546
Qwen2.5-0.5B,3,model.layers.3.mlp.down_proj,4864,3,0.1,4,0.317154702202461,0.3439,0.8903431824619148,0.09826465972207546
Qwen2.5-0.5B,3,model.layers.3.mlp.down_proj,4864,3,0.1,6,0.42422977979341847,0.46855899999999995,0.8797228660632858,0.09826465972207546
Qwen2.5-0.5B,3,model.layers.3.mlp.down_proj,4864,3,0.1,8,0.5115440984887962,0.5695327899999999,0.8764970354653959,0.09826465972207546
Qwen2.5-0.5B,3,model.layers.3.mlp.down_proj,4864,3,0.2,1,0.1998355263157894,0.19999999999999996,-164473.68421060315,0.14961904402876672
Qwen2.5-0.5B,3,model.layers.3.mlp.down_proj,4864,3,0.2,2,0.3477351072458544,0.3599999999999999,0.9233444202865906,0.14961904402876672
Qwen2.5-0.5B,3,model.layers.3.mlp.down_proj,4864,3,0.2,3,0.46443216266769866,0.4879999999999999,0.9181672314850652,0.14961904402876672
Qwen2.5-0.5B,3,model.layers.3.mlp.down_proj,4864,3,0.2,4,0.5578788226398511,0.5903999999999999,0.9166978038930614,0.14961904402876672
Qwen2.5-0.5B,3,model.layers.3.mlp.down_proj,4864,3,0.2,6,0.6938445642582789,0.7378559999999998,0.9181724555611148,0.14961904402876672
Qwen2.5-0.5B,3,model.layers.3.mlp.down_proj,4864,3,0.2,8,0.7850300449452841,0.8322278399999999,0.92534685746405,0.14961904402876672
Qwen2.5-0.5B,3,model.layers.3.mlp.down_proj,4864,3,0.3,1,0.29995888157894735,0.30000000000000004,-41118.42105264385,0.20774816624161885
Qwen2.5-0.5B,3,model.layers.3.mlp.down_proj,4864,3,0.3,2,0.4967970278864971,0.51,0.9371287042214147,0.20774816624161885
Qwen2.5-0.5B,3,model.layers.3.mlp.down_proj,4864,3,0.3,3,0.6340182372291021,0.657,0.9356253143672327,0.20774816624161885
Qwen2.5-0.5B,3,model.layers.3.mlp.down_proj,4864,3,0.3,4,0.7313222197807879,0.7599,0.9378608823239571,0.20774816624161885
Qwen2.5-0.5B,3,model.layers.3.mlp.down_proj,4864,3,0.3,6,0.8519161022007682,0.882351,0.9477378800770808,0.20774816624161885
Qwen2.5-0.5B,3,model.layers.3.mlp.down_proj,4864,3,0.3,8,0.915981223944763,0.94235199,0.9589465488302807,0.20774816624161885
Qwen2.5-0.5B,3,model.layers.3.mlp.down_proj,4864,3,0.5,1,0.5,0.5,0.0,0.35705244054863283
Qwen2.5-0.5B,3,model.layers.3.mlp.down_proj,4864,3,0.5,2,0.7369338371613966,0.75,0.9477353486455864,0.35705244054863283
Qwen2.5-0.5B,3,model.layers.3.mlp.down_proj,4864,3,0.5,3,0.8581140350877193,0.875,0.9549707602339182,0.35705244054863283
Qwen2.5-0.5B,3,model.layers.3.mlp.down_proj,4864,3,0.5,4,0.9219880958535828,0.9375,0.9645442190939034,0.35705244054863283
Qwen2.5-0.5B,3,model.layers.3.mlp.down_proj,4864,3,0.5,6,0.9750965917938336,0.984375,0.9808445766066242,0.35705244054863283
Qwen2.5-0.5B,3,model.layers.3.mlp.down_proj,4864,3,0.5,8,0.9914567320218863,0.99609375,0.9906529401386055,0.35705244054863283
Qwen2.5-0.5B,4,model.layers.4.mlp.down_proj,4864,3,0.1,1,0.0999177631578947,0.09999999999999998,-82236.84210530158,0.12523053610811263
Qwen2.5-0.5B,4,model.layers.4.mlp.down_proj,4864,3,0.1,2,0.17776998146050058,0.18999999999999995,0.8641109051166735,0.12523053610811263
Qwen2.5-0.5B,4,model.layers.4.mlp.down_proj,4864,3,0.1,3,0.245108923503612,0.2709999999999999,0.8485901959275559,0.12523053610811263
Qwen2.5-0.5B,4,model.layers.4.mlp.down_proj,4864,3,0.1,4,0.30398832527660014,0.3439,0.836360497239033,0.12523053610811263
Qwen2.5-0.5B,4,model.layers.4.mlp.down_proj,4864,3,0.1,6,0.4025477200768192,0.46855899999999995,0.8208935884805939,0.12523053610811263
Qwen2.5-0.5B,4,model.layers.4.mlp.down_proj,4864,3,0.1,8,0.48348260812923394,0.5695327899999999,0.8167323268929397,0.12523053610811263
Qwen2.5-0.5B,4,model.layers.4.mlp.down_proj,4864,3,0.2,1,0.1998355263157894,0.19999999999999996,-164473.68421060315,0.170537759958003
Qwen2.5-0.5B,4,model.layers.4.mlp.down_proj,4864,3,0.2,2,0.34171942591925014,0.3599999999999999,0.8857464119953141,0.170537759958003
Qwen2.5-0.5B,4,model.layers.4.mlp.down_proj,4864,3,0.2,3,0.4534499161506708,0.4879999999999999,0.8800344310787185,0.170537759958003
Qwen2.5-0.5B,4,model.layers.4.mlp.down_proj,4864,3,0.2,4,0.5422982531537587,0.5903999999999999,0.8767885582831935,0.170537759958003
Qwen2.5-0.5B,4,model.layers.4.mlp.down_proj,4864,3,0.2,6,0.6730696239489254,0.7378559999999998,0.8795469864590625,0.170537759958003
Qwen2.5-0.5B,4,model.layers.4.mlp.down_proj,4864,3,0.2,8,0.762331862298072,0.8322278399999999,0.8894449543665652,0.170537759958003
Qwen2.5-0.5B,4,model.layers.4.mlp.down_proj,4864,3,0.3,1,0.29995888157894735,0.30000000000000004,-41118.42105264385,0.2288814145285249
Qwen2.5-0.5B,4,model.layers.4.mlp.down_proj,4864,3,0.3,2,0.4884751744515398,0.51,0.8975008307216181,0.2288814145285249
Qwen2.5-0.5B,4,model.layers.4.mlp.down_proj,4864,3,0.3,3,0.620327818627451,0.657,0.8972768028780139,0.2288814145285249
Qwen2.5-0.5B,4,model.layers.4.mlp.down_proj,4864,3,0.3,4,0.7143412812790817,0.7599,0.9009377718614517,0.2288814145285249
Qwen2.5-0.5B,4,model.layers.4.mlp.down_proj,4864,3,0.3,6,0.832700742240216,0.882351,0.9147416974302712,0.2288814145285249
Qwen2.5-0.5B,4,model.layers.4.mlp.down_proj,4864,3,0.3,8,0.8990766675351745,0.94235199,0.9326298927402316,0.2288814145285249
Qwen2.5-0.5B,4,model.layers.4.mlp.down_proj,4864,3,0.5,1,0.5,0.5,0.0,0.3714251127371775
Qwen2.5-0.5B,4,model.layers.4.mlp.down_proj,4864,3,0.5,2,0.7293526785714286,0.75,0.9174107142857144,0.3714251127371775
Qwen2.5-0.5B,4,model.layers.4.mlp.down_proj,4864,3,0.5,3,0.8484556404798761,0.875,0.9292150412796696,0.3714251127371775
Qwen2.5-0.5B,4,model.layers.4.mlp.down_proj,4864,3,0.5,4,0.9126722288284562,0.9375,0.9432508087507571,0.3714251127371775
Qwen2.5-0.5B,4,model.layers.4.mlp.down_proj,4864,3,0.5,6,0.9683509810028028,0.984375,0.9669181543283671,0.3714251127371775
Qwen2.5-0.5B,4,model.layers.4.mlp.down_proj,4864,3,0.5,8,0.9873941505992704,0.99609375,0.982463799633175,0.3714251127371775
Qwen2.5-0.5B,5,model.layers.5.mlp.down_proj,4864,3,0.1,1,0.0999177631578947,0.09999999999999998,-82236.84210530158,0.13570486192781633
Qwen2.5-0.5B,5,model.layers.5.mlp.down_proj,4864,3,0.1,2,0.1762326674992275,0.18999999999999995,0.847029638880306,0.13570486192781633
Qwen2.5-0.5B,5,model.layers.5.mlp.down_proj,4864,3,0.1,3,0.240749967750258,0.2709999999999999,0.8230992266096964,0.13570486192781633
Qwen2.5-0.5B,5,model.layers.5.mlp.down_proj,4864,3,0.1,4,0.2965555042136283,0.3439,0.8058856261321374,0.13570486192781633
Qwen2.5-0.5B,5,model.layers.5.mlp.down_proj,4864,3,0.1,6,0.38934238100799334,0.46855899999999995,0.7850639409375253,0.13570486192781633
Qwen2.5-0.5B,5,model.layers.5.mlp.down_proj,4864,3,0.1,8,0.46434992183428875,0.5695327899999999,0.7759839772517033,0.13570486192781633
Qwen2.5-0.5B,5,model.layers.5.mlp.down_proj,4864,3,0.2,1,0.1998355263157894,0.19999999999999996,-164473.68421060315,0.18718850545469207
Qwen2.5-0.5B,5,model.layers.5.mlp.down_proj,4864,3,0.2,2,0.33713524500463493,0.3599999999999999,0.857095281278969,0.18718850545469207
Qwen2.5-0.5B,5,model.layers.5.mlp.down_proj,4864,3,0.2,3,0.4427724296955624,0.4879999999999999,0.8429598253318142,0.18718850545469207
Qwen2.5-0.5B,5,model.layers.5.mlp.down_proj,4864,3,0.2,4,0.5265601573001758,0.5903999999999999,0.836475812756598,0.18718850545469207
Qwen2.5-0.5B,5,model.layers.5.mlp.down_proj,4864,3,0.2,6,0.6490449496522371,0.7378559999999998,0.8348795024174448,0.18718850545469207
Qwen2.5-0.5B,5,model.layers.5.mlp.down_proj,4864,3,0.2,8,0.7340501237623762,0.8322278399999999,0.8447114947712147,0.18718850545469207
Qwen2.5-0.5B,5,model.layers.5.mlp.down_proj,4864,3,0.3,1,0.29995888157894735,0.30000000000000004,-41118.42105264385,0.24592693900401857
Qwen2.5-0.5B,5,model.layers.5.mlp.down_proj,4864,3,0.3,2,0.48202336427541453,0.51,0.8667779251210216,0.24592693900401857
Qwen2.5-0.5B,5,model.layers.5.mlp.down_proj,4864,3,0.3,3,0.6074545278637771,0.657,0.8612171648845296,0.24592693900401857
Qwen2.5-0.5B,5,model.layers.5.mlp.down_proj,4864,3,0.3,4,0.6974879795264193,0.7599,0.8642921929254604,0.24592693900401857
Qwen2.5-0.5B,5,model.layers.5.mlp.down_proj,4864,3,0.3,6,0.8113897215301568,0.882351,0.878146893420217,0.24592693900401857
Qwen2.5-0.5B,5,model.layers.5.mlp.down_proj,4864,3,0.3,8,0.8766569502344971,0.94235199,0.8977273507543692,0.24592693900401857
Qwen2.5-0.5B,5,model.layers.5.mlp.down_proj,4864,3,0.5,1,0.5,0.5,0.0,0.38222208168167726
Qwen2.5-0.5B,5,model.layers.5.mlp.down_proj,4864,3,0.5,2,0.7237847937480688,0.75,0.8951391749922752,0.38222208168167726
Qwen2.5-0.5B,5,model.layers.5.mlp.down_proj,4864,3,0.5,3,0.8396958043085656,0.875,0.905855478156175,0.38222208168167726
Qwen2.5-0.5B,5,model.layers.5.mlp.down_proj,4864,3,0.5,4,0.9030954335125634,0.9375,0.9213609908858592,0.38222208168167726
Qwen2.5-0.5B,5,model.layers.5.mlp.down_proj,4864,3,0.5,6,0.9598345206581543,0.984375,0.9493357845845767,0.38222208168167726
Qwen2.5-0.5B,5,model.layers.5.mlp.down_proj,4864,3,0.5,8,0.9810155028660761,0.99609375,0.9696060530213817,0.38222208168167726
Qwen2.5-0.5B,6,model.layers.6.mlp.down_proj,4864,3,0.1,1,0.0999177631578947,0.09999999999999998,-82236.84210530158,0.152518148177924
Qwen2.5-0.5B,6,model.layers.6.mlp.down_proj,4864,3,0.1,2,0.1736641743485426,0.18999999999999995,0.8184908260949181,0.152518148177924
Qwen2.5-0.5B,6,model.layers.6.mlp.down_proj,4864,3,0.1,3,0.23558517156862746,0.2709999999999999,0.7928957401674125,0.152518148177924
Qwen2.5-0.5B,6,model.layers.6.mlp.down_proj,4864,3,0.1,4,0.28884559830937856,0.3439,0.7742746958154103,0.152518148177924
Qwen2.5-0.5B,6,model.layers.6.mlp.down_proj,4864,3,0.1,6,0.377183250285477,0.46855899999999995,0.7520729388930321,0.152518148177924
Qwen2.5-0.5B,6,model.layers.6.mlp.down_proj,4864,3,0.1,8,0.44885723358520063,0.5695327899999999,0.7429880106673714,0.152518148177924
Qwen2.5-0.5B,6,model.layers.6.mlp.down_proj,4864,3,0.2,1,0.1998355263157894,0.19999999999999996,-164473.68421060315,0.19961560656450866
Qwen2.5-0.5B,6,model.layers.6.mlp.down_proj,4864,3,0.2,2,0.33364581187557935,0.3599999999999999,0.8352863242223716,0.19961560656450866
Qwen2.5-0.5B,6,model.layers.6.mlp.down_proj,4864,3,0.2,3,0.4358544569143447,0.4879999999999999,0.8189390865081417,0.19961560656450866
Qwen2.5-0.5B,6,model.layers.6.mlp.down_proj,4864,3,0.2,4,0.5167042575741908,0.5903999999999999,0.8112301679666775,0.19961560656450866
Qwen2.5-0.5B,6,model.layers.6.mlp.down_proj,4864,3,0.2,6,0.6355419683639573,0.7378559999999998,0.8097743045795851,0.19961560656450866
Qwen2.5-0.5B,6,model.layers.6.mlp.down_proj,4864,3,0.2,8,0.7182985115945805,0.8322278399999999,0.8197970396156242,0.19961560656450866
Qwen2.5-0.5B,6,model.layers.6.mlp.down_proj,4864,3,0.3,1,0.29995888157894735,0.30000000000000004,-41118.42105264385,0.2540756624144546
Qwen2.5-0.5B,6,model.layers.6.mlp.down_proj,4864,3,0.3,2,0.4788602231177258,0.51,0.8517153481796467,0.2540756624144546
Qwen2.5-0.5B,6,model.layers.6.mlp.down_proj,4864,3,0.3,3,0.6014649445304437,0.657,0.8444396205334558,0.2540756624144546
Qwen2.5-0.5B,6,model.layers.6.mlp.down_proj,4864,3,0.3,4,0.6893099375710888,0.7599,0.8465099751491385,0.2540756624144546
Qwen2.5-0.5B,6,model.layers.6.mlp.down_proj,4864,3,0.3,6,0.8020265623377972,0.882351,0.8620686876777016,0.2540756624144546
Qwen2.5-0.5B,6,model.layers.6.mlp.down_proj,4864,3,0.3,8,0.8683302664147994,0.94235199,0.8847645453932497,0.2540756624144546
Qwen2.5-0.5B,6,model.layers.6.mlp.down_proj,4864,3,0.5,1,0.5,0.5,0.0,0.3878372975925377
Qwen2.5-0.5B,6,model.layers.6.mlp.down_proj,4864,3,0.5,2,0.720851384668864,0.75,0.883405538675456,0.3878372975925377
Qwen2.5-0.5B,6,model.layers.6.mlp.down_proj,4864,3,0.5,3,0.835656927244582,0.875,0.8950851393188852,0.3878372975925377
Qwen2.5-0.5B,6,model.layers.6.mlp.down_proj,4864,3,0.5,4,0.8991508117050977,0.9375,0.9123447124687948,0.3878372975925377
Qwen2.5-0.5B,6,model.layers.6.mlp.down_proj,4864,3,0.5,6,0.9578219888663967,0.984375,0.9451808802403029,0.3878372975925377
Qwen2.5-0.5B,6,model.layers.6.mlp.down_proj,4864,3,0.5,8,0.9808595785565398,0.99609375,0.9692917489013716,0.3878372975925377
Qwen2.5-0.5B,7,model.layers.7.mlp.down_proj,4864,3,0.1,1,0.0999177631578947,0.09999999999999998,-82236.84210530158,0.174164459812556
Qwen2.5-0.5B,7,model.layers.7.mlp.down_proj,4864,3,0.1,2,0.17050344718817592,0.18999999999999995,0.7833716354241773,0.174164459812556
Qwen2.5-0.5B,7,model.layers.7.mlp.down_proj,4864,3,0.1,3,0.22880667892156864,0.2709999999999999,0.7532554322898755,0.174164459812556
Qwen2.5-0.5B,7,model.layers.7.mlp.down_proj,4864,3,0.1,4,0.2789081080033089,0.3439,0.7335305781193477,0.174164459812556
Qwen2.5-0.5B,7,model.layers.7.mlp.down_proj,4864,3,0.1,6,0.36228208047856336,0.46855899999999995,0.7116420450418072,0.174164459812556
Qwen2.5-0.5B,7,model.layers.7.mlp.down_proj,4864,3,0.1,8,0.43080176849921836,0.5695327899999999,0.704533901666843,0.174164459812556
Qwen2.5-0.5B,7,model.layers.7.mlp.down_proj,4864,3,0.2,1,0.1998355263157894,0.19999999999999996,-164473.68421060315,0.21349860958882155
Qwen2.5-0.5B,7,model.layers.7.mlp.down_proj,4864,3,0.2,2,0.32982887977649605,0.3599999999999999,0.8114304986031009,0.21349860958882155
Qwen2.5-0.5B,7,model.layers.7.mlp.down_proj,4864,3,0.2,3,0.42859423374613004,0.4879999999999999,0.7937299782851741,0.21349860958882155
Qwen2.5-0.5B,7,model.layers.7.mlp.down_proj,4864,3,0.2,4,0.5070668751938786,0.5903999999999999,0.7865442499843204,0.21349860958882155
Qwen2.5-0.5B,7,model.layers.7.mlp.down_proj,4864,3,0.2,6,0.6238958041368212,0.7378559999999998,0.788121363593269,0.21349860958882155
Qwen2.5-0.5B,7,model.layers.7.mlp.down_proj,4864,3,0.2,8,0.7061531070870245,0.8322278399999999,0.8005865529221626,0.21349860958882155
Qwen2.5-0.5B,7,model.layers.7.mlp.down_proj,4864,3,0.3,1,0.29995888157894735,0.30000000000000004,-41118.42105264385,0.2657053772165424
Qwen2.5-0.5B,7,model.layers.7.mlp.down_proj,4864,3,0.3,2,0.4744755993150685,0.51,0.8308361872146118,0.2657053772165424
Qwen2.5-0.5B,7,model.layers.7.mlp.down_proj,4864,3,0.3,3,0.5939189080237358,0.657,0.8233022633718089,0.2657053772165424
Qwen2.5-0.5B,7,model.layers.7.mlp.down_proj,4864,3,0.3,4,0.6800146701478647,0.7599,0.8262984782514995,0.2657053772165424
Qwen2.5-0.5B,7,model.layers.7.mlp.down_proj,4864,3,0.3,6,0.7924144217793002,0.882351,0.8455629367500016,0.2657053772165424
Qwen2.5-0.5B,7,model.layers.7.mlp.down_proj,4864,3,0.3,8,0.8595231891610213,0.94235199,0.8710538736885072,0.2657053772165424
Qwen2.5-0.5B,7,model.layers.7.mlp.down_proj,4864,3,0.5,1,0.5,0.5,0.0,0.39617461247617597
Qwen2.5-0.5B,7,model.layers.7.mlp.down_proj,4864,3,0.5,2,0.7165528601040272,0.75,0.8662114404161088,0.39617461247617597
Qwen2.5-0.5B,7,model.layers.7.mlp.down_proj,4864,3,0.5,3,0.8299144575593396,0.875,0.8797718868249055,0.39617461247617597
Qwen2.5-0.5B,7,model.layers.7.mlp.down_proj,4864,3,0.5,4,0.8933942327577293,0.9375,0.8991868177319527,0.39617461247617597
Qwen2.5-0.5B,7,model.layers.7.mlp.down_proj,4864,3,0.5,6,0.9536764896709229,0.984375,0.9366224302883569,0.39617461247617597
Qwen2.5-0.5B,7,model.layers.7.mlp.down_proj,4864,3,0.5,8,0.9778501986711828,0.99609375,0.9632255973214394,0.39617461247617597
Qwen2.5-0.5B,8,model.layers.8.mlp.down_proj,4864,3,0.1,1,0.0999177631578947,0.09999999999999998,-82236.84210530158,0.24499288386421877
Qwen2.5-0.5B,8,model.layers.8.mlp.down_proj,4864,3,0.1,2,0.16101080505201357,0.18999999999999995,0.6778978339112622,0.24499288386421877
Qwen2.5-0.5B,8,model.layers.8.mlp.down_proj,4864,3,0.1,3,0.21011956591847267,0.2709999999999999,0.6439740696986709,0.24499288386421877
Qwen2.5-0.5B,8,model.layers.8.mlp.down_proj,4864,3,0.1,4,0.2519436330265743,0.3439,0.6229751251602063,0.24499288386421877
Qwen2.5-0.5B,8,model.layers.8.mlp.down_proj,4864,3,0.1,6,0.32137938920896914,0.46855899999999995,0.6006620085494294,0.24499288386421877
Qwen2.5-0.5B,8,model.layers.8.mlp.down_proj,4864,3,0.1,8,0.3780728895257947,0.5695327899999999,0.5922331633660659,0.24499288386421877
Qwen2.5-0.5B,8,model.layers.8.mlp.down_proj,4864,3,0.2,1,0.1998355263157894,0.19999999999999996,-164473.68421060315,0.275884311480848
Qwen2.5-0.5B,8,model.layers.8.mlp.down_proj,4864,3,0.2,2,0.314069098259347,0.3599999999999999,0.7129318641209191,0.275884311480848
Qwen2.5-0.5B,8,model.layers.8.mlp.down_proj,4864,3,0.2,3,0.39918609713622294,0.4879999999999999,0.6916183928341078,0.275884311480848
Qwen2.5-0.5B,8,model.layers.8.mlp.down_proj,4864,3,0.2,4,0.46653534083858966,0.5903999999999999,0.682723721410322,0.275884311480848
Qwen2.5-0.5B,8,model.layers.8.mlp.down_proj,4864,3,0.2,6,0.5686118031765804,0.7378559999999998,0.6853354860345158,0.275884311480848
Qwen2.5-0.5B,8,model.layers.8.mlp.down_proj,4864,3,0.2,8,0.6431238600833767,0.8322278399999999,0.7008926719889096,0.275884311480848
Qwen2.5-0.5B,8,model.layers.8.mlp.down_proj,4864,3,0.3,1,0.29995888157894735,0.30000000000000004,-41118.42105264385,0.3201565804000871
Qwen2.5-0.5B,8,model.layers.8.mlp.down_proj,4864,3,0.3,2,0.4553740408383974,0.51,0.7398763849447495,0.3201565804000871
Qwen2.5-0.5B,8,model.layers.8.mlp.down_proj,4864,3,0.3,3,0.5611813886738907,0.657,0.7316005284982932,0.3201565804000871
Qwen2.5-0.5B,8,model.layers.8.mlp.down_proj,4864,3,0.3,4,0.6386987352652259,0.7599,0.7364616987719632,0.3201565804000871
Qwen2.5-0.5B,8,model.layers.8.mlp.down_proj,4864,3,0.3,6,0.7439311805771825,0.882351,0.7623086086864838,0.3201565804000871
Qwen2.5-0.5B,8,model.layers.8.mlp.down_proj,4864,3,0.3,8,0.810878875716519,0.94235199,0.795325434761273,0.3201565804000871
Qwen2.5-0.5B,8,model.layers.8.mlp.down_proj,4864,3,0.5,1,0.5,0.5,0.0,0.4346422361055502
Qwen2.5-0.5B,8,model.layers.8.mlp.down_proj,4864,3,0.5,2,0.6976729870480998,0.75,0.7906919481923991,0.4346422361055502
Qwen2.5-0.5B,8,model.layers.8.mlp.down_proj,4864,3,0.5,3,0.8034087977296182,0.875,0.8090901272789818,0.4346422361055502
Qwen2.5-0.5B,8,model.layers.8.mlp.down_proj,4864,3,0.5,4,0.8657802644504187,0.9375,0.8360691758866713,0.4346422361055502
Qwen2.5-0.5B,8,model.layers.8.mlp.down_proj,4864,3,0.5,6,0.9307207321187584,0.984375,0.8892298985677592,0.4346422361055502
Qwen2.5-0.5B,8,model.layers.8.mlp.down_proj,4864,3,0.5,8,0.960745342626368,0.99609375,0.9287465174200804,0.4346422361055502
Qwen2.5-0.5B,9,model.layers.9.mlp.down_proj,4864,3,0.1,1,0.0999177631578947,0.09999999999999998,-82236.84210530158,0.27168617794837946
Qwen2.5-0.5B,9,model.layers.9.mlp.down_proj,4864,3,0.1,2,0.15766098143475124,0.18999999999999995,0.6406775714972364,0.27168617794837946
Qwen2.5-0.5B,9,model.layers.9.mlp.down_proj,4864,3,0.1,3,0.2031266124871001,0.2709999999999999,0.6030796051877202,0.27168617794837946
Qwen2.5-0.5B,9,model.layers.9.mlp.down_proj,4864,3,0.1,4,0.24135786113121704,0.3439,0.5795730263682536,0.27168617794837946
Qwen2.5-0.5B,9,model.layers.9.mlp.down_proj,4864,3,0.1,6,0.3039421779300322,0.46855899999999995,0.5533501499896413,0.27168617794837946
Qwen2.5-0.5B,9,model.layers.9.mlp.down_proj,4864,3,0.1,8,0.3552309959614382,0.5695327899999999,0.5435850304755887,0.27168617794837946
Qwen2.5-0.5B,9,model.layers.9.mlp.down_proj,4864,3,0.2,1,0.1998355263157894,0.19999999999999996,-164473.68421060315,0.302601606078032
Qwen2.5-0.5B,9,model.layers.9.mlp.down_proj,4864,3,0.2,2,0.3076366000617983,0.3599999999999999,0.67272875038624,0.302601606078032
Qwen2.5-0.5B,9,model.layers.9.mlp.down_proj,4864,3,0.2,3,0.38733834816821466,0.4879999999999999,0.650480375584079,0.302601606078032
Qwen2.5-0.5B,9,model.layers.9.mlp.down_proj,4864,3,0.2,4,0.45020874263261296,0.5903999999999999,0.6409035415794391,0.302601606078032
Qwen2.5-0.5B,9,model.layers.9.mlp.down_proj,4864,3,0.2,6,0.5454305836707152,0.7378559999999998,0.6422361815629374,0.302601606078032
Qwen2.5-0.5B,9,model.layers.9.mlp.down_proj,4864,3,0.2,8,0.6152606337936425,0.8322278399999999,0.6568211766720722,0.302601606078032
Qwen2.5-0.5B,9,model.layers.9.mlp.down_proj,4864,3,0.3,1,0.29995888157894735,0.30000000000000004,-41118.42105264385,0.3427586319157531
Qwen2.5-0.5B,9,model.layers.9.mlp.down_proj,4864,3,0.3,2,0.4476669520547945,0.51,0.7031759621656881,0.3427586319157531
Qwen2.5-0.5B,9,model.layers.9.mlp.down_proj,4864,3,0.3,3,0.5479319852941177,0.657,0.6944873537650355,0.3427586319157531
Qwen2.5-0.5B,9,model.layers.9.mlp.down_proj,4864,3,0.3,4,0.6213187299658773,0.7599,0.6986708631569414,0.3427586319157531
Qwen2.5-0.5B,9,model.layers.9.mlp.down_proj,4864,3,0.3,6,0.7220378516557665,0.882351,0.7247138781521221,0.3427586319157531
Qwen2.5-0.5B,9,model.layers.9.mlp.down_proj,4864,3,0.3,8,0.7880097055758207,0.94235199,0.7597231940945971,0.3427586319157531
Qwen2.5-0.5B,9,model.layers.9.mlp.down_proj,4864,3,0.5,1,0.5,0.5,0.0,0.45030292014938295
Qwen2.5-0.5B,9,model.layers.9.mlp.down_proj,4864,3,0.5,2,0.6900817701359563,0.75,0.7603270805438251,0.45030292014938295
Qwen2.5-0.5B,9,model.layers.9.mlp.down_proj,4864,3,0.5,3,0.7928820788183694,0.875,0.781018876848985,0.45030292014938295
Qwen2.5-0.5B,9,model.layers.9.mlp.down_proj,4864,3,0.5,4,0.8546027588925654,0.9375,0.8105205917544352,0.45030292014938295
Qwen2.5-0.5B,9,model.layers.9.mlp.down_proj,4864,3,0.5,6,0.9211848268971244,0.984375,0.8695428684327731,0.45030292014938295
Qwen2.5-0.5B,9,model.layers.9.mlp.down_proj,4864,3,0.5,8,0.9539770876758729,0.99609375,0.9151034208269563,0.45030292014938295
Qwen2.5-0.5B,10,model.layers.10.mlp.down_proj,4864,3,0.1,1,0.0999177631578947,0.09999999999999998,-82236.84210530158,0.33275515826301316
Qwen2.5-0.5B,10,model.layers.10.mlp.down_proj,4864,3,0.1,2,0.15050669803790298,0.18999999999999995,0.5611855337544779,0.33275515826301316
Qwen2.5-0.5B,10,model.layers.10.mlp.down_proj,4864,3,0.1,3,0.1895809146026832,0.2709999999999999,0.5238649976765102,0.33275515826301316
Qwen2.5-0.5B,10,model.layers.10.mlp.down_proj,4864,3,0.1,4,0.22213924038362112,0.3439,0.50077589333178,0.33275515826301316
Qwen2.5-0.5B,10,model.layers.10.mlp.down_proj,4864,3,0.1,6,0.2747262015986713,0.46855899999999995,0.4740793240666251,0.33275515826301316
Qwen2.5-0.5B,10,model.layers.10.mlp.down_proj,4864,3,0.1,8,0.31742525403856175,0.5695327899999999,0.4630672418822161,0.33275515826301316
Qwen2.5-0.5B,10,model.layers.10.mlp.down_proj,4864,3,0.2,1,0.1998355263157894,0.19999999999999996,-164473.68421060315,0.355677696165196
Qwen2.5-0.5B,10,model.layers.10.mlp.down_proj,4864,3,0.2,2,0.29560443274281595,0.3599999999999999,0.5975277046426001,0.355677696165196
Qwen2.5-0.5B,10,model.layers.10.mlp.down_proj,4864,3,0.2,3,0.3657015931372549,0.4879999999999999,0.575352753948802,0.355677696165196
Qwen2.5-0.5B,10,model.layers.10.mlp.down_proj,4864,3,0.2,4,0.4214323105159756,0.5903999999999999,0.5671934183298557,0.355677696165196
Qwen2.5-0.5B,10,model.layers.10.mlp.down_proj,4864,3,0.2,6,0.5056937253451677,0.7378559999999998,0.568356075501933,0.355677696165196
Qwen2.5-0.5B,10,model.layers.10.mlp.down_proj,4864,3,0.2,8,0.5692820967952058,0.8322278399999999,0.5840965446811166,0.355677696165196
Qwen2.5-0.5B,10,model.layers.10.mlp.down_proj,4864,3,0.3,1,0.29995888157894735,0.30000000000000004,-41118.42105264385,0.3932597820639092
Qwen2.5-0.5B,10,model.layers.10.mlp.down_proj,4864,3,0.3,2,0.4314770766814296,0.51,0.6260813175306171,0.3932597820639092
Qwen2.5-0.5B,10,model.layers.10.mlp.down_proj,4864,3,0.3,3,0.521454140866873,0.657,0.6203197223161709,0.3932597820639092
Qwen2.5-0.5B,10,model.layers.10.mlp.down_proj,4864,3,0.3,4,0.5885439555113225,0.7599,0.6274058610813711,0.3932597820639092
Qwen2.5-0.5B,10,model.layers.10.mlp.down_proj,4864,3,0.3,6,0.6818151958112737,0.882351,0.65564444091497,0.3932597820639092
Qwen2.5-0.5B,10,model.layers.10.mlp.down_proj,4864,3,0.3,8,0.7453576895518498,0.94235199,0.693323437126504,0.3932597820639092
Qwen2.5-0.5B,10,model.layers.10.mlp.down_proj,4864,3,0.5,1,0.5,0.5,0.0,0.48640486622561924
Qwen2.5-0.5B,10,model.layers.10.mlp.down_proj,4864,3,0.5,2,0.673380127330312,0.75,0.6935205093212482,0.48640486622561924
Qwen2.5-0.5B,10,model.layers.10.mlp.down_proj,4864,3,0.5,3,0.7706047632868936,0.875,0.721612702098383,0.48640486622561924
Qwen2.5-0.5B,10,model.layers.10.mlp.down_proj,4864,3,0.5,4,0.8311628354099887,0.9375,0.7569436237942598,0.48640486622561924
Qwen2.5-0.5B,10,model.layers.10.mlp.down_proj,4864,3,0.5,6,0.899877455751064,0.984375,0.8255534570344548,0.48640486622561924
Qwen2.5-0.5B,10,model.layers.10.mlp.down_proj,4864,3,0.5,8,0.9360343929129754,0.99609375,0.8789354691789111,0.48640486622561924
Qwen2.5-0.5B,11,model.layers.11.mlp.down_proj,4864,3,0.1,1,0.0999177631578947,0.09999999999999998,-82236.84210530158,0.3394952001826323
Qwen2.5-0.5B,11,model.layers.11.mlp.down_proj,4864,3,0.1,2,0.14978531517149038,0.18999999999999995,0.5531701685721157,0.3394952001826323
Qwen2.5-0.5B,11,model.layers.11.mlp.down_proj,4864,3,0.1,3,0.18799180856553152,0.2709999999999999,0.5145719799153893,0.3394952001826323
Qwen2.5-0.5B,11,model.layers.11.mlp.down_proj,4864,3,0.1,4,0.219735953494985,0.3439,0.4909223185526241,0.3394952001826323
Qwen2.5-0.5B,11,model.layers.11.mlp.down_proj,4864,3,0.1,6,0.2709594460448458,0.46855899999999995,0.4638591000215591,0.3394952001826323
Qwen2.5-0.5B,11,model.layers.11.mlp.down_proj,4864,3,0.1,8,0.3125398970818134,0.5695327899999999,0.45266252242322297,0.3394952001826323
Qwen2.5-0.5B,11,model.layers.11.mlp.down_proj,4864,3,0.2,1,0.1998355263157894,0.19999999999999996,-164473.68421060315,0.3656044074998908
Qwen2.5-0.5B,11,model.layers.11.mlp.down_proj,4864,3,0.2,2,0.29367162555361004,0.3599999999999999,0.5854476597100632,0.3656044074998908
Qwen2.5-0.5B,11,model.layers.11.mlp.down_proj,4864,3,0.2,3,0.3628108068885449,0.4879999999999999,0.5653153016963366,0.3656044074998908
Qwen2.5-0.5B,11,model.layers.11.mlp.down_proj,4864,3,0.2,4,0.4176561207475959,0.5903999999999999,0.5575208010952765,0.3656044074998908
Qwen2.5-0.5B,11,model.layers.11.mlp.down_proj,4864,3,0.2,6,0.500326027717222,0.7378559999999998,0.5583762711900994,0.3656044074998908
Qwen2.5-0.5B,11,model.layers.11.mlp.down_proj,4864,3,0.2,8,0.5624649882751434,0.8322278399999999,0.5733138677903576,0.3656044074998908
Qwen2.5-0.5B,11,model.layers.11.mlp.down_proj,4864,3,0.3,1,0.29995888157894735,0.30000000000000004,-41118.42105264385,0.3985309152552766
Qwen2.5-0.5B,11,model.layers.11.mlp.down_proj,4864,3,0.3,2,0.43010351220517046,0.51,0.6195405343103355,0.3985309152552766
Qwen2.5-0.5B,11,model.layers.11.mlp.down_proj,4864,3,0.3,3,0.5196348522961816,0.657,0.6152236758996682,0.3985309152552766
Qwen2.5-0.5B,11,model.layers.11.mlp.down_proj,4864,3,0.3,4,0.5861875226191706,0.7599,0.622282067012765,0.3985309152552766
Qwen2.5-0.5B,11,model.layers.11.mlp.down_proj,4864,3,0.3,6,0.6792386036281531,0.882351,0.6512199749432097,0.3985309152552766
Qwen2.5-0.5B,11,model.layers.11.mlp.down_proj,4864,3,0.3,8,0.7428107901250652,0.94235199,0.6893584779352286,0.3985309152552766
Qwen2.5-0.5B,11,model.layers.11.mlp.down_proj,4864,3,0.5,1,0.5,0.5,0.0,0.4883788118584768
Qwen2.5-0.5B,11,model.layers.11.mlp.down_proj,4864,3,0.5,2,0.672678458775363,0.75,0.6907138351014521,0.4883788118584768
Qwen2.5-0.5B,11,model.layers.11.mlp.down_proj,4864,3,0.5,3,0.7696191305469556,0.875,0.7189843481252151,0.4883788118584768
Qwen2.5-0.5B,11,model.layers.11.mlp.down_proj,4864,3,0.5,4,0.8305557530245062,0.9375,0.7555560069131572,0.4883788118584768
Qwen2.5-0.5B,11,model.layers.11.mlp.down_proj,4864,3,0.5,6,0.8996175256929305,0.984375,0.8250168272370179,0.4883788118584768
Qwen2.5-0.5B,11,model.layers.11.mlp.down_proj,4864,3,0.5,8,0.9359407569046377,0.99609375,0.8787467225794272,0.4883788118584768
Qwen2.5-0.5B,12,model.layers.12.mlp.down_proj,4864,3,0.1,1,0.0999177631578947,0.09999999999999998,-82236.84210530158,0.3968246810657731
Qwen2.5-0.5B,12,model.layers.12.mlp.down_proj,4864,3,0.1,2,0.14370606524873827,0.18999999999999995,0.4856229472082033,0.3968246810657731
Qwen2.5-0.5B,12,model.layers.12.mlp.down_proj,4864,3,0.1,3,0.17756022639318886,0.2709999999999999,0.4535685753987655,0.3968246810657731
Qwen2.5-0.5B,12,model.layers.12.mlp.down_proj,4864,3,0.1,4,0.20528593863095854,0.3439,0.43167666515358155,0.3968246810657731
Qwen2.5-0.5B,12,model.layers.12.mlp.down_proj,4864,3,0.1,6,0.25000567709955357,0.46855899999999995,0.40700587178593817,0.3968246810657731
Qwen2.5-0.5B,12,model.layers.12.mlp.down_proj,4864,3,0.1,8,0.2866434340802501,0.5695327899999999,0.39750883869101056,0.3968246810657731
Qwen2.5-0.5B,12,model.layers.12.mlp.down_proj,4864,3,0.2,1,0.1998355263157894,0.19999999999999996,-164473.68421060315,0.41007486287137057
Qwen2.5-0.5B,12,model.layers.12.mlp.down_proj,4864,3,0.2,2,0.28434112357091357,0.3599999999999999,0.5271320223182102,0.41007486287137057
Qwen2.5-0.5B,12,model.layers.12.mlp.down_proj,4864,3,0.2,3,0.34667585784313726,0.4879999999999999,0.509291173066449,0.41007486287137057
Qwen2.5-0.5B,12,model.layers.12.mlp.down_proj,4864,3,0.2,4,0.39598574345982834,0.5903999999999999,0.5020126625507899,0.41007486287137057
Qwen2.5-0.5B,12,model.layers.12.mlp.down_proj,4864,3,0.2,6,0.4714993382123949,0.7378559999999998,0.5047807186540542,0.41007486287137057
Qwen2.5-0.5B,12,model.layers.12.mlp.down_proj,4864,3,0.2,8,0.5294326472120896,0.8322278399999999,0.5210663409129368,0.41007486287137057
Qwen2.5-0.5B,12,model.layers.12.mlp.down_proj,4864,3,0.3,1,0.29995888157894735,0.30000000000000004,-41118.42105264385,0.4396676603533414
Qwen2.5-0.5B,12,model.layers.12.mlp.down_proj,4864,3,0.3,2,0.41774424824904727,0.51,0.5606868964240346,0.4396676603533414
Qwen2.5-0.5B,12,model.layers.12.mlp.down_proj,4864,3,0.3,3,0.4996980617905057,0.657,0.5593783243431532,0.4396676603533414
Qwen2.5-0.5B,12,model.layers.12.mlp.down_proj,4864,3,0.3,4,0.5613952958587529,0.7599,0.5683742027805021,0.4396676603533414
Qwen2.5-0.5B,12,model.layers.12.mlp.down_proj,4864,3,0.3,6,0.6492817658050452,0.882351,0.5997787688267816,0.4396676603533414
Qwen2.5-0.5B,12,model.layers.12.mlp.down_proj,4864,3,0.3,8,0.7112994235278791,0.94235199,0.6403022485037823,0.4396676603533414
Qwen2.5-0.5B,12,model.layers.12.mlp.down_proj,4864,3,0.5,1,0.5,0.5,0.0,0.516402031954816
Qwen2.5-0.5B,12,model.layers.12.mlp.down_proj,4864,3,0.5,2,0.6602680985425893,0.75,0.6410723941703571,0.516402031954816
Qwen2.5-0.5B,12,model.layers.12.mlp.down_proj,4864,3,0.5,3,0.7539957430340558,0.875,0.6773219814241488,0.516402031954816
Qwen2.5-0.5B,12,model.layers.12.mlp.down_proj,4864,3,0.5,4,0.8138987533605626,0.9375,0.7174828648241431,0.516402031954816
Qwen2.5-0.5B,12,model.layers.12.mlp.down_proj,4864,3,0.5,6,0.8839430538253918,0.984375,0.7926566272524219,0.516402031954816
Qwen2.5-0.5B,12,model.layers.12.mlp.down_proj,4864,3,0.5,8,0.9228076960656593,0.99609375,0.8522737810457384,0.516402031954816
Qwen2.5-0.5B,13,model.layers.13.mlp.down_proj,4864,3,0.1,1,0.0999177631578947,0.09999999999999998,-82236.84210530158,0.39602366283771806
Qwen2.5-0.5B,13,model.layers.13.mlp.down_proj,4864,3,0.1,2,0.1438444677618704,0.18999999999999995,0.4871607529096714,0.39602366283771806
Qwen2.5-0.5B,13,model.layers.13.mlp.down_proj,4864,3,0.1,3,0.17732238454592364,0.2709999999999999,0.45217768740306247,0.39602366283771806
Qwen2.5-0.5B,13,model.layers.13.mlp.down_proj,4864,3,0.1,4,0.20479801080550097,0.3439,0.4296761410639646,0.39602366283771806
Qwen2.5-0.5B,13,model.layers.13.mlp.down_proj,4864,3,0.1,6,0.24898420468701338,0.46855899999999995,0.40423434154915056,0.39602366283771806
Qwen2.5-0.5B,13,model.layers.13.mlp.down_proj,4864,3,0.1,8,0.2849555432516936,0.5695327899999999,0.3939140081179285,0.39602366283771806
Qwen2.5-0.5B,13,model.layers.13.mlp.down_proj,4864,3,0.2,1,0.1998355263157894,0.19999999999999996,-164473.68421060315,0.4288251407863247
Qwen2.5-0.5B,13,model.layers.13.mlp.down_proj,4864,3,0.2,2,0.2808291598001854,0.3599999999999999,0.5051822487511591,0.4288251407863247
Qwen2.5-0.5B,13,model.layers.13.mlp.down_proj,4864,3,0.2,3,0.339718379127967,0.4879999999999999,0.4851332608609967,0.4288251407863247
Qwen2.5-0.5B,13,model.layers.13.mlp.down_proj,4864,3,0.2,4,0.38606602535932166,0.5903999999999999,0.4766035485638363,0.4288251407863247
Qwen2.5-0.5B,13,model.layers.13.mlp.down_proj,4864,3,0.2,6,0.4563130969064674,0.7378559999999998,0.47654594706848563,0.4288251407863247
Qwen2.5-0.5B,13,model.layers.13.mlp.down_proj,4864,3,0.2,8,0.5099421085200625,0.8322278399999999,0.4902379947710979,0.4288251407863247
Qwen2.5-0.5B,13,model.layers.13.mlp.down_proj,4864,3,0.3,1,0.29995888157894735,0.30000000000000004,-41118.42105264385,0.4604961389565104
Qwen2.5-0.5B,13,model.layers.13.mlp.down_proj,4864,3,0.3,2,0.41204198424142546,0.51,0.5335332582925022,0.4604961389565104
Qwen2.5-0.5B,13,model.layers.13.mlp.down_proj,4864,3,0.3,3,0.4888383642930857,0.657,0.5289590036220887,0.4604961389565104
Qwen2.5-0.5B,13,model.layers.13.mlp.down_proj,4864,3,0.3,4,0.5465163245786372,0.7599,0.5360215798622248,0.4604961389565104
Qwen2.5-0.5B,13,model.layers.13.mlp.down_proj,4864,3,0.3,6,0.629203892219454,0.882351,0.5653014972404169,0.4604961389565104
Qwen2.5-0.5B,13,model.layers.13.mlp.down_proj,4864,3,0.3,8,0.6878806507295466,0.94235199,0.6038443980371986,0.4604961389565104
Qwen2.5-0.5B,13,model.layers.13.mlp.down_proj,4864,3,0.5,1,0.5,0.5,0.0,0.5342894869511599
Qwen2.5-0.5B,13,model.layers.13.mlp.down_proj,4864,3,0.5,2,0.6527867185086003,0.75,0.611146874034401,0.5342894869511599
Qwen2.5-0.5B,13,model.layers.13.mlp.down_proj,4864,3,0.5,3,0.7411909829721363,0.875,0.6431759545923633,0.5342894869511599
Qwen2.5-0.5B,13,model.layers.13.mlp.down_proj,4864,3,0.5,4,0.798597288284562,0.9375,0.6825080875075703,0.5342894869511599
Qwen2.5-0.5B,13,model.layers.13.mlp.down_proj,4864,3,0.5,6,0.8680548797103707,0.984375,0.7598552355310878,0.5342894869511599
Qwen2.5-0.5B,13,model.layers.13.mlp.down_proj,4864,3,0.5,8,0.9078361125586244,0.99609375,0.8220948410630539,0.5342894869511599
Qwen2.5-0.5B,14,model.layers.14.mlp.down_proj,4864,3,0.1,1,0.0999177631578947,0.09999999999999998,-82236.84210530158,0.4131389414107736
Qwen2.5-0.5B,14,model.layers.14.mlp.down_proj,4864,3,0.1,2,0.14199534581316303,0.18999999999999995,0.4666149534795895,0.4131389414107736
Qwen2.5-0.5B,14,model.layers.14.mlp.down_proj,4864,3,0.1,3,0.172983988003096,0.2709999999999999,0.4268069473865265,0.4131389414107736
Qwen2.5-0.5B,14,model.layers.14.mlp.down_proj,4864,3,0.1,4,0.19790077939199668,0.3439,0.4013972094792812,0.4131389414107736
Qwen2.5-0.5B,14,model.layers.14.mlp.down_proj,4864,3,0.1,6,0.23778288176061457,0.46855899999999995,0.3738421304611055,0.4131389414107736
Qwen2.5-0.5B,14,model.layers.14.mlp.down_proj,4864,3,0.1,8,0.27000594385096405,0.5695327899999999,0.3620746995134548,0.4131389414107736
Qwen2.5-0.5B,14,model.layers.14.mlp.down_proj,4864,3,0.2,1,0.1998355263157894,0.19999999999999996,-164473.68421060315,0.43614455839304855
Qwen2.5-0.5B,14,model.layers.14.mlp.down_proj,4864,3,0.2,2,0.27920976992996194,0.3599999999999999,0.49506106206226247,0.43614455839304855
Qwen2.5-0.5B,14,model.layers.14.mlp.down_proj,4864,3,0.2,3,0.3358762254901961,0.4879999999999999,0.47179244961873656,0.43614455839304855
Qwen2.5-0.5B,14,model.layers.14.mlp.down_proj,4864,3,0.2,4,0.3798582747389102,0.5903999999999999,0.46070254799925775,0.43614455839304855
Qwen2.5-0.5B,14,model.layers.14.mlp.down_proj,4864,3,0.2,6,0.44704807043496314,0.7378559999999998,0.4593200976375892,0.43614455839304855
Qwen2.5-0.5B,14,model.layers.14.mlp.down_proj,4864,3,0.2,8,0.4985299146690985,0.8322278399999999,0.4721872334332803,0.43614455839304855
Qwen2.5-0.5B,14,model.layers.14.mlp.down_proj,4864,3,0.3,1,0.29995888157894735,0.30000000000000004,-41118.42105264385,0.46753647078893906
Qwen2.5-0.5B,14,model.layers.14.mlp.down_proj,4864,3,0.3,2,0.4098657656555773,0.51,0.5231703126456062,0.46753647078893906
Qwen2.5-0.5B,14,model.layers.14.mlp.down_proj,4864,3,0.3,3,0.4840746742776058,0.657,0.5156153341109406,0.46753647078893906
Qwen2.5-0.5B,14,model.layers.14.mlp.down_proj,4864,3,0.3,4,0.5392729390704166,0.7599,0.5202716657325867,0.46753647078893906
Qwen2.5-0.5B,14,model.layers.14.mlp.down_proj,4864,3,0.3,6,0.6189875460656077,0.882351,0.5477582180945987,0.46753647078893906
Qwen2.5-0.5B,14,model.layers.14.mlp.down_proj,4864,3,0.3,8,0.6759160044293903,0.94235199,0.5852180895857273,0.46753647078893906
Qwen2.5-0.5B,14,model.layers.14.mlp.down_proj,4864,3,0.5,1,0.5,0.5,0.0,0.5425395405792273
Qwen2.5-0.5B,14,model.layers.14.mlp.down_proj,4864,3,0.5,2,0.6490997399320219,0.75,0.5963989597280874,0.5425395405792273
Qwen2.5-0.5B,14,model.layers.14.mlp.down_proj,4864,3,0.5,3,0.7354069917440661,0.875,0.6277519779841763,0.5425395405792273
Qwen2.5-0.5B,14,model.layers.14.mlp.down_proj,4864,3,0.5,4,0.7912711004549685,0.9375,0.6657625153256423,0.5425395405792273
Qwen2.5-0.5B,14,model.layers.14.mlp.down_proj,4864,3,0.5,6,0.8591625142738503,0.984375,0.7414968036621424,0.5425395405792273
Qwen2.5-0.5B,14,model.layers.14.mlp.down_proj,4864,3,0.5,8,0.898764818916102,0.99609375,0.8038093987600168,0.5425395405792273
Qwen2.5-0.5B,15,model.layers.15.mlp.down_proj,4864,3,0.1,1,0.0999177631578947,0.09999999999999998,-82236.84210530158,0.43061191695499207
Qwen2.5-0.5B,15,model.layers.15.mlp.down_proj,4864,3,0.1,2,0.14024479542177362,0.18999999999999995,0.44716439357526266,0.43061191695499207
Qwen2.5-0.5B,15,model.layers.15.mlp.down_proj,4864,3,0.1,3,0.1695288312693498,0.2709999999999999,0.4066013524523383,0.43061191695499207
Qwen2.5-0.5B,15,model.layers.15.mlp.down_proj,4864,3,0.1,4,0.19312530697445973,0.3439,0.3818175767710526,0.43061191695499207
Qwen2.5-0.5B,15,model.layers.15.mlp.down_proj,4864,3,0.1,6,0.23054417432264088,0.46855899999999995,0.35420156426146393,0.43061191695499207
Qwen2.5-0.5B,15,model.layers.15.mlp.down_proj,4864,3,0.1,8,0.2608031526836895,0.5695327899999999,0.3424748092325767,0.43061191695499207
Qwen2.5-0.5B,15,model.layers.15.mlp.down_proj,4864,3,0.2,1,0.1998355263157894,0.19999999999999996,-164473.68421060315,0.43966354615125813
Qwen2.5-0.5B,15,model.layers.15.mlp.down_proj,4864,3,0.2,2,0.27850689437635184,0.3599999999999999,0.49066808985219934,0.43966354615125813
Qwen2.5-0.5B,15,model.layers.15.mlp.down_proj,4864,3,0.2,3,0.33368969298245615,0.4879999999999999,0.4642003228557507,0.43966354615125813
Qwen2.5-0.5B,15,model.layers.15.mlp.down_proj,4864,3,0.2,4,0.3767222882845621,0.5903999999999999,0.45266979581086614,0.43966354615125813
Qwen2.5-0.5B,15,model.layers.15.mlp.down_proj,4864,3,0.2,6,0.44250841832762383,0.7378559999999998,0.4508798234613426,0.43966354615125813
Qwen2.5-0.5B,15,model.layers.15.mlp.down_proj,4864,3,0.2,8,0.49282585330901507,0.8322278399999999,0.4631650724349866,0.43966354615125813
Qwen2.5-0.5B,15,model.layers.15.mlp.down_proj,4864,3,0.3,1,0.29995888157894735,0.30000000000000004,-41118.42105264385,0.4659049323261428
Qwen2.5-0.5B,15,model.layers.15.mlp.down_proj,4864,3,0.3,2,0.4102825825265218,0.51,0.525155154888199,0.4659049323261428
Qwen2.5-0.5B,15,model.layers.15.mlp.down_proj,4864,3,0.3,3,0.48407830237358096,0.657,0.5156254968447646,0.4659049323261428
Qwen2.5-0.5B,15,model.layers.15.mlp.down_proj,4864,3,0.3,4,0.5391380318736428,0.7599,0.5199783254482341,0.4659049323261428
Qwen2.5-0.5B,15,model.layers.15.mlp.down_proj,4864,3,0.3,6,0.6197166478511368,0.882351,0.5490102152329724,0.4659049323261428
Qwen2.5-0.5B,15,model.layers.15.mlp.down_proj,4864,3,0.3,8,0.6768845264460657,0.94235199,0.5867258641886758,0.4659049323261428
Qwen2.5-0.5B,15,model.layers.15.mlp.down_proj,4864,3,0.5,1,0.5,0.5,0.0,0.5398851141489398
Qwen2.5-0.5B,15,model.layers.15.mlp.down_proj,4864,3,0.5,2,0.6502467909928932,0.75,0.6009871639715727,0.5398851141489398
Qwen2.5-0.5B,15,model.layers.15.mlp.down_proj,4864,3,0.5,3,0.7373552792827657,0.875,0.6329474114207084,0.5398851141489398
Qwen2.5-0.5B,15,model.layers.15.mlp.down_proj,4864,3,0.5,4,0.7943513468100506,0.9375,0.6728030784229728,0.5398851141489398
Qwen2.5-0.5B,15,model.layers.15.mlp.down_proj,4864,3,0.5,6,0.8640796935015053,0.984375,0.7516483994869786,0.5398851141489398
Qwen2.5-0.5B,15,model.layers.15.mlp.down_proj,4864,3,0.5,8,0.904019020323085,0.99609375,0.8144005449032264,0.5398851141489398
Qwen2.5-0.5B,16,model.layers.16.mlp.down_proj,4864,3,0.1,1,0.0999177631578947,0.09999999999999998,-82236.84210530158,0.2885277516553741
Qwen2.5-0.5B,16,model.layers.16.mlp.down_proj,4864,3,0.1,2,0.15528279173962303,0.18999999999999995,0.6142532415513674,0.2885277516553741
Qwen2.5-0.5B,16,model.layers.16.mlp.down_proj,4864,3,0.1,3,0.19750225748194017,0.2709999999999999,0.5701886402452644,0.2885277516553741
Qwen2.5-0.5B,16,model.layers.16.mlp.down_proj,4864,3,0.1,4,0.23202624146934134,0.3439,0.5413130031543311,0.2885277516553741
Qwen2.5-0.5B,16,model.layers.16.mlp.down_proj,4864,3,0.1,6,0.28794613892349213,0.46855899999999995,0.5099485806166506,0.2885277516553741
Qwen2.5-0.5B,16,model.layers.16.mlp.down_proj,4864,3,0.1,8,0.3332330478113601,0.5695327899999999,0.496734312871653,0.2885277516553741
Qwen2.5-0.5B,16,model.layers.16.mlp.down_proj,4864,3,0.2,1,0.1998355263157894,0.19999999999999996,-164473.68421060315,0.2964024826076811
Qwen2.5-0.5B,16,model.layers.16.mlp.down_proj,4864,3,0.2,2,0.30857524268719744,0.3599999999999999,0.6785952667949845,0.2964024826076811
Qwen2.5-0.5B,16,model.layers.16.mlp.down_proj,4864,3,0.2,3,0.3881965944272446,0.4879999999999999,0.6534603973168217,0.2964024826076811
Qwen2.5-0.5B,16,model.layers.16.mlp.down_proj,4864,3,0.2,4,0.4510965450832386,0.5903999999999999,0.6431776257255089,0.2964024826076811
Qwen2.5-0.5B,16,model.layers.16.mlp.down_proj,4864,3,0.2,6,0.5462302436935533,0.7378559999999998,0.6437229364245326,0.2964024826076811
Qwen2.5-0.5B,16,model.layers.16.mlp.down_proj,4864,3,0.2,8,0.6165581031787388,0.8322278399999999,0.658873394722287,0.2964024826076811
Qwen2.5-0.5B,16,model.layers.16.mlp.down_proj,4864,3,0.3,1,0.29995888157894735,0.30000000000000004,-41118.42105264385,0.3286770535208145
Qwen2.5-0.5B,16,model.layers.16.mlp.down_proj,4864,3,0.3,2,0.45182023444741987,0.51,0.722953497368666,0.3286770535208145
Qwen2.5-0.5B,16,model.layers.16.mlp.down_proj,4864,3,0.3,3,0.5551123903508772,0.657,0.7146005331957345,0.3286770535208145
Qwen2.5-0.5B,16,model.layers.16.mlp.down_proj,4864,3,0.3,4,0.6303991152672939,0.7599,0.718415123433994,0.3286770535208145
Qwen2.5-0.5B,16,model.layers.16.mlp.down_proj,4864,3,0.3,6,0.7332241708190596,0.882351,0.7439227730682346,0.3286770535208145
Qwen2.5-0.5B,16,model.layers.16.mlp.down_proj,4864,3,0.3,8,0.7993657178217823,0.94235199,0.7774019939158004,0.3286770535208145
Qwen2.5-0.5B,16,model.layers.16.mlp.down_proj,4864,3,0.5,1,0.5,0.5,0.0,0.4347170878281033
Qwen2.5-0.5B,16,model.layers.16.mlp.down_proj,4864,3,0.5,2,0.6972066832320527,0.75,0.7888267329282108,0.4347170878281033
Qwen2.5-0.5B,16,model.layers.16.mlp.down_proj,4864,3,0.5,3,0.8037361326109391,0.875,0.8099630202958377,0.4347170878281033
Qwen2.5-0.5B,16,model.layers.16.mlp.down_proj,4864,3,0.5,4,0.8659171912160066,0.9375,0.8363821513508723,0.4347170878281033
Qwen2.5-0.5B,16,model.layers.16.mlp.down_proj,4864,3,0.5,6,0.9303209021073393,0.984375,0.8884044430603134,0.4347170878281033
Qwen2.5-0.5B,16,model.layers.16.mlp.down_proj,4864,3,0.5,8,0.9603866760031267,0.99609375,0.9280235358803183,0.4347170878281033
Qwen2.5-0.5B,17,model.layers.17.mlp.down_proj,4864,3,0.1,1,0.0999177631578947,0.09999999999999998,-82236.84210530158,0.21547764576160522
Qwen2.5-0.5B,17,model.layers.17.mlp.down_proj,4864,3,0.1,2,0.1645722557678443,0.18999999999999995,0.7174695085316036,0.21547764576160522
Qwen2.5-0.5B,17,model.layers.17.mlp.down_proj,4864,3,0.1,3,0.2166223232714138,0.2709999999999999,0.6820018904761045,0.21547764576160522
Qwen2.5-0.5B,17,model.layers.17.mlp.down_proj,4864,3,0.1,4,0.2604827738858443,0.3439,0.6579859527914895,0.21547764576160522
Qwen2.5-0.5B,17,model.layers.17.mlp.down_proj,4864,3,0.1,6,0.3328674056628257,0.46855899999999995,0.6318320965240998,0.21547764576160522
Qwen2.5-0.5B,17,model.layers.17.mlp.down_proj,4864,3,0.1,8,0.392167958572173,0.5695327899999999,0.6222525131251708,0.21547764576160522
Qwen2.5-0.5B,17,model.layers.17.mlp.down_proj,4864,3,0.2,1,0.1998355263157894,0.19999999999999996,-164473.68421060315,0.24282881107611096
Qwen2.5-0.5B,17,model.layers.17.mlp.down_proj,4864,3,0.2,2,0.3218003270161706,0.3599999999999999,0.7612520438510669,0.24282881107611096
Qwen2.5-0.5B,17,model.layers.17.mlp.down_proj,4864,3,0.2,3,0.41403428147574817,0.4879999999999999,0.7431745884574592,0.24282881107611096
Qwen2.5-0.5B,17,model.layers.17.mlp.down_proj,4864,3,0.2,4,0.4871761419449902,0.5903999999999999,0.7355946258836841,0.24282881107611096
Qwen2.5-0.5B,17,model.layers.17.mlp.down_proj,4864,3,0.2,6,0.5971347678552891,0.7378559999999998,0.7383663431388497,0.24282881107611096
Qwen2.5-0.5B,17,model.layers.17.mlp.down_proj,4864,3,0.2,8,0.6764765991401772,0.8322278399999999,0.7536469750211843,0.24282881107611096
Qwen2.5-0.5B,17,model.layers.17.mlp.down_proj,4864,3,0.3,1,0.29995888157894735,0.30000000000000004,-41118.42105264385,0.28704329075846335
Qwen2.5-0.5B,17,model.layers.17.mlp.down_proj,4864,3,0.3,2,0.4663834779585951,0.51,0.7923022759933099,0.28704329075846335
Qwen2.5-0.5B,17,model.layers.17.mlp.down_proj,4864,3,0.3,3,0.5813624709752322,0.657,0.7881301707989696,0.28704329075846335
Qwen2.5-0.5B,17,model.layers.17.mlp.down_proj,4864,3,0.3,4,0.665028661720608,0.7599,0.7937131152872539,0.28704329075846335
Qwen2.5-0.5B,17,model.layers.17.mlp.down_proj,4864,3,0.3,6,0.7756864424374544,0.882351,0.8168380279890554,0.28704329075846335
Qwen2.5-0.5B,17,model.layers.17.mlp.down_proj,4864,3,0.3,8,0.8434715346534654,0.94235199,0.8460649972509079,0.28704329075846335
Qwen2.5-0.5B,17,model.layers.17.mlp.down_proj,4864,3,0.5,1,0.5,0.5,0.0,0.4068841344369193
Qwen2.5-0.5B,17,model.layers.17.mlp.down_proj,4864,3,0.5,2,0.7109427303275312,0.75,0.8437709213101248,0.4068841344369193
Qwen2.5-0.5B,17,model.layers.17.mlp.down_proj,4864,3,0.5,3,0.8237221039731683,0.875,0.8632589439284487,0.4068841344369193
Qwen2.5-0.5B,17,model.layers.17.mlp.down_proj,4864,3,0.5,4,0.8873496632974873,0.9375,0.8853706589656853,0.4068841344369193
Qwen2.5-0.5B,17,model.layers.17.mlp.down_proj,4864,3,0.5,6,0.9483517757967405,0.984375,0.9256294726126255,0.4068841344369193
Qwen2.5-0.5B,17,model.layers.17.mlp.down_proj,4864,3,0.5,8,0.9735274719906201,0.99609375,0.9545120695243995,0.4068841344369193
Qwen2.5-0.5B,18,model.layers.18.mlp.down_proj,4864,3,0.1,1,0.0999177631578947,0.09999999999999998,-82236.84210530158,0.20764676000432147
Qwen2.5-0.5B,18,model.layers.18.mlp.down_proj,4864,3,0.1,2,0.16568792486352868,0.18999999999999995,0.7298658318169857,0.20764676000432147
Qwen2.5-0.5B,18,model.layers.18.mlp.down_proj,4864,3,0.1,3,0.21896607327141385,0.2709999999999999,0.695708030826982,0.20764676000432147
Qwen2.5-0.5B,18,model.layers.18.mlp.down_proj,4864,3,0.1,4,0.2642278622944887,0.3439,0.6733409688170918,0.20764676000432147
Qwen2.5-0.5B,18,model.layers.18.mlp.down_proj,4864,3,0.1,6,0.33916249805356585,0.46855899999999995,0.6489123805240569,0.20764676000432147
Qwen2.5-0.5B,18,model.layers.18.mlp.down_proj,4864,3,0.1,8,0.40017912975508074,0.5695327899999999,0.6393145189180096,0.20764676000432147
Qwen2.5-0.5B,18,model.layers.18.mlp.down_proj,4864,3,0.2,1,0.1998355263157894,0.19999999999999996,-164473.68421060315,0.23680617001983317
Qwen2.5-0.5B,18,model.layers.18.mlp.down_proj,4864,3,0.2,2,0.32343178687300445,0.3599999999999999,0.7714486679562784,0.23680617001983317
Qwen2.5-0.5B,18,model.layers.18.mlp.down_proj,4864,3,0.2,3,0.41629015092879257,0.4879999999999999,0.7510074685027522,0.23680617001983317
Qwen2.5-0.5B,18,model.layers.18.mlp.down_proj,4864,3,0.2,4,0.4895075321838486,0.5903999999999999,0.7415664246512518,0.23680617001983317
Qwen2.5-0.5B,18,model.layers.18.mlp.down_proj,4864,3,0.2,6,0.5993309943683172,0.7378559999999998,0.7424496414808374,0.23680617001983317
Qwen2.5-0.5B,18,model.layers.18.mlp.down_proj,4864,3,0.2,8,0.677585575169359,0.8322278399999999,0.7554010515724191,0.23680617001983317
Qwen2.5-0.5B,18,model.layers.18.mlp.down_proj,4864,3,0.3,1,0.29995888157894735,0.30000000000000004,-41118.42105264385,0.2835263844355147
Qwen2.5-0.5B,18,model.layers.18.mlp.down_proj,4864,3,0.3,2,0.4676789898547739,0.51,0.7984713802608281,0.2835263844355147
Qwen2.5-0.5B,18,model.layers.18.mlp.down_proj,4864,3,0.3,3,0.5819792472910217,0.657,0.7898578355490803,0.2835263844355147
Qwen2.5-0.5B,18,model.layers.18.mlp.down_proj,4864,3,0.3,4,0.6645270008272153,0.7599,0.7926223109963367,0.2835263844355147
Qwen2.5-0.5B,18,model.layers.18.mlp.down_proj,4864,3,0.3,6,0.7739995328558081,0.882351,0.8139413049102828,0.2835263844355147
Qwen2.5-0.5B,18,model.layers.18.mlp.down_proj,4864,3,0.3,8,0.8410479904898385,0.94235199,0.8422920749258337,0.2835263844355147
Qwen2.5-0.5B,18,model.layers.18.mlp.down_proj,4864,3,0.5,1,0.5,0.5,0.0,0.408786799027272
Qwen2.5-0.5B,18,model.layers.18.mlp.down_proj,4864,3,0.5,2,0.7100286300082398,0.75,0.8401145200329592,0.408786799027272
Qwen2.5-0.5B,18,model.layers.18.mlp.down_proj,4864,3,0.5,3,0.8206067788957688,0.875,0.8549514103887169,0.408786799027272
Qwen2.5-0.5B,18,model.layers.18.mlp.down_proj,4864,3,0.5,4,0.8839895047047875,0.9375,0.8776902964680858,0.408786799027272
Qwen2.5-0.5B,18,model.layers.18.mlp.down_proj,4864,3,0.5,6,0.9461847457957022,0.984375,0.9211556042233853,0.408786799027272
Qwen2.5-0.5B,18,model.layers.18.mlp.down_proj,4864,3,0.5,8,0.9726900403856176,0.99609375,0.9528240184151031,0.408786799027272
Qwen2.5-0.5B,19,model.layers.19.mlp.down_proj,4864,3,0.1,1,0.0999177631578947,0.09999999999999998,-82236.84210530158,0.26423866057700535
Qwen2.5-0.5B,19,model.layers.19.mlp.down_proj,4864,3,0.1,2,0.1582568364404161,0.18999999999999995,0.6472981826712904,0.26423866057700535
Qwen2.5-0.5B,19,model.layers.19.mlp.down_proj,4864,3,0.1,3,0.2032576270639835,0.2709999999999999,0.6038457723039975,0.26423866057700535
Qwen2.5-0.5B,19,model.layers.19.mlp.down_proj,4864,3,0.1,4,0.24094990823079307,0.3439,0.5779004027502791,0.26423866057700535
Qwen2.5-0.5B,19,model.layers.19.mlp.down_proj,4864,3,0.1,6,0.3032345680213848,0.46855899999999995,0.5514302134024263,0.26423866057700535
Qwen2.5-0.5B,19,model.layers.19.mlp.down_proj,4864,3,0.1,8,0.35464393890046897,0.5695327899999999,0.5423347300206,0.26423866057700535
Qwen2.5-0.5B,19,model.layers.19.mlp.down_proj,4864,3,0.2,1,0.1998355263157894,0.19999999999999996,-164473.68421060315,0.2662614734743038
Qwen2.5-0.5B,19,model.layers.19.mlp.down_proj,4864,3,0.2,2,0.31591459921207127,0.3599999999999999,0.724466245075446,0.2662614734743038
Qwen2.5-0.5B,19,model.layers.19.mlp.down_proj,4864,3,0.2,3,0.4024864551083592,0.4879999999999999,0.7030779691262474,0.2662614734743038
Qwen2.5-0.5B,19,model.layers.19.mlp.down_proj,4864,3,0.2,4,0.4712728453624237,0.5903999999999999,0.69485872275211,0.2662614734743038
Qwen2.5-0.5B,19,model.layers.19.mlp.down_proj,4864,3,0.2,6,0.5761968136873248,0.7378559999999998,0.6994377931775881,0.2662614734743038
Qwen2.5-0.5B,19,model.layers.19.mlp.down_proj,4864,3,0.2,8,0.6531103439291297,0.8322278399999999,0.7166883760277463,0.2662614734743038
Qwen2.5-0.5B,19,model.layers.19.mlp.down_proj,4864,3,0.3,1,0.29995888157894735,0.30000000000000004,-41118.42105264385,0.2992654504556616
Qwen2.5-0.5B,19,model.layers.19.mlp.down_proj,4864,3,0.3,2,0.4620205801318365,0.51,0.7715265720563642,0.2992654504556616
Qwen2.5-0.5B,19,model.layers.19.mlp.down_proj,4864,3,0.3,3,0.5729960816563467,0.657,0.764694906600411,0.2992654504556616
Qwen2.5-0.5B,19,model.layers.19.mlp.down_proj,4864,3,0.3,4,0.6542082159290663,0.7599,0.7701852923006443,0.2992654504556616
Qwen2.5-0.5B,19,model.layers.19.mlp.down_proj,4864,3,0.3,6,0.7642738503062388,0.882351,0.7972405822368963,0.2992654504556616
Qwen2.5-0.5B,19,model.layers.19.mlp.down_proj,4864,3,0.3,8,0.833625097707139,0.94235199,0.8307362723467845,0.2992654504556616
Qwen2.5-0.5B,19,model.layers.19.mlp.down_proj,4864,3,0.5,1,0.5,0.5,0.0,0.41049851289074035
Qwen2.5-0.5B,19,model.layers.19.mlp.down_proj,4864,3,0.5,2,0.7091390719950562,0.75,0.8365562879802249,0.41049851289074035
Qwen2.5-0.5B,19,model.layers.19.mlp.down_proj,4864,3,0.5,3,0.8205422794117647,0.875,0.854779411764706,0.41049851289074035
Qwen2.5-0.5B,19,model.layers.19.mlp.down_proj,4864,3,0.5,4,0.8843300040068245,0.9375,0.8784685805870274,0.41049851289074035
Qwen2.5-0.5B,19,model.layers.19.mlp.down_proj,4864,3,0.5,6,0.9473286813557563,0.984375,0.9235172776376904,0.41049851289074035
Qwen2.5-0.5B,19,model.layers.19.mlp.down_proj,4864,3,0.5,8,0.9737220720427306,0.99609375,0.9549043341963704,0.41049851289074035
Qwen2.5-0.5B,20,model.layers.20.mlp.down_proj,4864,3,0.1,1,0.0999177631578947,0.09999999999999998,-82236.84210530158,0.2948715905059521
Qwen2.5-0.5B,20,model.layers.20.mlp.down_proj,4864,3,0.1,2,0.15452962457513647,0.18999999999999995,0.6058847175015166,0.2948715905059521
Qwen2.5-0.5B,20,model.layers.20.mlp.down_proj,4864,3,0.1,3,0.19480376031991742,0.2709999999999999,0.5544079550872366,0.2948715905059521
Qwen2.5-0.5B,20,model.layers.20.mlp.down_proj,4864,3,0.1,4,0.22743414590011374,0.3439,0.5224852230426967,0.2948715905059521
Qwen2.5-0.5B,20,model.layers.20.mlp.down_proj,4864,3,0.1,6,0.2793846672895256,0.46855899999999995,0.4867189982866396,0.2948715905059521
Qwen2.5-0.5B,20,model.layers.20.mlp.down_proj,4864,3,0.1,8,0.32116580901511205,0.5695327899999999,0.4710337887479852,0.2948715905059521
Qwen2.5-0.5B,20,model.layers.20.mlp.down_proj,4864,3,0.2,1,0.1998355263157894,0.19999999999999996,-164473.68421060315,0.299994178985373
Qwen2.5-0.5B,20,model.layers.20.mlp.down_proj,4864,3,0.2,2,0.3077021803223813,0.3599999999999999,0.6731386270148835,0.299994178985373
Qwen2.5-0.5B,20,model.layers.20.mlp.down_proj,4864,3,0.2,3,0.38593911248710006,0.4879999999999999,0.6456219183579865,0.299994178985373
Qwen2.5-0.5B,20,model.layers.20.mlp.down_proj,4864,3,0.2,4,0.44750534781821943,0.5903999999999999,0.6339788622392917,0.299994178985373
Qwen2.5-0.5B,20,model.layers.20.mlp.down_proj,4864,3,0.2,6,0.5407514371172013,0.7378559999999998,0.6335365546116458,0.299994178985373
Qwen2.5-0.5B,20,model.layers.20.mlp.down_proj,4864,3,0.2,8,0.60984073736321,0.8322278399999999,0.6482484816916795,0.299994178985373
Qwen2.5-0.5B,20,model.layers.20.mlp.down_proj,4864,3,0.3,1,0.29995888157894735,0.30000000000000004,-41118.42105264385,0.3286389645201037
Qwen2.5-0.5B,20,model.layers.20.mlp.down_proj,4864,3,0.3,2,0.45179609447419916,0.51,0.722838545115234,0.3286389645201037
Qwen2.5-0.5B,20,model.layers.20.mlp.down_proj,4864,3,0.3,3,0.5550966686016513,0.657,0.7145564946824966,0.3286389645201037
Qwen2.5-0.5B,20,model.layers.20.mlp.down_proj,4864,3,0.3,4,0.6304221383517733,0.7599,0.7184651845004855,0.3286389645201037
Qwen2.5-0.5B,20,model.layers.20.mlp.down_proj,4864,3,0.3,6,0.7340209922921208,0.882351,0.7452910569263568,0.3286389645201037
Qwen2.5-0.5B,20,model.layers.20.mlp.down_proj,4864,3,0.3,8,0.8014595003908285,0.94235199,0.7806615503609297,0.3286389645201037
Qwen2.5-0.5B,20,model.layers.20.mlp.down_proj,4864,3,0.5,1,0.5,0.5,0.0,0.42710718541118936
Qwen2.5-0.5B,20,model.layers.20.mlp.down_proj,4864,3,0.5,2,0.7009053294623545,0.75,0.803621317849418,0.42710718541118936
Qwen2.5-0.5B,20,model.layers.20.mlp.down_proj,4864,3,0.5,3,0.8088340105779155,0.875,0.8235573615411079,0.42710718541118936
Qwen2.5-0.5B,20,model.layers.20.mlp.down_proj,4864,3,0.5,4,0.8718139282390652,0.9375,0.8498604074035777,0.42710718541118936
Qwen2.5-0.5B,20,model.layers.20.mlp.down_proj,4864,3,0.5,6,0.9365166452558913,0.984375,0.90119565472184,0.42710718541118936
Qwen2.5-0.5B,20,model.layers.20.mlp.down_proj,4864,3,0.5,8,0.9654210363470557,0.99609375,0.9381715378334351,0.42710718541118936
Qwen2.5-0.5B,21,model.layers.21.mlp.down_proj,4864,3,0.1,1,0.0999177631578947,0.09999999999999998,-82236.84210530158,0.2580734475665369
Qwen2.5-0.5B,21,model.layers.21.mlp.down_proj,4864,3,0.1,2,0.15906190454732724,0.18999999999999995,0.656243383859192,0.2580734475665369
Qwen2.5-0.5B,21,model.layers.21.mlp.down_proj,4864,3,0.1,3,0.20470241550567597,0.2709999999999999,0.6122948275185732,0.2580734475665369
Qwen2.5-0.5B,21,model.layers.21.mlp.down_proj,4864,3,0.1,4,0.24258293157377728,0.3439,0.584595865411141,0.2580734475665369
Qwen2.5-0.5B,21,model.layers.21.mlp.down_proj,4864,3,0.1,6,0.3043403859130074,0.46855899999999995,0.5544305956794092,0.2580734475665369
Qwen2.5-0.5B,21,model.layers.21.mlp.down_proj,4864,3,0.1,8,0.35438867899947885,0.5695327899999999,0.5417910834288674,0.2580734475665369
Qwen2.5-0.5B,21,model.layers.21.mlp.down_proj,4864,3,0.2,1,0.1998355263157894,0.19999999999999996,-164473.68421060315,0.26759282880731333
Qwen2.5-0.5B,21,model.layers.21.mlp.down_proj,4864,3,0.2,2,0.31560198655886296,0.3599999999999999,0.7225124159928941,0.26759282880731333
Qwen2.5-0.5B,21,model.layers.21.mlp.down_proj,4864,3,0.2,3,0.4012230714654283,0.4879999999999999,0.6986912203660708,0.26759282880731333
Qwen2.5-0.5B,21,model.layers.21.mlp.down_proj,4864,3,0.2,4,0.4684579703494985,0.5903999999999999,0.6876484896247401,0.26759282880731333
Qwen2.5-0.5B,21,model.layers.21.mlp.down_proj,4864,3,0.2,6,0.5699447050503479,0.7378559999999998,0.68781366211467,0.26759282880731333
Qwen2.5-0.5B,21,model.layers.21.mlp.down_proj,4864,3,0.2,8,0.6441522277227723,0.8322278399999999,0.7025192495837772,0.26759282880731333
Qwen2.5-0.5B,21,model.layers.21.mlp.down_proj,4864,3,0.3,1,0.29995888157894735,0.30000000000000004,-41118.42105264385,0.305028254157861
Qwen2.5-0.5B,21,model.layers.21.mlp.down_proj,4864,3,0.3,2,0.46006886329694097,0.51,0.7622326823663855,0.305028254157861
Qwen2.5-0.5B,21,model.layers.21.mlp.down_proj,4864,3,0.3,3,0.5686214041537667,0.657,0.7524409079937443,0.305028254157861
Qwen2.5-0.5B,21,model.layers.21.mlp.down_proj,4864,3,0.3,4,0.6474115590424981,0.7599,0.7554067385138032,0.305028254157861
Qwen2.5-0.5B,21,model.layers.21.mlp.down_proj,4864,3,0.3,6,0.7537039019516246,0.882351,0.7790901053687975,0.305028254157861
Qwen2.5-0.5B,21,model.layers.21.mlp.down_proj,4864,3,0.3,8,0.820974872980719,0.94235199,0.8110426698930582,0.305028254157861
Qwen2.5-0.5B,21,model.layers.21.mlp.down_proj,4864,3,0.5,1,0.5,0.5,0.0,0.41749841289581385
Qwen2.5-0.5B,21,model.layers.21.mlp.down_proj,4864,3,0.5,2,0.7057244727829849,0.75,0.8228978911319396,0.41749841289581385
Qwen2.5-0.5B,21,model.layers.21.mlp.down_proj,4864,3,0.5,3,0.8147631256449949,0.875,0.8393683350533196,0.41749841289581385
Qwen2.5-0.5B,21,model.layers.21.mlp.down_proj,4864,3,0.5,4,0.8777397470530451,0.9375,0.863405136121246,0.41749841289581385
Qwen2.5-0.5B,21,model.layers.21.mlp.down_proj,4864,3,0.5,6,0.9412456691840548,0.984375,0.9109588008961133,0.41749841289581385
Qwen2.5-0.5B,21,model.layers.21.mlp.down_proj,4864,3,0.5,8,0.9689771690984887,0.99609375,0.9453398054268749,0.41749841289581385
Qwen2.5-0.5B,22,model.layers.22.mlp.down_proj,4864,3,0.1,1,0.0999177631578947,0.09999999999999998,-82236.84210530158,0.3362454391510839
Qwen2.5-0.5B,22,model.layers.22.mlp.down_proj,4864,3,0.1,2,0.14982756012462664,0.18999999999999995,0.5536395569402963,0.3362454391510839
Qwen2.5-0.5B,22,model.layers.22.mlp.down_proj,4864,3,0.1,3,0.18599877450980393,0.2709999999999999,0.5029168099988536,0.3362454391510839
Qwen2.5-0.5B,22,model.layers.22.mlp.down_proj,4864,3,0.1,4,0.21517011232033917,0.3439,0.47220218253521595,0.3362454391510839
Qwen2.5-0.5B,22,model.layers.22.mlp.down_proj,4864,3,0.1,6,0.26166157349735286,0.46855899999999995,0.4386314633406127,0.3362454391510839
Qwen2.5-0.5B,22,model.layers.22.mlp.down_proj,4864,3,0.1,8,0.2989866955445545,0.5695327899999999,0.4237972294641116,0.3362454391510839
Qwen2.5-0.5B,22,model.layers.22.mlp.down_proj,4864,3,0.2,1,0.1998355263157894,0.19999999999999996,-164473.68421060315,0.31008274680400577
Qwen2.5-0.5B,22,model.layers.22.mlp.down_proj,4864,3,0.2,2,0.3053823288958698,0.3599999999999999,0.6586395555991867,0.31008274680400577
Qwen2.5-0.5B,22,model.layers.22.mlp.down_proj,4864,3,0.2,3,0.3816910152218782,0.4879999999999999,0.6308715806315218,0.31008274680400577
Qwen2.5-0.5B,22,model.layers.22.mlp.down_proj,4864,3,0.2,4,0.4418844838951504,0.5903999999999999,0.6195811575183157,0.31008274680400577
Qwen2.5-0.5B,22,model.layers.22.mlp.down_proj,4864,3,0.2,6,0.5336656058600644,0.7378559999999998,0.6203623383583421,0.31008274680400577
Qwen2.5-0.5B,22,model.layers.22.mlp.down_proj,4864,3,0.2,8,0.6016854481500782,0.8322278399999999,0.6353491933383988,0.31008274680400577
Qwen2.5-0.5B,22,model.layers.22.mlp.down_proj,4864,3,0.3,1,0.29995888157894735,0.30000000000000004,-41118.42105264385,0.3302961651778017
Qwen2.5-0.5B,22,model.layers.22.mlp.down_proj,4864,3,0.3,2,0.4513056506849315,0.51,0.7205030984996738,0.3302961651778017
Qwen2.5-0.5B,22,model.layers.22.mlp.down_proj,4864,3,0.3,3,0.5535067563209495,0.657,0.7101029588822114,0.3302961651778017
Qwen2.5-0.5B,22,model.layers.22.mlp.down_proj,4864,3,0.3,4,0.6284207456571193,0.7599,0.714113384773036,0.3302961651778017
Qwen2.5-0.5B,22,model.layers.22.mlp.down_proj,4864,3,0.3,6,0.7320194091923596,0.882351,0.7418539835809668,0.3302961651778017
Qwen2.5-0.5B,22,model.layers.22.mlp.down_proj,4864,3,0.3,8,0.7997479970036478,0.94235199,0.7779971180655139,0.3302961651778017
Qwen2.5-0.5B,22,model.layers.22.mlp.down_proj,4864,3,0.5,1,0.5,0.5,0.0,0.42859352720396343
Qwen2.5-0.5B,22,model.layers.22.mlp.down_proj,4864,3,0.5,2,0.7002511361880729,0.75,0.8010045447522915,0.42859352720396343
Qwen2.5-0.5B,22,model.layers.22.mlp.down_proj,4864,3,0.5,3,0.8083800954592363,0.875,0.82234692122463,0.42859352720396343
Qwen2.5-0.5B,22,model.layers.22.mlp.down_proj,4864,3,0.5,4,0.8720732408747802,0.9375,0.8504531219994976,0.42859352720396343
Qwen2.5-0.5B,22,model.layers.22.mlp.down_proj,4864,3,0.5,6,0.9373491513547181,0.984375,0.9029143769903857,0.42859352720396343
Qwen2.5-0.5B,22,model.layers.22.mlp.down_proj,4864,3,0.5,8,0.9671317255080771,0.99609375,0.9416198561422657,0.42859352720396343
Qwen2.5-0.5B,23,model.layers.23.mlp.down_proj,4864,3,0.1,1,0.0999177631578947,0.09999999999999998,-82236.84210530158,0.42690604755673056
Qwen2.5-0.5B,23,model.layers.23.mlp.down_proj,4864,3,0.1,2,0.14029267303532805,0.18999999999999995,0.4476963670592008,0.42690604755673056
Qwen2.5-0.5B,23,model.layers.23.mlp.down_proj,4864,3,0.1,3,0.16789900993292056,0.2709999999999999,0.3970702335258514,0.42690604755673056
Qwen2.5-0.5B,23,model.layers.23.mlp.down_proj,4864,3,0.1,4,0.1893018592958329,0.3439,0.36614128452576017,0.42690604755673056
Qwen2.5-0.5B,23,model.layers.23.mlp.down_proj,4864,3,0.1,6,0.22169398162566178,0.46855899999999995,0.33018860379386145,0.42690604755673056
Qwen2.5-0.5B,23,model.layers.23.mlp.down_proj,4864,3,0.1,8,0.24677607152162584,0.5695327899999999,0.3126002584859427,0.42690604755673056
Qwen2.5-0.5B,23,model.layers.23.mlp.down_proj,4864,3,0.2,1,0.1998355263157894,0.19999999999999996,-164473.68421060315,0.38126339324719355
Qwen2.5-0.5B,23,model.layers.23.mlp.down_proj,4864,3,0.2,2,0.2897923318570399,0.3599999999999999,0.5612020741064998,0.38126339324719355
Qwen2.5-0.5B,23,model.layers.23.mlp.down_proj,4864,3,0.2,3,0.3534430630804953,0.4879999999999999,0.5327884134739421,0.38126339324719355
Qwen2.5-0.5B,23,model.layers.23.mlp.down_proj,4864,3,0.2,4,0.403206913711095,0.5903999999999999,0.5205095125796492,0.38126339324719355
Qwen2.5-0.5B,23,model.layers.23.mlp.down_proj,4864,3,0.2,6,0.4781792568514482,0.7378559999999998,0.5172002484892764,0.38126339324719355
Qwen2.5-0.5B,23,model.layers.23.mlp.down_proj,4864,3,0.2,8,0.5351098391089109,0.8322278399999999,0.5300460022591079,0.38126339324719355
Qwen2.5-0.5B,23,model.layers.23.mlp.down_proj,4864,3,0.3,1,0.29995888157894735,0.30000000000000004,-41118.42105264385,0.38272756612874886
Qwen2.5-0.5B,23,model.layers.23.mlp.down_proj,4864,3,0.3,2,0.4344185324183747,0.51,0.6400882496113081,0.38272756612874886
Qwen2.5-0.5B,23,model.layers.23.mlp.down_proj,4864,3,0.3,3,0.5255184146026832,0.657,0.6317042425845468,0.38272756612874886
Qwen2.5-0.5B,23,model.layers.23.mlp.down_proj,4864,3,0.3,4,0.5932632839158308,0.7599,0.6376675014477731,0.38272756612874886
Qwen2.5-0.5B,23,model.layers.23.mlp.down_proj,4864,3,0.3,6,0.6884111744783556,0.882351,0.666970906684037,0.38272756612874886
Qwen2.5-0.5B,23,model.layers.23.mlp.down_proj,4864,3,0.3,8,0.7538594319958313,0.94235199,0.7065587700535204,0.38272756612874886
Qwen2.5-0.5B,23,model.layers.23.mlp.down_proj,4864,3,0.5,1,0.5,0.5,0.0,0.4521473975546408
Qwen2.5-0.5B,23,model.layers.23.mlp.down_proj,4864,3,0.5,2,0.689036106962612,0.75,0.7561444278504479,0.4521473975546408
Qwen2.5-0.5B,23,model.layers.23.mlp.down_proj,4864,3,0.5,3,0.793750403121775,0.875,0.7833344083247334,0.4521473975546408
Qwen2.5-0.5B,23,model.layers.23.mlp.down_proj,4864,3,0.5,4,0.8575133614672732,0.9375,0.8171733976394816,0.4521473975546408
Qwen2.5-0.5B,23,model.layers.23.mlp.down_proj,4864,3,0.5,6,0.9254053449081283,0.984375,0.8782561959393617,0.4521473975546408
Qwen2.5-0.5B,23,model.layers.23.mlp.down_proj,4864,3,0.5,8,0.9578499544033351,0.99609375,0.9229101443090849,0.4521473975546408
SmolLM2-360M,0,model.layers.0.mlp.down_proj,2560,0,0.1,1,0.10000000000000002,0.09999999999999998,1.3877787807814455e-08,0.10243418882350885
SmolLM2-360M,0,model.layers.0.mlp.down_proj,2560,0,0.1,2,0.18201672578277883,0.18999999999999995,0.9112969531419876,0.10243418882350885
SmolLM2-360M,0,model.layers.0.mlp.down_proj,2560,0,0.1,3,0.2524165134803922,0.2709999999999999,0.891324640236212,0.10243418882350885
SmolLM2-360M,0,model.layers.0.mlp.down_proj,2560,0,0.1,4,0.3156817902750491,0.3439,0.8843041831695331,0.10243418882350885
SmolLM2-360M,0,model.layers.0.mlp.down_proj,2560,0,0.1,6,0.4174725714990138,0.46855899999999995,0.8613887369431048,0.10243418882350885
SmolLM2-360M,0,model.layers.0.mlp.down_proj,2560,0,0.1,8,0.49840423886138613,0.5695327899999999,0.8485120684785107,0.10243418882350885
SmolLM2-360M,0,model.layers.0.mlp.down_proj,2560,0,0.2,1,0.20000000000000004,0.19999999999999996,2.775557561562891e-08,0.14620708089787002
SmolLM2-360M,0,model.layers.0.mlp.down_proj,2560,0,0.2,2,0.3495780332681018,0.3599999999999999,0.9348627079256369,0.14620708089787002
SmolLM2-360M,0,model.layers.0.mlp.down_proj,2560,0,0.2,3,0.4656587009803922,0.4879999999999999,0.9224260450708066,0.14620708089787002
SmolLM2-360M,0,model.layers.0.mlp.down_proj,2560,0,0.2,4,0.5599336935166994,0.5903999999999999,0.9219613051144966,0.14620708089787002
SmolLM2-360M,0,model.layers.0.mlp.down_proj,2560,0,0.2,6,0.6904878574950689,0.7378559999999998,0.9119315532318483,0.14620708089787002
SmolLM2-360M,0,model.layers.0.mlp.down_proj,2560,0,0.2,8,0.775832301980198,0.8322278399999999,0.9107987113952435,0.14620708089787002
SmolLM2-360M,0,model.layers.0.mlp.down_proj,2560,0,0.3,1,0.29999999999999993,0.30000000000000004,-5.551115123125782e-08,0.20205142541507565
SmolLM2-360M,0,model.layers.0.mlp.down_proj,2560,0,0.3,2,0.4997515594422701,0.51,0.9511979021060482,0.20205142541507565
SmolLM2-360M,0,model.layers.0.mlp.down_proj,2560,0,0.3,3,0.6363158700980391,0.657,0.942061260778821,0.20205142541507565
SmolLM2-360M,0,model.layers.0.mlp.down_proj,2560,0,0.3,4,0.7342123035363457,0.7599,0.9441450392179728,0.20205142541507565
SmolLM2-360M,0,model.layers.0.mlp.down_proj,2560,0,0.3,6,0.8506179117357001,0.882351,0.9455086566962195,0.20205142541507565
SmolLM2-360M,0,model.layers.0.mlp.down_proj,2560,0,0.3,8,0.9121844059405941,0.94235199,0.9530357428185036,0.20205142541507565
SmolLM2-360M,0,model.layers.0.mlp.down_proj,2560,0,0.5,1,0.5,0.5,0.0,0.34774530619190025
SmolLM2-360M,0,model.layers.0.mlp.down_proj,2560,0,0.5,2,0.7423335066046968,0.75,0.9693340264187871,0.34774530619190025
SmolLM2-360M,0,model.layers.0.mlp.down_proj,2560,0,0.5,3,0.8630323223039216,0.875,0.9680861928104575,0.34774530619190025
SmolLM2-360M,0,model.layers.0.mlp.down_proj,2560,0,0.5,4,0.9261304334479371,0.9375,0.9740124193095705,0.34774530619190025
SmolLM2-360M,0,model.layers.0.mlp.down_proj,2560,0,0.5,6,0.9763945389546351,0.984375,0.9835242094547306,0.34774530619190025
SmolLM2-360M,0,model.layers.0.mlp.down_proj,2560,0,0.5,8,0.9917094678217823,0.99609375,0.9911623918297343,0.34774530619190025
SmolLM2-360M,1,model.layers.1.mlp.down_proj,2560,0,0.1,1,0.10000000000000002,0.09999999999999998,1.3877787807814455e-08,0.08657904450669789
SmolLM2-360M,1,model.layers.1.mlp.down_proj,2560,0,0.1,2,0.18412885273972604,0.18999999999999995,0.934765030441401,0.08657904450669789
SmolLM2-360M,1,model.layers.1.mlp.down_proj,2560,0,0.1,3,0.2574394914215686,0.2709999999999999,0.9206987802430916,0.08657904450669789
SmolLM2-360M,1,model.layers.1.mlp.down_proj,2560,0,0.1,4,0.3219824410609038,0.3439,0.9101371097208029,0.08657904450669789
SmolLM2-360M,1,model.layers.1.mlp.down_proj,2560,0,0.1,6,0.43002804487179486,0.46855899999999995,0.895455123526477,0.08657904450669789
SmolLM2-360M,1,model.layers.1.mlp.down_proj,2560,0,0.1,8,0.5183918626237625,0.5695327899999999,0.8910812440250713,0.08657904450669789
SmolLM2-360M,1,model.layers.1.mlp.down_proj,2560,0,0.2,1,0.20000000000000004,0.19999999999999996,2.775557561562891e-08,0.13441458040917162
SmolLM2-360M,1,model.layers.1.mlp.down_proj,2560,0,0.2,2,0.352660989481409,0.3599999999999999,0.954131184258807,0.13441458040917162
SmolLM2-360M,1,model.layers.1.mlp.down_proj,2560,0,0.2,3,0.4728163296568627,0.4879999999999999,0.9472789224196626,0.13441458040917162
SmolLM2-360M,1,model.layers.1.mlp.down_proj,2560,0,0.2,4,0.5682857011296659,0.5903999999999999,0.9433547672378739,0.13441458040917162
SmolLM2-360M,1,model.layers.1.mlp.down_proj,2560,0,0.2,6,0.7056336291913216,0.7378559999999998,0.9400910823553545,0.13441458040917162
SmolLM2-360M,1,model.layers.1.mlp.down_proj,2560,0,0.2,8,0.7986185024752475,0.8322278399999999,0.9468398330501353,0.13441458040917162
SmolLM2-360M,1,model.layers.1.mlp.down_proj,2560,0,0.3,1,0.29999999999999993,0.30000000000000004,-5.551115123125782e-08,0.19540936452942392
SmolLM2-360M,1,model.layers.1.mlp.down_proj,2560,0,0.3,2,0.5019722358121331,0.51,0.9617725514863482,0.19540936452942392
SmolLM2-360M,1,model.layers.1.mlp.down_proj,2560,0,0.3,3,0.6428339460784314,0.657,0.9603191766902839,0.19540936452942392
SmolLM2-360M,1,model.layers.1.mlp.down_proj,2560,0,0.3,4,0.7419035486247544,0.7599,0.9608687728305161,0.19540936452942392
SmolLM2-360M,1,model.layers.1.mlp.down_proj,2560,0,0.3,6,0.8622950567061144,0.882351,0.9655603866158285,0.19540936452942392
SmolLM2-360M,1,model.layers.1.mlp.down_proj,2560,0,0.3,8,0.9261772896039604,0.94235199,0.9748195683241524,0.19540936452942392
SmolLM2-360M,1,model.layers.1.mlp.down_proj,2560,0,0.5,1,0.5,0.5,0.0,0.3443170173822912
SmolLM2-360M,1,model.layers.1.mlp.down_proj,2560,0,0.5,2,0.7439250550391389,0.75,0.9757002201565554,0.3443170173822912
SmolLM2-360M,1,model.layers.1.mlp.down_proj,2560,0,0.5,3,0.8674379595588236,0.875,0.9798345588235297,0.3443170173822912
SmolLM2-360M,1,model.layers.1.mlp.down_proj,2560,0,0.5,4,0.9301832637524557,0.9375,0.9832760314341845,0.3443170173822912
SmolLM2-360M,1,model.layers.1.mlp.down_proj,2560,0,0.5,6,0.9796759430473373,0.984375,0.9902987211299866,0.3443170173822912
SmolLM2-360M,1,model.layers.1.mlp.down_proj,2560,0,0.5,8,0.9939882425742573,0.99609375,0.9957558275512589,0.3443170173822912
SmolLM2-360M,2,model.layers.2.mlp.down_proj,2560,0,0.1,1,0.10000000000000002,0.09999999999999998,1.3877787807814455e-08,0.0972743883496549
SmolLM2-360M,2,model.layers.2.mlp.down_proj,2560,0,0.1,2,0.18233396526418788,0.18999999999999995,0.9148218362687548,0.0972743883496549
SmolLM2-360M,2,model.layers.2.mlp.down_proj,2560,0,0.1,3,0.2539874387254902,0.2709999999999999,0.9005113375759665,0.0972743883496549
SmolLM2-360M,2,model.layers.2.mlp.down_proj,2560,0,0.1,4,0.31619443762278976,0.3439,0.8864060583140212,0.0972743883496549
SmolLM2-360M,2,model.layers.2.mlp.down_proj,2560,0,0.1,6,0.41998428254437875,0.46855899999999995,0.8682036866400732,0.0972743883496549
SmolLM2-360M,2,model.layers.2.mlp.down_proj,2560,0,0.1,8,0.5050309405940594,0.5695327899999999,0.8626254634826664,0.0972743883496549
SmolLM2-360M,2,model.layers.2.mlp.down_proj,2560,0,0.2,1,0.20000000000000004,0.19999999999999996,2.775557561562891e-08,0.15039493263812334
SmolLM2-360M,2,model.layers.2.mlp.down_proj,2560,0,0.2,2,0.3478091364970646,0.3599999999999999,0.9238071031066543,0.15039493263812334
SmolLM2-360M,2,model.layers.2.mlp.down_proj,2560,0,0.2,3,0.46336780024509805,0.4879999999999999,0.9144715286288131,0.15039493263812334
SmolLM2-360M,2,model.layers.2.mlp.down_proj,2560,0,0.2,4,0.554867080058939,0.5903999999999999,0.908983299331299,0.15039493263812334
SmolLM2-360M,2,model.layers.2.mlp.down_proj,2560,0,0.2,6,0.687104752218935,0.7378559999999998,0.9056415698977701,0.15039493263812334
SmolLM2-360M,2,model.layers.2.mlp.down_proj,2560,0,0.2,8,0.7769190903465347,0.8322278399999999,0.9125176935367711,0.15039493263812334
SmolLM2-360M,2,model.layers.2.mlp.down_proj,2560,0,0.3,1,0.29999999999999993,0.30000000000000004,-5.551115123125782e-08,0.21075290804740057
SmolLM2-360M,2,model.layers.2.mlp.down_proj,2560,0,0.3,2,0.49564808586105674,0.51,0.9316575517193177,0.21075290804740057
SmolLM2-360M,2,model.layers.2.mlp.down_proj,2560,0,0.3,3,0.6315219056372549,0.657,0.9286327888998734,0.21075290804740057
SmolLM2-360M,2,model.layers.2.mlp.down_proj,2560,0,0.3,4,0.7275609344302555,0.7599,0.9296823971086224,0.21075290804740057
SmolLM2-360M,2,model.layers.2.mlp.down_proj,2560,0,0.3,6,0.8461808123767258,0.882351,0.9378893697730848,0.21075290804740057
SmolLM2-360M,2,model.layers.2.mlp.down_proj,2560,0,0.3,8,0.9108787128712871,0.94235199,0.9510030674479378,0.21075290804740057
SmolLM2-360M,2,model.layers.2.mlp.down_proj,2560,0,0.5,1,0.5,0.5,0.0,0.35873712653278195
SmolLM2-360M,2,model.layers.2.mlp.down_proj,2560,0,0.5,2,0.7360406983855186,0.75,0.9441627935420742,0.35873712653278195
SmolLM2-360M,2,model.layers.2.mlp.down_proj,2560,0,0.5,3,0.8568152573529412,0.875,0.9515073529411765,0.35873712653278195
SmolLM2-360M,2,model.layers.2.mlp.down_proj,2560,0,0.5,4,0.92047980108055,0.9375,0.9610966881841144,0.35873712653278195
SmolLM2-360M,2,model.layers.2.mlp.down_proj,2560,0,0.5,6,0.9740276750493096,0.984375,0.9786377807469618,0.35873712653278195
SmolLM2-360M,2,model.layers.2.mlp.down_proj,2560,0,0.5,8,0.9909498762376238,0.99609375,0.9896312465892259,0.35873712653278195
SmolLM2-360M,3,model.layers.3.mlp.down_proj,2560,0,0.1,1,0.10000000000000002,0.09999999999999998,1.3877787807814455e-08,0.08903315954737791
SmolLM2-360M,3,model.layers.3.mlp.down_proj,2560,0,0.1,2,0.18371453033268104,0.18999999999999995,0.930161448140901,0.08903315954737791
SmolLM2-360M,3,model.layers.3.mlp.down_proj,2560,0,0.1,3,0.2568497242647059,0.2709999999999999,0.9172498495012047,0.08903315954737791
SmolLM2-360M,3,model.layers.3.mlp.down_proj,2560,0,0.1,4,0.3211313543713163,0.3439,0.9066476193985908,0.08903315954737791
SmolLM2-360M,3,model.layers.3.mlp.down_proj,2560,0,0.1,6,0.428987148668639,0.46855899999999995,0.8926308913054328,0.08903315954737791
SmolLM2-360M,3,model.layers.3.mlp.down_proj,2560,0,0.1,8,0.5161935334158416,0.5695327899999999,0.8863992936805153,0.08903315954737791
SmolLM2-360M,3,model.layers.3.mlp.down_proj,2560,0,0.2,1,0.20000000000000004,0.19999999999999996,2.775557561562891e-08,0.14228451876170864
SmolLM2-360M,3,model.layers.3.mlp.down_proj,2560,0,0.2,2,0.35025761374755376,0.3599999999999999,0.9391100859222118,0.14228451876170864
SmolLM2-360M,3,model.layers.3.mlp.down_proj,2560,0,0.2,3,0.468524050245098,0.4879999999999999,0.9323751744621463,0.14228451876170864
SmolLM2-360M,3,model.layers.3.mlp.down_proj,2560,0,0.2,4,0.5625168835952848,0.5903999999999999,0.9285780829797257,0.14228451876170864
SmolLM2-360M,3,model.layers.3.mlp.down_proj,2560,0,0.2,6,0.6981470352564102,0.7378559999999998,0.9261717546265362,0.14228451876170864
SmolLM2-360M,3,model.layers.3.mlp.down_proj,2560,0,0.2,8,0.7877212252475247,0.8322278399999999,0.9296035195911728,0.14228451876170864
SmolLM2-360M,3,model.layers.3.mlp.down_proj,2560,0,0.3,1,0.29999999999999993,0.30000000000000004,-5.551115123125782e-08,0.20496796643223605
SmolLM2-360M,3,model.layers.3.mlp.down_proj,2560,0,0.3,2,0.49801935543052844,0.51,0.9429493115739449,0.20496796643223605
SmolLM2-360M,3,model.layers.3.mlp.down_proj,2560,0,0.3,3,0.6357789522058822,0.657,0.940557289092107,0.20496796643223605
SmolLM2-360M,3,model.layers.3.mlp.down_proj,2560,0,0.3,4,0.7324249447445972,0.7599,0.9402586317560278,0.20496796643223605
SmolLM2-360M,3,model.layers.3.mlp.down_proj,2560,0,0.3,6,0.8512751171104537,0.882351,0.9466371949399137,0.20496796643223605
SmolLM2-360M,3,model.layers.3.mlp.down_proj,2560,0,0.3,8,0.9140276918316832,0.94235199,0.9559053313303865,0.20496796643223605
SmolLM2-360M,3,model.layers.3.mlp.down_proj,2560,0,0.5,1,0.5,0.5,0.0,0.35482068293939845
SmolLM2-360M,3,model.layers.3.mlp.down_proj,2560,0,0.5,2,0.7381642918297455,0.75,0.9526571673189821,0.35482068293939845
SmolLM2-360M,3,model.layers.3.mlp.down_proj,2560,0,0.5,3,0.8598843443627451,0.875,0.9596915849673202,0.35482068293939845
SmolLM2-360M,3,model.layers.3.mlp.down_proj,2560,0,0.5,4,0.9237406372789784,0.9375,0.9685500280662362,0.35482068293939845
SmolLM2-360M,3,model.layers.3.mlp.down_proj,2560,0,0.5,6,0.9762527736686389,0.984375,0.9832315327352545,0.35482068293939845
SmolLM2-360M,3,model.layers.3.mlp.down_proj,2560,0,0.5,8,0.9924853032178218,0.99609375,0.992726280502066,0.35482068293939845
SmolLM2-360M,4,model.layers.4.mlp.down_proj,2560,0,0.1,1,0.10000000000000002,0.09999999999999998,1.3877787807814455e-08,0.08727337472009147
SmolLM2-360M,4,model.layers.4.mlp.down_proj,2560,0,0.1,2,0.18401113013698628,0.18999999999999995,0.9334570015220703,0.08727337472009147
SmolLM2-360M,4,model.layers.4.mlp.down_proj,2560,0,0.1,3,0.25718826593137256,0.2709999999999999,0.9192296253296646,0.08727337472009147
SmolLM2-360M,4,model.layers.4.mlp.down_proj,2560,0,0.1,4,0.3216255832514735,0.3439,0.9086739780708222,0.08727337472009147
SmolLM2-360M,4,model.layers.4.mlp.down_proj,2560,0,0.1,6,0.43002727440828403,0.46855899999999995,0.8954530330511101,0.08727337472009147
SmolLM2-360M,4,model.layers.4.mlp.down_proj,2560,0,0.1,8,0.517396349009901,0.5695327899999999,0.8889610223173147,0.08727337472009147
SmolLM2-360M,4,model.layers.4.mlp.down_proj,2560,0,0.2,1,0.20000000000000004,0.19999999999999996,2.775557561562891e-08,0.14325319914352827
SmolLM2-360M,4,model.layers.4.mlp.down_proj,2560,0,0.2,2,0.34996636497064576,0.3599999999999999,0.9372897810665367,0.14325319914352827
SmolLM2-360M,4,model.layers.4.mlp.down_proj,2560,0,0.2,3,0.4668075980392156,0.4879999999999999,0.926415270969499,0.14325319914352827
SmolLM2-360M,4,model.layers.4.mlp.down_proj,2560,0,0.2,4,0.559399557956778,0.5903999999999999,0.9205931300122389,0.14325319914352827
SmolLM2-360M,4,model.layers.4.mlp.down_proj,2560,0,0.2,6,0.6941968688362918,0.7378559999999998,0.9188274721046004,0.14325319914352827
SmolLM2-360M,4,model.layers.4.mlp.down_proj,2560,0,0.2,8,0.7847377784653466,0.8322278399999999,0.9248845771571003,0.14325319914352827
SmolLM2-360M,4,model.layers.4.mlp.down_proj,2560,0,0.3,1,0.29999999999999993,0.30000000000000004,-5.551115123125782e-08,0.20564215418595724
SmolLM2-360M,4,model.layers.4.mlp.down_proj,2560,0,0.3,2,0.49774415973581215,0.51,0.9416388558848198,0.20564215418595724
SmolLM2-360M,4,model.layers.4.mlp.down_proj,2560,0,0.3,3,0.6342677696078431,0.657,0.9363242846158071,0.20564215418595724
SmolLM2-360M,4,model.layers.4.mlp.down_proj,2560,0,0.3,4,0.7306920739194499,0.7599,0.9364907021514457,0.20564215418595724
SmolLM2-360M,4,model.layers.4.mlp.down_proj,2560,0,0.3,6,0.8504984898915188,0.882351,0.9453035881994172,0.20564215418595724
SmolLM2-360M,4,model.layers.4.mlp.down_proj,2560,0,0.3,8,0.9152962561881188,0.94235199,0.9578802055055806,0.20564215418595724
SmolLM2-360M,4,model.layers.4.mlp.down_proj,2560,0,0.5,1,0.5,0.5,0.0,0.354952931109453
SmolLM2-360M,4,model.layers.4.mlp.down_proj,2560,0,0.5,2,0.7380985506360078,0.75,0.9523942025440313,0.354952931109453
SmolLM2-360M,4,model.layers.4.mlp.down_proj,2560,0,0.5,3,0.8589805453431373,0.875,0.9572814542483661,0.354952931109453
SmolLM2-360M,4,model.layers.4.mlp.down_proj,2560,0,0.5,4,0.9219663249017681,0.9375,0.9644944569183271,0.354952931109453
SmolLM2-360M,4,model.layers.4.mlp.down_proj,2560,0,0.5,6,0.9743204511834319,0.984375,0.979242221798053,0.354952931109453
SmolLM2-360M,4,model.layers.4.mlp.down_proj,2560,0,0.5,8,0.9909429146039604,0.99609375,0.989617213689873,0.354952931109453
SmolLM2-360M,5,model.layers.5.mlp.down_proj,2560,0,0.1,1,0.10000000000000002,0.09999999999999998,1.3877787807814455e-08,0.09653736905261275
SmolLM2-360M,5,model.layers.5.mlp.down_proj,2560,0,0.1,2,0.1824983182485323,0.18999999999999995,0.9166479805392483,0.09653736905261275
SmolLM2-360M,5,model.layers.5.mlp.down_proj,2560,0,0.1,3,0.2543474264705883,0.2709999999999999,0.9026165290677682,0.09653736905261275
SmolLM2-360M,5,model.layers.5.mlp.down_proj,2560,0,0.1,4,0.3174906372789784,0.3439,0.891720530049112,0.09653736905261275
SmolLM2-360M,5,model.layers.5.mlp.down_proj,2560,0,0.1,6,0.42351762820512817,0.46855899999999995,0.8777906066739063,0.09653736905261275
SmolLM2-360M,5,model.layers.5.mlp.down_proj,2560,0,0.1,8,0.5084297648514852,0.5695327899999999,0.869864200222279,0.09653736905261275
SmolLM2-360M,5,model.layers.5.mlp.down_proj,2560,0,0.2,1,0.20000000000000004,0.19999999999999996,2.775557561562891e-08,0.15106592140230782
SmolLM2-360M,5,model.layers.5.mlp.down_proj,2560,0,0.2,2,0.3476501345401174,0.3599999999999999,0.9228133408757344,0.15106592140230782
SmolLM2-360M,5,model.layers.5.mlp.down_proj,2560,0,0.2,3,0.46389935661764703,0.4879999999999999,0.9163172104779415,0.15106592140230782
SmolLM2-360M,5,model.layers.5.mlp.down_proj,2560,0,0.2,4,0.555947630157171,0.5903999999999999,0.911751101837016,0.15106592140230782
SmolLM2-360M,5,model.layers.5.mlp.down_proj,2560,0,0.2,6,0.6893344736193294,0.7378559999999998,0.9097871430630681,0.15106592140230782
SmolLM2-360M,5,model.layers.5.mlp.down_proj,2560,0,0.2,8,0.7787732054455446,0.8322278399999999,0.9154503627134558,0.15106592140230782
SmolLM2-360M,5,model.layers.5.mlp.down_proj,2560,0,0.3,1,0.29999999999999993,0.30000000000000004,-5.551115123125782e-08,0.21357056029969138
SmolLM2-360M,5,model.layers.5.mlp.down_proj,2560,0,0.3,2,0.4945969911937378,0.51,0.926652339017799,0.21357056029969138
SmolLM2-360M,5,model.layers.5.mlp.down_proj,2560,0,0.3,3,0.6304166666666667,0.657,0.9255368814192345,0.21357056029969138
SmolLM2-360M,5,model.layers.5.mlp.down_proj,2560,0,0.3,4,0.7267052431237722,0.7599,0.9278217941373607,0.21357056029969138
SmolLM2-360M,5,model.layers.5.mlp.down_proj,2560,0,0.3,6,0.8457354844674557,0.882351,0.9371246627333957,0.21357056029969138
SmolLM2-360M,5,model.layers.5.mlp.down_proj,2560,0,0.3,8,0.910701577970297,0.94235199,0.9507273075783529,0.21357056029969138
SmolLM2-360M,5,model.layers.5.mlp.down_proj,2560,0,0.5,1,0.5,0.5,0.0,0.3600542998377628
SmolLM2-360M,5,model.layers.5.mlp.down_proj,2560,0,0.5,2,0.7354230369373778,0.75,0.941692147749511,0.3600542998377628
SmolLM2-360M,5,model.layers.5.mlp.down_proj,2560,0,0.5,3,0.8570036764705882,0.875,0.9520098039215684,0.3600542998377628
SmolLM2-360M,5,model.layers.5.mlp.down_proj,2560,0,0.5,4,0.9214237475442042,0.9375,0.9632542801010382,0.3600542998377628
SmolLM2-360M,5,model.layers.5.mlp.down_proj,2560,0,0.5,6,0.974923724112426,0.984375,0.9804876884901698,0.3600542998377628
SmolLM2-360M,5,model.layers.5.mlp.down_proj,2560,0,0.5,8,0.991404702970297,0.99609375,0.9905480626802838,0.3600542998377628
SmolLM2-360M,6,model.layers.6.mlp.down_proj,2560,0,0.1,1,0.10000000000000002,0.09999999999999998,1.3877787807814455e-08,0.12056128403020912
SmolLM2-360M,6,model.layers.6.mlp.down_proj,2560,0,0.1,2,0.17862111668297456,0.18999999999999995,0.8735679631441623,0.12056128403020912
SmolLM2-360M,6,model.layers.6.mlp.down_proj,2560,0,0.1,3,0.24575444240196076,0.2709999999999999,0.852365160245385,0.12056128403020912
SmolLM2-360M,6,model.layers.6.mlp.down_proj,2560,0,0.1,4,0.30449794327111984,0.3439,0.8384499519111105,0.12056128403020912
SmolLM2-360M,6,model.layers.6.mlp.down_proj,2560,0,0.1,6,0.4029485638560158,0.46855899999999995,0.8219811857966182,0.12056128403020912
SmolLM2-360M,6,model.layers.6.mlp.down_proj,2560,0,0.1,8,0.4835844678217822,0.5695327899999999,0.8169492652936599,0.12056128403020912
SmolLM2-360M,6,model.layers.6.mlp.down_proj,2560,0,0.2,1,0.20000000000000004,0.19999999999999996,2.775557561562891e-08,0.16819538744973367
SmolLM2-360M,6,model.layers.6.mlp.down_proj,2560,0,0.2,2,0.34261176002935423,0.3599999999999999,0.8913235001834646,0.16819538744973367
SmolLM2-360M,6,model.layers.6.mlp.down_proj,2560,0,0.2,3,0.4531855085784314,0.4879999999999999,0.8791163492306648,0.16819538744973367
SmolLM2-360M,6,model.layers.6.mlp.down_proj,2560,0,0.2,4,0.5405144891944988,0.5903999999999999,0.8722194907645976,0.16819538744973367
SmolLM2-360M,6,model.layers.6.mlp.down_proj,2560,0,0.2,6,0.669936513806706,0.7378559999999998,0.873721802502354,0.16819538744973367
SmolLM2-360M,6,model.layers.6.mlp.down_proj,2560,0,0.2,8,0.7588575185643563,0.8322278399999999,0.8839495561668976,0.16819538744973367
SmolLM2-360M,6,model.layers.6.mlp.down_proj,2560,0,0.3,1,0.29999999999999993,0.30000000000000004,-5.551115123125782e-08,0.2248847261977109
SmolLM2-360M,6,model.layers.6.mlp.down_proj,2560,0,0.3,2,0.4900195694716243,0.51,0.9048550927220204,0.2248847261977109
SmolLM2-360M,6,model.layers.6.mlp.down_proj,2560,0,0.3,3,0.6216674325980391,0.657,0.901029222963695,0.2248847261977109
SmolLM2-360M,6,model.layers.6.mlp.down_proj,2560,0,0.3,4,0.7150947016208251,0.7599,0.9025759983057732,0.2248847261977109
SmolLM2-360M,6,model.layers.6.mlp.down_proj,2560,0,0.3,6,0.8347625431459567,0.882351,0.9182821754336415,0.2248847261977109
SmolLM2-360M,6,model.layers.6.mlp.down_proj,2560,0,0.3,8,0.9015447091584158,0.94235199,0.9364720877698468,0.2248847261977109
SmolLM2-360M,6,model.layers.6.mlp.down_proj,2560,0,0.5,1,0.5,0.5,0.0,0.36552379342920654
SmolLM2-360M,6,model.layers.6.mlp.down_proj,2560,0,0.5,2,0.732428754892368,0.75,0.9297150195694721,0.36552379342920654
SmolLM2-360M,6,model.layers.6.mlp.down_proj,2560,0,0.5,3,0.852703737745098,0.875,0.9405433006535947,0.36552379342920654
SmolLM2-360M,6,model.layers.6.mlp.down_proj,2560,0,0.5,4,0.9169495947937131,0.9375,0.9530276452427727,0.36552379342920654
SmolLM2-360M,6,model.layers.6.mlp.down_proj,2560,0,0.5,6,0.972240199704142,0.984375,0.9749475090666158,0.36552379342920654
SmolLM2-360M,6,model.layers.6.mlp.down_proj,2560,0,0.5,8,0.9905747215346534,0.99609375,0.9888750292352069,0.36552379342920654
SmolLM2-360M,7,model.layers.7.mlp.down_proj,2560,0,0.1,1,0.10000000000000002,0.09999999999999998,1.3877787807814455e-08,0.11103600137568068
SmolLM2-360M,7,model.layers.7.mlp.down_proj,2560,0,0.1,2,0.18015686154598826,0.18999999999999995,0.8906317949554255,0.11103600137568068
SmolLM2-360M,7,model.layers.7.mlp.down_proj,2560,0,0.1,3,0.24881587009803924,0.2709999999999999,0.8702682461873644,0.11103600137568068
SmolLM2-360M,7,model.layers.7.mlp.down_proj,2560,0,0.1,4,0.3087303536345776,0.3439,0.8558030079318476,0.11103600137568068
SmolLM2-360M,7,model.layers.7.mlp.down_proj,2560,0,0.1,6,0.40894508136094676,0.46855899999999995,0.838251355579288,0.11103600137568068
SmolLM2-360M,7,model.layers.7.mlp.down_proj,2560,0,0.1,8,0.4902815594059406,0.5695327899999999,0.8312125749640203,0.11103600137568068
SmolLM2-360M,7,model.layers.7.mlp.down_proj,2560,0,0.2,1,0.20000000000000004,0.19999999999999996,2.775557561562891e-08,0.16706158331935636
SmolLM2-360M,7,model.layers.7.mlp.down_proj,2560,0,0.2,2,0.3429741010273973,0.3599999999999999,0.8935881314212337,0.16706158331935636
SmolLM2-360M,7,model.layers.7.mlp.down_proj,2560,0,0.2,3,0.45365196078431375,0.4879999999999999,0.8807359749455342,0.16706158331935636
SmolLM2-360M,7,model.layers.7.mlp.down_proj,2560,0,0.2,4,0.5415052492632613,0.5903999999999999,0.87475729831778,0.16706158331935636
SmolLM2-360M,7,model.layers.7.mlp.down_proj,2560,0,0.2,6,0.6703055658284024,0.7378559999999998,0.8744079564574951,0.16706158331935636
SmolLM2-360M,7,model.layers.7.mlp.down_proj,2560,0,0.2,8,0.7576802289603961,0.8322278399999999,0.8820874274698126,0.16706158331935636
SmolLM2-360M,7,model.layers.7.mlp.down_proj,2560,0,0.3,1,0.29999999999999993,0.30000000000000004,-5.551115123125782e-08,0.223631545751129
SmolLM2-360M,7,model.layers.7.mlp.down_proj,2560,0,0.3,2,0.49054626345401176,0.51,0.9073631593048178,0.223631545751129
SmolLM2-360M,7,model.layers.7.mlp.down_proj,2560,0,0.3,3,0.6219347426470587,0.657,0.9017779906080076,0.223631545751129
SmolLM2-360M,7,model.layers.7.mlp.down_proj,2560,0,0.3,4,0.7155520935658153,0.7599,0.9035705448267346,0.223631545751129
SmolLM2-360M,7,model.layers.7.mlp.down_proj,2560,0,0.3,6,0.8333718565088757,0.882351,0.9158941197128116,0.223631545751129
SmolLM2-360M,7,model.layers.7.mlp.down_proj,2560,0,0.3,8,0.8986974009900991,0.94235199,0.9320394585997921,0.223631545751129
SmolLM2-360M,7,model.layers.7.mlp.down_proj,2560,0,0.5,1,0.5,0.5,0.0,0.36833063237458613
SmolLM2-360M,7,model.layers.7.mlp.down_proj,2560,0,0.5,2,0.7309587512230921,0.75,0.9238350048923683,0.36833063237458613
SmolLM2-360M,7,model.layers.7.mlp.down_proj,2560,0,0.5,3,0.8501822916666667,0.875,0.9338194444444445,0.36833063237458613
SmolLM2-360M,7,model.layers.7.mlp.down_proj,2560,0,0.5,4,0.9144270321709234,0.9375,0.9472617878192534,0.36833063237458613
SmolLM2-360M,7,model.layers.7.mlp.down_proj,2560,0,0.5,6,0.9704172830374753,0.984375,0.9711840682064007,0.36833063237458613
SmolLM2-360M,7,model.layers.7.mlp.down_proj,2560,0,0.5,8,0.9888203898514852,0.99609375,0.9853387385982695,0.36833063237458613
SmolLM2-360M,8,model.layers.8.mlp.down_proj,2560,0,0.1,1,0.10000000000000002,0.09999999999999998,1.3877787807814455e-08,0.12057010363074781
SmolLM2-360M,8,model.layers.8.mlp.down_proj,2560,0,0.1,2,0.17866086717221133,0.18999999999999995,0.8740096352467931,0.12057010363074781
SmolLM2-360M,8,model.layers.8.mlp.down_proj,2560,0,0.1,3,0.24554457720588238,0.2709999999999999,0.8511378783969734,0.12057010363074781
SmolLM2-360M,8,model.layers.8.mlp.down_proj,2560,0,0.1,4,0.3037013445481336,0.3439,0.8351838644859926,0.12057010363074781
SmolLM2-360M,8,model.layers.8.mlp.down_proj,2560,0,0.1,6,0.40011325813609466,0.46855899999999995,0.8142882364454395,0.12057010363074781
SmolLM2-360M,8,model.layers.8.mlp.down_proj,2560,0,0.1,8,0.47750696163366335,0.5695327899999999,0.8040055341686859,0.12057010363074781
SmolLM2-360M,8,model.layers.8.mlp.down_proj,2560,0,0.2,1,0.20000000000000004,0.19999999999999996,2.775557561562891e-08,0.17305209938517704
SmolLM2-360M,8,model.layers.8.mlp.down_proj,2560,0,0.2,2,0.3412510702054795,0.3599999999999999,0.8828191887842476,0.17305209938517704
SmolLM2-360M,8,model.layers.8.mlp.down_proj,2560,0,0.2,3,0.45017999387254903,0.4879999999999999,0.8686805342796845,0.17305209938517704
SmolLM2-360M,8,model.layers.8.mlp.down_proj,2560,0,0.2,4,0.5366865176817288,0.5903999999999999,0.8624142358650843,0.17305209938517704
SmolLM2-360M,8,model.layers.8.mlp.down_proj,2560,0,0.2,6,0.6633891148915187,0.7378559999999998,0.8615486578034248,0.17305209938517704
SmolLM2-360M,8,model.layers.8.mlp.down_proj,2560,0,0.2,8,0.7499443069306931,0.8322278399999999,0.8698514556567031,0.17305209938517704
SmolLM2-360M,8,model.layers.8.mlp.down_proj,2560,0,0.3,1,0.29999999999999993,0.30000000000000004,-5.551115123125782e-08,0.23274609279683234
SmolLM2-360M,8,model.layers.8.mlp.down_proj,2560,0,0.3,2,0.48700159001956944,0.51,0.8904837619979497,0.23274609279683234
SmolLM2-360M,8,model.layers.8.mlp.down_proj,2560,0,0.3,3,0.6151822916666666,0.657,0.8828635620915031,0.23274609279683234
SmolLM2-360M,8,model.layers.8.mlp.down_proj,2560,0,0.3,4,0.7063190692534381,0.7599,0.8834943884614875,0.23274609279683234
SmolLM2-360M,8,model.layers.8.mlp.down_proj,2560,0,0.3,6,0.8222093811637082,0.882351,0.8967261688632941,0.23274609279683234
SmolLM2-360M,8,model.layers.8.mlp.down_proj,2560,0,0.3,8,0.8880840037128713,0.94235199,0.9155167460645235,0.23274609279683234
SmolLM2-360M,8,model.layers.8.mlp.down_proj,2560,0,0.5,1,0.5,0.5,0.0,0.3753434950184265
SmolLM2-360M,8,model.layers.8.mlp.down_proj,2560,0,0.5,2,0.7272741866438357,0.75,0.9090967465753428,0.3753434950184265
SmolLM2-360M,8,model.layers.8.mlp.down_proj,2560,0,0.5,3,0.8445281862745099,0.875,0.9187418300653597,0.3753434950184265
SmolLM2-360M,8,model.layers.8.mlp.down_proj,2560,0,0.5,4,0.9084410302062869,0.9375,0.93357949761437,0.3753434950184265
SmolLM2-360M,8,model.layers.8.mlp.down_proj,2560,0,0.5,6,0.9655618219921105,0.984375,0.9611598905643571,0.3753434950184265
SmolLM2-360M,8,model.layers.8.mlp.down_proj,2560,0,0.5,8,0.9860628094059407,0.99609375,0.9797801512434711,0.3753434950184265
SmolLM2-360M,9,model.layers.9.mlp.down_proj,2560,0,0.1,1,0.10000000000000002,0.09999999999999998,1.3877787807814455e-08,0.12695864988419628
SmolLM2-360M,9,model.layers.9.mlp.down_proj,2560,0,0.1,2,0.17772520181017612,0.18999999999999995,0.8636133534464019,0.12695864988419628
SmolLM2-360M,9,model.layers.9.mlp.down_proj,2560,0,0.1,3,0.2437140012254902,0.2709999999999999,0.8404327557046215,0.12695864988419628
SmolLM2-360M,9,model.layers.9.mlp.down_proj,2560,0,0.1,4,0.3007520874263261,0.3439,0.8230917893658307,0.12695864988419628
SmolLM2-360M,9,model.layers.9.mlp.down_proj,2560,0,0.1,6,0.3962362857495069,0.46855899999999995,0.8037689643978492,0.12695864988419628
SmolLM2-360M,9,model.layers.9.mlp.down_proj,2560,0,0.1,8,0.4734336324257426,0.5695327899999999,0.7953302524957685,0.12695864988419628
SmolLM2-360M,9,model.layers.9.mlp.down_proj,2560,0,0.2,1,0.20000000000000004,0.19999999999999996,2.775557561562891e-08,0.17586331056038967
SmolLM2-360M,9,model.layers.9.mlp.down_proj,2560,0,0.2,2,0.34051645058708413,0.3599999999999999,0.8782278161692765,0.17586331056038967
SmolLM2-360M,9,model.layers.9.mlp.down_proj,2560,0,0.2,3,0.44863587622549017,0.4879999999999999,0.8633190146718412,0.17586331056038967
SmolLM2-360M,9,model.layers.9.mlp.down_proj,2560,0,0.2,4,0.5336904469548134,0.5903999999999999,0.8547398743719606,0.17586331056038967
SmolLM2-360M,9,model.layers.9.mlp.down_proj,2560,0,0.2,6,0.6590452416173571,0.7378559999999998,0.853472382231224,0.17586331056038967
SmolLM2-360M,9,model.layers.9.mlp.down_proj,2560,0,0.2,8,0.744661974009901,0.8322278399999999,0.8614963460164948,0.17586331056038967
SmolLM2-360M,9,model.layers.9.mlp.down_proj,2560,0,0.3,1,0.29999999999999993,0.30000000000000004,-5.551115123125782e-08,0.2349551532019357
SmolLM2-360M,9,model.layers.9.mlp.down_proj,2560,0,0.3,2,0.48617829623287667,0.51,0.8865633153946508,0.2349551532019357
SmolLM2-360M,9,model.layers.9.mlp.down_proj,2560,0,0.3,3,0.613802849264706,0.657,0.8789995777722855,0.2349551532019357
SmolLM2-360M,9,model.layers.9.mlp.down_proj,2560,0,0.3,4,0.7044641760805501,0.7599,0.8794611352045012,0.2349551532019357
SmolLM2-360M,9,model.layers.9.mlp.down_proj,2560,0,0.3,6,0.8203009430473372,0.882351,0.8934490419821333,0.2349551532019357
SmolLM2-360M,9,model.layers.9.mlp.down_proj,2560,0,0.3,8,0.8861625928217822,0.94235199,0.9125255342040461,0.2349551532019357
SmolLM2-360M,9,model.layers.9.mlp.down_proj,2560,0,0.5,1,0.5,0.5,0.0,0.37656793904847885
SmolLM2-360M,9,model.layers.9.mlp.down_proj,2560,0,0.5,2,0.7266649339530332,0.75,0.9066597358121329,0.37656793904847885
SmolLM2-360M,9,model.layers.9.mlp.down_proj,2560,0,0.5,3,0.8430614276960785,0.875,0.9148304738562093,0.37656793904847885
SmolLM2-360M,9,model.layers.9.mlp.down_proj,2560,0,0.5,4,0.9068156004420433,0.9375,0.9298642295818134,0.37656793904847885
SmolLM2-360M,9,model.layers.9.mlp.down_proj,2560,0,0.5,6,0.9651157236193293,0.984375,0.9602389132786153,0.37656793904847885
SmolLM2-360M,9,model.layers.9.mlp.down_proj,2560,0,0.5,8,0.9857882116336634,0.99609375,0.9792266313245498,0.37656793904847885
SmolLM2-360M,10,model.layers.10.mlp.down_proj,2560,0,0.1,1,0.10000000000000002,0.09999999999999998,1.3877787807814455e-08,0.11712730810637309
SmolLM2-360M,10,model.layers.10.mlp.down_proj,2560,0,0.1,2,0.17924183586105677,0.18999999999999995,0.8804648429006313,0.11712730810637309
SmolLM2-360M,10,model.layers.10.mlp.down_proj,2560,0,0.1,3,0.2467195159313726,0.2709999999999999,0.8580088650957466,0.11712730810637309
SmolLM2-360M,10,model.layers.10.mlp.down_proj,2560,0,0.1,4,0.30450561763261297,0.3439,0.8384814171078843,0.11712730810637309
SmolLM2-360M,10,model.layers.10.mlp.down_proj,2560,0,0.1,6,0.4006040433925049,0.46855899999999995,0.8156198692543254,0.11712730810637309
SmolLM2-360M,10,model.layers.10.mlp.down_proj,2560,0,0.1,8,0.4784026918316831,0.5695327899999999,0.8059132394814921,0.11712730810637309
SmolLM2-360M,10,model.layers.10.mlp.down_proj,2560,0,0.2,1,0.20000000000000004,0.19999999999999996,2.775557561562891e-08,0.16918286236442118
SmolLM2-360M,10,model.layers.10.mlp.down_proj,2560,0,0.2,2,0.3425154415362035,0.3599999999999999,0.8907215096012726,0.16918286236442118
SmolLM2-360M,10,model.layers.10.mlp.down_proj,2560,0,0.2,3,0.4532651654411765,0.4879999999999999,0.879392935559641,0.16918286236442118
SmolLM2-360M,10,model.layers.10.mlp.down_proj,2560,0,0.2,4,0.5397969363948918,0.5903999999999999,0.8703814969131451,0.16918286236442118
SmolLM2-360M,10,model.layers.10.mlp.down_proj,2560,0,0.2,6,0.6663453833826429,0.7378559999999998,0.8670450518031648,0.16918286236442118
SmolLM2-360M,10,model.layers.10.mlp.down_proj,2560,0,0.2,8,0.7525912747524752,0.8322278399999999,0.874038186538061,0.16918286236442118
SmolLM2-360M,10,model.layers.10.mlp.down_proj,2560,0,0.3,1,0.29999999999999993,0.30000000000000004,-5.551115123125782e-08,0.2287310877093883
SmolLM2-360M,10,model.layers.10.mlp.down_proj,2560,0,0.3,2,0.4887636068982387,0.51,0.8988743185630415,0.2287310877093883
SmolLM2-360M,10,model.layers.10.mlp.down_proj,2560,0,0.3,3,0.618875612745098,0.657,0.8932089992859886,0.2287310877093883
SmolLM2-360M,10,model.layers.10.mlp.down_proj,2560,0,0.3,4,0.7106650601669942,0.7599,0.8929442491128379,0.2287310877093883
SmolLM2-360M,10,model.layers.10.mlp.down_proj,2560,0,0.3,6,0.8266225961538461,0.882351,0.9043044420870681,0.2287310877093883
SmolLM2-360M,10,model.layers.10.mlp.down_proj,2560,0,0.3,8,0.8923398824257427,0.94235199,0.9221422080839861,0.2287310877093883
SmolLM2-360M,10,model.layers.10.mlp.down_proj,2560,0,0.5,1,0.5,0.5,0.0,0.3722490852566958
SmolLM2-360M,10,model.layers.10.mlp.down_proj,2560,0,0.5,2,0.7289758133561643,0.75,0.9159032534246574,0.3722490852566958
SmolLM2-360M,10,model.layers.10.mlp.down_proj,2560,0,0.5,3,0.8473322610294117,0.875,0.926219362745098,0.3722490852566958
SmolLM2-360M,10,model.layers.10.mlp.down_proj,2560,0,0.5,4,0.9109689648821218,0.9375,0.9393576340162783,0.3722490852566958
SmolLM2-360M,10,model.layers.10.mlp.down_proj,2560,0,0.5,6,0.9676220414201184,0.984375,0.9654132468028251,0.3722490852566958
SmolLM2-360M,10,model.layers.10.mlp.down_proj,2560,0,0.5,8,0.9873994430693069,0.99609375,0.9824744679192329,0.3722490852566958
SmolLM2-360M,11,model.layers.11.mlp.down_proj,2560,0,0.1,1,0.10000000000000002,0.09999999999999998,1.3877787807814455e-08,0.14179934049556733
SmolLM2-360M,11,model.layers.11.mlp.down_proj,2560,0,0.1,2,0.17536081213307242,0.18999999999999995,0.8373423570341385,0.14179934049556733
SmolLM2-360M,11,model.layers.11.mlp.down_proj,2560,0,0.1,3,0.23869791666666665,0.2709999999999999,0.811098927875244,0.14179934049556733
SmolLM2-360M,11,model.layers.11.mlp.down_proj,2560,0,0.1,4,0.2935059553045187,0.3439,0.7933823505720323,0.14179934049556733
SmolLM2-360M,11,model.layers.11.mlp.down_proj,2560,0,0.1,6,0.38477332963510846,0.46855899999999995,0.7726668718851215,0.14179934049556733
SmolLM2-360M,11,model.layers.11.mlp.down_proj,2560,0,0.1,8,0.45907410272277227,0.5695327899999999,0.7647476605899501,0.14179934049556733
SmolLM2-360M,11,model.layers.11.mlp.down_proj,2560,0,0.2,1,0.20000000000000004,0.19999999999999996,2.775557561562891e-08,0.18414601189863278
SmolLM2-360M,11,model.layers.11.mlp.down_proj,2560,0,0.2,2,0.3381551186399217,0.3599999999999999,0.8634694914995114,0.18414601189863278
SmolLM2-360M,11,model.layers.11.mlp.down_proj,2560,0,0.2,3,0.4439223345588235,0.4879999999999999,0.8469525505514709,0.18414601189863278
SmolLM2-360M,11,model.layers.11.mlp.down_proj,2560,0,0.2,4,0.5277504911591355,0.5903999999999999,0.8395248236658186,0.18414601189863278
SmolLM2-360M,11,model.layers.11.mlp.down_proj,2560,0,0.2,6,0.6512651010848126,0.7378559999999998,0.8390072827760826,0.18414601189863278
SmolLM2-360M,11,model.layers.11.mlp.down_proj,2560,0,0.2,8,0.7367048267326733,0.8322278399999999,0.8489104604009108,0.18414601189863278
SmolLM2-360M,11,model.layers.11.mlp.down_proj,2560,0,0.3,1,0.29999999999999993,0.30000000000000004,-5.551115123125782e-08,0.23893089158181394
SmolLM2-360M,11,model.layers.11.mlp.down_proj,2560,0,0.3,2,0.4846364359099804,0.51,0.879221123380859,0.23893089158181394
SmolLM2-360M,11,model.layers.11.mlp.down_proj,2560,0,0.3,3,0.6112568933823529,0.657,0.8718680486900641,0.23893089158181394
SmolLM2-360M,11,model.layers.11.mlp.down_proj,2560,0,0.3,4,0.7014949656188606,0.7599,0.8730049263293337,0.23893089158181394
SmolLM2-360M,11,model.layers.11.mlp.down_proj,2560,0,0.3,6,0.8176081730769231,0.882351,0.8888250781348758,0.23893089158181394
SmolLM2-360M,11,model.layers.11.mlp.down_proj,2560,0,0.3,8,0.8849628712871287,0.94235199,0.9106578330786032,0.23893089158181394
SmolLM2-360M,11,model.layers.11.mlp.down_proj,2560,0,0.5,1,0.5,0.5,0.0,0.3757983358905966
SmolLM2-360M,11,model.layers.11.mlp.down_proj,2560,0,0.5,2,0.7270861362524462,0.75,0.9083445450097849,0.3757983358905966
SmolLM2-360M,11,model.layers.11.mlp.down_proj,2560,0,0.5,3,0.8440287990196079,0.875,0.9174101307189545,0.3757983358905966
SmolLM2-360M,11,model.layers.11.mlp.down_proj,2560,0,0.5,4,0.9073236431728879,0.9375,0.9310254701094581,0.3757983358905966
SmolLM2-360M,11,model.layers.11.mlp.down_proj,2560,0,0.5,6,0.9652867665187376,0.984375,0.9605920341032002,0.3757983358905966
SmolLM2-360M,11,model.layers.11.mlp.down_proj,2560,0,0.5,8,0.9861293316831683,0.99609375,0.9799142433928432,0.3757983358905966
SmolLM2-360M,12,model.layers.12.mlp.down_proj,2560,0,0.1,1,0.10000000000000002,0.09999999999999998,1.3877787807814455e-08,0.15857793612991095
SmolLM2-360M,12,model.layers.12.mlp.down_proj,2560,0,0.1,2,0.1728534735812133,0.18999999999999995,0.8094830397912595,0.15857793612991095
SmolLM2-360M,12,model.layers.12.mlp.down_proj,2560,0,0.1,3,0.23303232230392157,0.2709999999999999,0.777966797098957,0.15857793612991095
SmolLM2-360M,12,model.layers.12.mlp.down_proj,2560,0,0.1,4,0.28430439587426326,0.3439,0.7556555796402759,0.15857793612991095
SmolLM2-360M,12,model.layers.12.mlp.down_proj,2560,0,0.1,6,0.3682854105029586,0.46855899999999995,0.7279306990277232,0.15857793612991095
SmolLM2-360M,12,model.layers.12.mlp.down_proj,2560,0,0.1,8,0.4363768564356436,0.5695327899999999,0.7164075941014549,0.15857793612991095
SmolLM2-360M,12,model.layers.12.mlp.down_proj,2560,0,0.2,1,0.20000000000000004,0.19999999999999996,2.775557561562891e-08,0.20239425472362987
SmolLM2-360M,12,model.layers.12.mlp.down_proj,2560,0,0.2,2,0.3330188967710372,0.3599999999999999,0.831368104818983,0.20239425472362987
SmolLM2-360M,12,model.layers.12.mlp.down_proj,2560,0,0.2,3,0.4334344362745098,0.4879999999999999,0.8105362370642704,0.20239425472362987
SmolLM2-360M,12,model.layers.12.mlp.down_proj,2560,0,0.2,4,0.5119627946954813,0.5903999999999999,0.7990850273962126,0.20239425472362987
SmolLM2-360M,12,model.layers.12.mlp.down_proj,2560,0,0.2,6,0.6269916481755424,0.7378559999999998,0.7938772611545516,0.20239425472362987
SmolLM2-360M,12,model.layers.12.mlp.down_proj,2560,0,0.2,8,0.7078944925742575,0.8322278399999999,0.80334091674017,0.20239425472362987
SmolLM2-360M,12,model.layers.12.mlp.down_proj,2560,0,0.3,1,0.29999999999999993,0.30000000000000004,-5.551115123125782e-08,0.25444936501761334
SmolLM2-360M,12,model.layers.12.mlp.down_proj,2560,0,0.3,2,0.4786799779843444,0.51,0.8508570380206877,0.25444936501761334
SmolLM2-360M,12,model.layers.12.mlp.down_proj,2560,0,0.3,3,0.6000405943627451,0.657,0.8404498441533477,0.25444936501761334
SmolLM2-360M,12,model.layers.12.mlp.down_proj,2560,0,0.3,4,0.6859083374263262,0.7599,0.8391135843146905,0.25444936501761334
SmolLM2-360M,12,model.layers.12.mlp.down_proj,2560,0,0.3,6,0.7966145833333335,0.882351,0.8527753594195484,0.25444936501761334
SmolLM2-360M,12,model.layers.12.mlp.down_proj,2560,0,0.3,8,0.863176051980198,0.94235199,0.876740573311212,0.25444936501761334
SmolLM2-360M,12,model.layers.12.mlp.down_proj,2560,0,0.5,1,0.5,0.5,0.0,0.39081214769219363
SmolLM2-360M,12,model.layers.12.mlp.down_proj,2560,0,0.5,2,0.7192652274951077,0.75,0.8770609099804307,0.39081214769219363
SmolLM2-360M,12,model.layers.12.mlp.down_proj,2560,0,0.5,3,0.8331066176470587,0.875,0.88828431372549,0.39081214769219363
SmolLM2-360M,12,model.layers.12.mlp.down_proj,2560,0,0.5,4,0.8960822384577604,0.9375,0.9053308307605951,0.39081214769219363
SmolLM2-360M,12,model.layers.12.mlp.down_proj,2560,0,0.5,6,0.9562985392011834,0.984375,0.9420356938347011,0.39081214769219363
SmolLM2-360M,12,model.layers.12.mlp.down_proj,2560,0,0.5,8,0.980132271039604,0.99609375,0.9678256802058159,0.39081214769219363
SmolLM2-360M,13,model.layers.13.mlp.down_proj,2560,0,0.1,1,0.10000000000000002,0.09999999999999998,1.3877787807814455e-08,0.20083254130771847
SmolLM2-360M,13,model.layers.13.mlp.down_proj,2560,0,0.1,2,0.1671890288649706,0.18999999999999995,0.7465447651663406,0.20083254130771847
SmolLM2-360M,13,model.layers.13.mlp.down_proj,2560,0,0.1,3,0.22194010416666665,0.2709999999999999,0.713100024366472,0.20083254130771847
SmolLM2-360M,13,model.layers.13.mlp.down_proj,2560,0,0.1,4,0.26848753683693516,0.3439,0.690805809089525,0.20083254130771847
SmolLM2-360M,13,model.layers.13.mlp.down_proj,2560,0,0.1,6,0.34660533777120317,0.46855899999999995,0.6691068126709786,0.20083254130771847
SmolLM2-360M,13,model.layers.13.mlp.down_proj,2560,0,0.1,8,0.41060334158415845,0.5695327899999999,0.6615157624756272,0.20083254130771847
SmolLM2-360M,13,model.layers.13.mlp.down_proj,2560,0,0.2,1,0.20000000000000004,0.19999999999999996,2.775557561562891e-08,0.24030001506679993
SmolLM2-360M,13,model.layers.13.mlp.down_proj,2560,0,0.2,2,0.32337328767123286,0.3599999999999999,0.771083047945206,0.24030001506679993
SmolLM2-360M,13,model.layers.13.mlp.down_proj,2560,0,0.2,3,0.4158149509803922,0.4879999999999999,0.7493574686819175,0.24030001506679993
SmolLM2-360M,13,model.layers.13.mlp.down_proj,2560,0,0.2,4,0.48894201252455793,0.5903999999999999,0.7401178599501997,0.24030001506679993
SmolLM2-360M,13,model.layers.13.mlp.down_proj,2560,0,0.2,6,0.598462925295858,0.7378559999999998,0.7408356982089221,0.24030001506679993
SmolLM2-360M,13,model.layers.13.mlp.down_proj,2560,0,0.2,8,0.6761695544554457,0.8322278399999999,0.7531613199055672,0.24030001506679993
SmolLM2-360M,13,model.layers.13.mlp.down_proj,2560,0,0.3,1,0.29999999999999993,0.30000000000000004,-5.551115123125782e-08,0.29023181453592517
SmolLM2-360M,13,model.layers.13.mlp.down_proj,2560,0,0.3,2,0.46587573385518594,0.51,0.7898844469294568,0.29023181453592517
SmolLM2-360M,13,model.layers.13.mlp.down_proj,2560,0,0.3,3,0.578344056372549,0.657,0.779675227934311,0.29023181453592517
SmolLM2-360M,13,model.layers.13.mlp.down_proj,2560,0,0.3,4,0.6599099029960707,0.7599,0.7825829593304429,0.29023181453592517
SmolLM2-360M,13,model.layers.13.mlp.down_proj,2560,0,0.3,6,0.7692346215483234,0.882351,0.8057591067042443,0.29023181453592517
SmolLM2-360M,13,model.layers.13.mlp.down_proj,2560,0,0.3,8,0.8364201732673266,0.94235199,0.8350875868965962,0.29023181453592517
SmolLM2-360M,13,model.layers.13.mlp.down_proj,2560,0,0.5,1,0.5,0.5,0.0,0.41343275721471473
SmolLM2-360M,13,model.layers.13.mlp.down_proj,2560,0,0.5,2,0.7080357142857143,0.75,0.8321428571428573,0.41343275721471473
SmolLM2-360M,13,model.layers.13.mlp.down_proj,2560,0,0.5,3,0.8181265318627451,0.875,0.8483374183006536,0.41343275721471473
SmolLM2-360M,13,model.layers.13.mlp.down_proj,2560,0,0.5,4,0.8809345837426327,0.9375,0.8707076199831604,0.41343275721471473
SmolLM2-360M,13,model.layers.13.mlp.down_proj,2560,0,0.5,6,0.9448671720907298,0.984375,0.9184354520582808,0.41343275721471473
SmolLM2-360M,13,model.layers.13.mlp.down_proj,2560,0,0.5,8,0.972008818069307,0.99609375,0.9514508458719888,0.41343275721471473
SmolLM2-360M,14,model.layers.14.mlp.down_proj,2560,0,0.1,1,0.10000000000000002,0.09999999999999998,1.3877787807814455e-08,0.2200027255112847
SmolLM2-360M,14,model.layers.14.mlp.down_proj,2560,0,0.1,2,0.16456702544031312,0.18999999999999995,0.7174113937812574,0.2200027255112847
SmolLM2-360M,14,model.layers.14.mlp.down_proj,2560,0,0.1,3,0.21669500612745096,0.2709999999999999,0.6824269364178422,0.2200027255112847
SmolLM2-360M,14,model.layers.14.mlp.down_proj,2560,0,0.1,4,0.26095591846758354,0.3439,0.6599258649757423,0.2200027255112847
SmolLM2-360M,14,model.layers.14.mlp.down_proj,2560,0,0.1,6,0.3342917899408284,0.46855899999999995,0.6356968353528972,0.2200027255112847
SmolLM2-360M,14,model.layers.14.mlp.down_proj,2560,0,0.1,8,0.39427753712871283,0.5695327899999999,0.6267454443995549,0.2200027255112847
SmolLM2-360M,14,model.layers.14.mlp.down_proj,2560,0,0.2,1,0.20000000000000004,0.19999999999999996,2.775557561562891e-08,0.2596041374989816
SmolLM2-360M,14,model.layers.14.mlp.down_proj,2560,0,0.2,2,0.31858106042074363,0.3599999999999999,0.7411316276296482,0.2596041374989816
SmolLM2-360M,14,model.layers.14.mlp.down_proj,2560,0,0.2,3,0.4081372549019608,0.4879999999999999,0.7226988017429197,0.2596041374989816
SmolLM2-360M,14,model.layers.14.mlp.down_proj,2560,0,0.2,4,0.4785762524557957,0.5903999999999999,0.7135662204298048,0.2596041374989816
SmolLM2-360M,14,model.layers.14.mlp.down_proj,2560,0,0.2,6,0.5853303747534517,0.7378559999999998,0.7164192176966545,0.2596041374989816
SmolLM2-360M,14,model.layers.14.mlp.down_proj,2560,0,0.2,8,0.6627049814356436,0.8322278399999999,0.731864293473131,0.2596041374989816
SmolLM2-360M,14,model.layers.14.mlp.down_proj,2560,0,0.3,1,0.29999999999999993,0.30000000000000004,-5.551115123125782e-08,0.3048301265045972
SmolLM2-360M,14,model.layers.14.mlp.down_proj,2560,0,0.3,2,0.46087634540117417,0.51,0.7660778352436866,0.3048301265045972
SmolLM2-360M,14,model.layers.14.mlp.down_proj,2560,0,0.3,3,0.5712216605392156,0.657,0.759724539325534,0.3048301265045972
SmolLM2-360M,14,model.layers.14.mlp.down_proj,2560,0,0.3,4,0.6506799484282907,0.7599,0.7625134777740611,0.3048301265045972
SmolLM2-360M,14,model.layers.14.mlp.down_proj,2560,0,0.3,6,0.7585652428500987,0.882351,0.7874378902931372,0.3048301265045972
SmolLM2-360M,14,model.layers.14.mlp.down_proj,2560,0,0.3,8,0.8267435024752475,0.94235199,0.8200231503528891,0.3048301265045972
SmolLM2-360M,14,model.layers.14.mlp.down_proj,2560,0,0.5,1,0.5,0.5,0.0,0.42544434883271126
SmolLM2-360M,14,model.layers.14.mlp.down_proj,2560,0,0.5,2,0.7022481959393346,0.75,0.8089927837573385,0.42544434883271126
SmolLM2-360M,14,model.layers.14.mlp.down_proj,2560,0,0.5,3,0.8111680453431372,0.875,0.829781454248366,0.42544434883271126
SmolLM2-360M,14,model.layers.14.mlp.down_proj,2560,0,0.5,4,0.8746937929764244,0.9375,0.8564429553746843,0.42544434883271126
SmolLM2-360M,14,model.layers.14.mlp.down_proj,2560,0,0.5,6,0.9394646819526628,0.984375,0.9072819240313037,0.42544434883271126
SmolLM2-360M,14,model.layers.14.mlp.down_proj,2560,0,0.5,8,0.9685473391089109,0.99609375,0.9444733764715054,0.42544434883271126
SmolLM2-360M,15,model.layers.15.mlp.down_proj,2560,0,0.1,1,0.10000000000000002,0.09999999999999998,1.3877787807814455e-08,0.2848495505462945
SmolLM2-360M,15,model.layers.15.mlp.down_proj,2560,0,0.1,2,0.15629815924657534,0.18999999999999995,0.6255351027397263,0.2848495505462945
SmolLM2-360M,15,model.layers.15.mlp.down_proj,2560,0,0.1,3,0.20030713848039217,0.2709999999999999,0.5865914531017089,0.2848495505462945
SmolLM2-360M,15,model.layers.15.mlp.down_proj,2560,0,0.1,4,0.23668421537328097,0.3439,0.5604108871393234,0.2848495505462945
SmolLM2-360M,15,model.layers.15.mlp.down_proj,2560,0,0.1,6,0.29738658777120314,0.46855899999999995,0.5355630652655426,0.2848495505462945
SmolLM2-360M,15,model.layers.15.mlp.down_proj,2560,0,0.1,8,0.3480561571782178,0.5695327899999999,0.5283042259481342,0.2848495505462945
SmolLM2-360M,15,model.layers.15.mlp.down_proj,2560,0,0.2,1,0.20000000000000004,0.19999999999999996,2.775557561562891e-08,0.29947914986017643
SmolLM2-360M,15,model.layers.15.mlp.down_proj,2560,0,0.2,2,0.3086969483855186,0.3599999999999999,0.6793559274094917,0.29947914986017643
SmolLM2-360M,15,model.layers.15.mlp.down_proj,2560,0,0.2,3,0.3895082720588235,0.4879999999999999,0.6580148335375818,0.29947914986017643
SmolLM2-360M,15,model.layers.15.mlp.down_proj,2560,0,0.2,4,0.45315799975442045,0.5903999999999999,0.6484579911742329,0.29947914986017643
SmolLM2-360M,15,model.layers.15.mlp.down_proj,2560,0,0.2,6,0.5502342209072978,0.7378559999999998,0.6511672657873071,0.29947914986017643
SmolLM2-360M,15,model.layers.15.mlp.down_proj,2560,0,0.2,8,0.6229455445544555,0.8322278399999999,0.6689764635395613,0.29947914986017643
SmolLM2-360M,15,model.layers.15.mlp.down_proj,2560,0,0.3,1,0.29999999999999993,0.30000000000000004,-5.551115123125782e-08,0.33671292250062557
SmolLM2-360M,15,model.layers.15.mlp.down_proj,2560,0,0.3,2,0.449805834148728,0.51,0.7133611149939428,0.33671292250062557
SmolLM2-360M,15,model.layers.15.mlp.down_proj,2560,0,0.3,3,0.5520695465686275,0.657,0.7060771612566596,0.33671292250062557
SmolLM2-360M,15,model.layers.15.mlp.down_proj,2560,0,0.3,4,0.626746684675835,0.7599,0.7104733304540879,0.33671292250062557
SmolLM2-360M,15,model.layers.15.mlp.down_proj,2560,0,0.3,6,0.730093534270217,0.882351,0.7385469146102899,0.33671292250062557
SmolLM2-360M,15,model.layers.15.mlp.down_proj,2560,0,0.3,8,0.7981211324257427,0.94235199,0.7754644496792835,0.33671292250062557
SmolLM2-360M,15,model.layers.15.mlp.down_proj,2560,0,0.5,1,0.5,0.5,0.0,0.44566100486723853
SmolLM2-360M,15,model.layers.15.mlp.down_proj,2560,0,0.5,2,0.6923556751467711,0.75,0.7694227005870844,0.44566100486723853
SmolLM2-360M,15,model.layers.15.mlp.down_proj,2560,0,0.5,3,0.7967064950980393,0.875,0.791217320261438,0.44566100486723853
SmolLM2-360M,15,model.layers.15.mlp.down_proj,2560,0,0.5,4,0.859375,0.9375,0.8214285714285714,0.44566100486723853
SmolLM2-360M,15,model.layers.15.mlp.down_proj,2560,0,0.5,6,0.926603334566075,0.984375,0.8807294649106064,0.44566100486723853
SmolLM2-360M,15,model.layers.15.mlp.down_proj,2560,0,0.5,8,0.9588644801980198,0.99609375,0.9249551726826227,0.44566100486723853
SmolLM2-360M,16,model.layers.16.mlp.down_proj,2560,0,0.1,1,0.10000000000000002,0.09999999999999998,1.3877787807814455e-08,0.325097840615639
SmolLM2-360M,16,model.layers.16.mlp.down_proj,2560,0,0.1,2,0.15150975415851273,0.18999999999999995,0.5723306017612528,0.325097840615639
SmolLM2-360M,16,model.layers.16.mlp.down_proj,2560,0,0.1,3,0.19100719975490196,0.2709999999999999,0.5322058465198948,0.325097840615639
SmolLM2-360M,16,model.layers.16.mlp.down_proj,2560,0,0.1,4,0.22298701498035362,0.3439,0.5042518039374893,0.325097840615639
SmolLM2-360M,16,model.layers.16.mlp.down_proj,2560,0,0.1,6,0.27462478427021697,0.46855899999999995,0.4738041514932941,0.325097840615639
SmolLM2-360M,16,model.layers.16.mlp.down_proj,2560,0,0.1,8,0.31631652227722773,0.5695327899999999,0.46070589080099766,0.325097840615639
SmolLM2-360M,16,model.layers.16.mlp.down_proj,2560,0,0.2,1,0.20000000000000004,0.19999999999999996,2.775557561562891e-08,0.3480499926482794
SmolLM2-360M,16,model.layers.16.mlp.down_proj,2560,0,0.2,2,0.29764631237769074,0.3599999999999999,0.6102894523605675,0.3480499926482794
SmolLM2-360M,16,model.layers.16.mlp.down_proj,2560,0,0.2,3,0.36832950367647066,0.4879999999999999,0.5844774433210789,0.3480499926482794
SmolLM2-360M,16,model.layers.16.mlp.down_proj,2560,0,0.2,4,0.42345131385068757,0.5903999999999999,0.5723650457240974,0.3480499926482794
SmolLM2-360M,16,model.layers.16.mlp.down_proj,2560,0,0.2,6,0.5069403353057199,0.7378559999999998,0.5706738147491521,0.3480499926482794
SmolLM2-360M,16,model.layers.16.mlp.down_proj,2560,0,0.2,8,0.5694322400990098,0.8322278399999999,0.5843340275857037,0.3480499926482794
SmolLM2-360M,16,model.layers.16.mlp.down_proj,2560,0,0.3,1,0.29999999999999993,0.30000000000000004,-5.551115123125782e-08,0.38335299055598004
SmolLM2-360M,16,model.layers.16.mlp.down_proj,2560,0,0.3,2,0.4347893224070451,0.51,0.6418539162240242,0.38335299055598004
SmolLM2-360M,16,model.layers.16.mlp.down_proj,2560,0,0.3,3,0.5257781862745099,0.657,0.6324318943263582,0.38335299055598004
SmolLM2-360M,16,model.layers.16.mlp.down_proj,2560,0,0.3,4,0.5922059184675834,0.7599,0.6353683810993334,0.38335299055598004
SmolLM2-360M,16,model.layers.16.mlp.down_proj,2560,0,0.3,6,0.6851493158284023,0.882351,0.6613697165942916,0.38335299055598004
SmolLM2-360M,16,model.layers.16.mlp.down_proj,2560,0,0.3,8,0.7478643254950494,0.94235199,0.6972257149776236,0.38335299055598004
SmolLM2-360M,16,model.layers.16.mlp.down_proj,2560,0,0.5,1,0.5,0.5,0.0,0.47871794001296153
SmolLM2-360M,16,model.layers.16.mlp.down_proj,2560,0,0.5,2,0.6770280393835617,0.75,0.7081121575342468,0.47871794001296153
SmolLM2-360M,16,model.layers.16.mlp.down_proj,2560,0,0.5,3,0.7738572303921569,0.875,0.7302859477124185,0.47871794001296153
SmolLM2-360M,16,model.layers.16.mlp.down_proj,2560,0,0.5,4,0.8333965189096267,0.9375,0.7620491860791468,0.47871794001296153
SmolLM2-360M,16,model.layers.16.mlp.down_proj,2560,0,0.5,6,0.9010902058678502,0.984375,0.8280571992110455,0.47871794001296153
SmolLM2-360M,16,model.layers.16.mlp.down_proj,2560,0,0.5,8,0.9365833849009901,0.99609375,0.8800420986980588,0.47871794001296153
SmolLM2-360M,17,model.layers.17.mlp.down_proj,2560,0,0.1,1,0.10000000000000002,0.09999999999999998,1.3877787807814455e-08,0.3747121874317023
SmolLM2-360M,17,model.layers.17.mlp.down_proj,2560,0,0.1,2,0.14615490459882585,0.18999999999999995,0.5128322733202875,0.3747121874317023
SmolLM2-360M,17,model.layers.17.mlp.down_proj,2560,0,0.1,3,0.18010569852941177,0.2709999999999999,0.46845437736498136,0.3747121874317023
SmolLM2-360M,17,model.layers.17.mlp.down_proj,2560,0,0.1,4,0.20719701620825146,0.3439,0.43951216157544676,0.3747121874317023
SmolLM2-360M,17,model.layers.17.mlp.down_proj,2560,0,0.1,6,0.2503513313609468,0.46855899999999995,0.4079437250506616,0.3747121874317023
SmolLM2-360M,17,model.layers.17.mlp.down_proj,2560,0,0.1,8,0.28503790222772274,0.5695327899999999,0.39408941434680794,0.3747121874317023
SmolLM2-360M,17,model.layers.17.mlp.down_proj,2560,0,0.2,1,0.20000000000000004,0.19999999999999996,2.775557561562891e-08,0.38797925577617687
SmolLM2-360M,17,model.layers.17.mlp.down_proj,2560,0,0.2,2,0.28919092465753427,0.3599999999999999,0.5574432791095896,0.38797925577617687
SmolLM2-360M,17,model.layers.17.mlp.down_proj,2560,0,0.2,3,0.352844669117647,0.4879999999999999,0.5307106566584967,0.38797925577617687
SmolLM2-360M,17,model.layers.17.mlp.down_proj,2560,0,0.2,4,0.4024780513261297,0.5903999999999999,0.518642549503406,0.38797925577617687
SmolLM2-360M,17,model.layers.17.mlp.down_proj,2560,0,0.2,6,0.47767504930966465,0.7378559999999998,0.5162628088366862,0.38797925577617687
SmolLM2-360M,17,model.layers.17.mlp.down_proj,2560,0,0.2,8,0.5348259591584159,0.8322278399999999,0.5295969869950934,0.38797925577617687
SmolLM2-360M,17,model.layers.17.mlp.down_proj,2560,0,0.3,1,0.29999999999999993,0.30000000000000004,-5.551115123125782e-08,0.4123518398553686
SmolLM2-360M,17,model.layers.17.mlp.down_proj,2560,0,0.3,2,0.42587374633072406,0.51,0.5993987920510669,0.4123518398553686
SmolLM2-360M,17,model.layers.17.mlp.down_proj,2560,0,0.3,3,0.5104970894607843,0.657,0.5896277015708243,0.4123518398553686
SmolLM2-360M,17,model.layers.17.mlp.down_proj,2560,0,0.3,4,0.5728220162082515,0.7599,0.5932203005180505,0.4123518398553686
SmolLM2-360M,17,model.layers.17.mlp.down_proj,2560,0,0.3,6,0.6613204203648916,0.882351,0.6204512748581037,0.4123518398553686
SmolLM2-360M,17,model.layers.17.mlp.down_proj,2560,0,0.3,8,0.7227405631188119,0.94235199,0.6581135727762154,0.4123518398553686
SmolLM2-360M,17,model.layers.17.mlp.down_proj,2560,0,0.5,1,0.5,0.5,0.0,0.49717365205680775
SmolLM2-360M,17,model.layers.17.mlp.down_proj,2560,0,0.5,2,0.6687178938356164,0.75,0.6748715753424657,0.49717365205680775
SmolLM2-360M,17,model.layers.17.mlp.down_proj,2560,0,0.5,3,0.7628699448529412,0.875,0.7009865196078433,0.49717365205680775
SmolLM2-360M,17,model.layers.17.mlp.down_proj,2560,0,0.5,4,0.8216340250491158,0.9375,0.7351634858265503,0.49717365205680775
SmolLM2-360M,17,model.layers.17.mlp.down_proj,2560,0,0.5,6,0.8903876972386587,0.984375,0.8059616975249729,0.49717365205680775
SmolLM2-360M,17,model.layers.17.mlp.down_proj,2560,0,0.5,8,0.9272950185643565,0.99609375,0.8613190925391753,0.49717365205680775
SmolLM2-360M,18,model.layers.18.mlp.down_proj,2560,0,0.1,1,0.10000000000000002,0.09999999999999998,1.3877787807814455e-08,0.3798798649780196
SmolLM2-360M,18,model.layers.18.mlp.down_proj,2560,0,0.1,2,0.14551736790606654,0.18999999999999995,0.5057485322896285,0.3798798649780196
SmolLM2-360M,18,model.layers.18.mlp.down_proj,2560,0,0.1,3,0.17880667892156862,0.2709999999999999,0.46085777147116175,0.3798798649780196
SmolLM2-360M,18,model.layers.18.mlp.down_proj,2560,0,0.1,4,0.2056728880157171,0.3439,0.43326317349617505,0.3798798649780196
SmolLM2-360M,18,model.layers.18.mlp.down_proj,2560,0,0.1,6,0.24801836785009865,0.46855899999999995,0.4016137656388764,0.3798798649780196
SmolLM2-360M,18,model.layers.18.mlp.down_proj,2560,0,0.1,8,0.28213644801980203,0.5695327899999999,0.38790996475411665,0.3798798649780196
SmolLM2-360M,18,model.layers.18.mlp.down_proj,2560,0,0.2,1,0.20000000000000004,0.19999999999999996,2.775557561562891e-08,0.3965776887930342
SmolLM2-360M,18,model.layers.18.mlp.down_proj,2560,0,0.2,2,0.2873478779354207,0.3599999999999999,0.5459242370963798,0.3965776887930342
SmolLM2-360M,18,model.layers.18.mlp.down_proj,2560,0,0.2,3,0.3492501531862745,0.4879999999999999,0.5182296985634534,0.3965776887930342
SmolLM2-360M,18,model.layers.18.mlp.down_proj,2560,0,0.2,4,0.39728788064833004,0.5903999999999999,0.5053480549393701,0.3965776887930342
SmolLM2-360M,18,model.layers.18.mlp.down_proj,2560,0,0.2,6,0.4697261772682446,0.7378559999999998,0.5014839980742888,0.3965776887930342
SmolLM2-360M,18,model.layers.18.mlp.down_proj,2560,0,0.2,8,0.5240532178217823,0.8322278399999999,0.5125576529843772,0.3965776887930342
SmolLM2-360M,18,model.layers.18.mlp.down_proj,2560,0,0.3,1,0.29999999999999993,0.30000000000000004,-5.551115123125782e-08,0.4276335961383051
SmolLM2-360M,18,model.layers.18.mlp.down_proj,2560,0,0.3,2,0.4213230797455969,0.51,0.5777289511695091,0.4276335961383051
SmolLM2-360M,18,model.layers.18.mlp.down_proj,2560,0,0.3,3,0.5026416973039216,0.657,0.5676238019717692,0.4276335961383051
SmolLM2-360M,18,model.layers.18.mlp.down_proj,2560,0,0.3,4,0.5621723047642435,0.7599,0.5700637198613688,0.4276335961383051
SmolLM2-360M,18,model.layers.18.mlp.down_proj,2560,0,0.3,6,0.6465213572485207,0.882351,0.595038657525308,0.4276335961383051
SmolLM2-360M,18,model.layers.18.mlp.down_proj,2560,0,0.3,8,0.7050719368811881,0.94235199,0.6306074289287841,0.4276335961383051
SmolLM2-360M,18,model.layers.18.mlp.down_proj,2560,0,0.5,1,0.5,0.5,0.0,0.5098658195160947
SmolLM2-360M,18,model.layers.18.mlp.down_proj,2560,0,0.5,2,0.6631642918297456,0.75,0.6526571673189823,0.5098658195160947
SmolLM2-360M,18,model.layers.18.mlp.down_proj,2560,0,0.5,3,0.754358149509804,0.875,0.6782883986928105,0.5098658195160947
SmolLM2-360M,18,model.layers.18.mlp.down_proj,2560,0,0.5,4,0.8116627271611002,0.9375,0.7123719477968005,0.5098658195160947
SmolLM2-360M,18,model.layers.18.mlp.down_proj,2560,0,0.5,6,0.8781689164201184,0.984375,0.7807358274479864,0.5098658195160947
SmolLM2-360M,18,model.layers.18.mlp.down_proj,2560,0,0.5,8,0.9155824566831683,0.99609375,0.8377095189833943,0.5098658195160947
SmolLM2-360M,19,model.layers.19.mlp.down_proj,2560,0,0.1,1,0.10000000000000002,0.09999999999999998,1.3877787807814455e-08,0.41204028812859267
SmolLM2-360M,19,model.layers.19.mlp.down_proj,2560,0,0.1,2,0.14219820205479455,0.18999999999999995,0.4688689117199397,0.41204028812859267
SmolLM2-360M,19,model.layers.19.mlp.down_proj,2560,0,0.1,3,0.17386871936274506,0.2709999999999999,0.43198081498681346,0.41204028812859267
SmolLM2-360M,19,model.layers.19.mlp.down_proj,2560,0,0.1,4,0.199511143172888,0.3439,0.4079997670065109,0.41204028812859267
SmolLM2-360M,19,model.layers.19.mlp.down_proj,2560,0,0.1,6,0.23971354166666667,0.46855899999999995,0.37908053165617084,0.41204028812859267
SmolLM2-360M,19,model.layers.19.mlp.down_proj,2560,0,0.1,8,0.27161432549504955,0.5695327899999999,0.36550019327734184,0.41204028812859267
SmolLM2-360M,19,model.layers.19.mlp.down_proj,2560,0,0.2,1,0.20000000000000004,0.19999999999999996,2.775557561562891e-08,0.4122840741138184
SmolLM2-360M,19,model.layers.19.mlp.down_proj,2560,0,0.2,2,0.2840164811643835,0.3599999999999999,0.5251030072773972,0.4122840741138184
SmolLM2-360M,19,model.layers.19.mlp.down_proj,2560,0,0.2,3,0.34486979166666665,0.4879999999999999,0.5030201099537038,0.4122840741138184
SmolLM2-360M,19,model.layers.19.mlp.down_proj,2560,0,0.2,4,0.3925328462671906,0.5903999999999999,0.4931681512991563,0.4122840741138184
SmolLM2-360M,19,model.layers.19.mlp.down_proj,2560,0,0.2,6,0.46460182445759374,0.7378559999999998,0.49195662864706124,0.4122840741138184
SmolLM2-360M,19,model.layers.19.mlp.down_proj,2560,0,0.2,8,0.5192295792079208,0.8322278399999999,0.5049280639206284,0.4122840741138184
SmolLM2-360M,19,model.layers.19.mlp.down_proj,2560,0,0.3,1,0.29999999999999993,0.30000000000000004,-5.551115123125782e-08,0.43424744635216683
SmolLM2-360M,19,model.layers.19.mlp.down_proj,2560,0,0.3,2,0.41922165484344426,0.51,0.5677221659211631,0.43424744635216683
SmolLM2-360M,19,model.layers.19.mlp.down_proj,2560,0,0.3,3,0.5001011029411765,0.657,0.5605072911517548,0.43424744635216683
SmolLM2-360M,19,model.layers.19.mlp.down_proj,2560,0,0.3,4,0.5603657600687623,0.7599,0.5661355948440144,0.43424744635216683
SmolLM2-360M,19,model.layers.19.mlp.down_proj,2560,0,0.3,6,0.6460798816568047,0.882351,0.5942805655984187,0.43424744635216683
SmolLM2-360M,19,model.layers.19.mlp.down_proj,2560,0,0.3,8,0.705836943069307,0.94235199,0.631798374391752,0.43424744635216683
SmolLM2-360M,19,model.layers.19.mlp.down_proj,2560,0,0.5,1,0.5,0.5,0.0,0.5123491639656518
SmolLM2-360M,19,model.layers.19.mlp.down_proj,2560,0,0.5,2,0.6618838674168297,0.75,0.6475354696673188,0.5123491639656518
SmolLM2-360M,19,model.layers.19.mlp.down_proj,2560,0,0.5,3,0.7541145833333335,0.875,0.6776388888888892,0.5123491639656518
SmolLM2-360M,19,model.layers.19.mlp.down_proj,2560,0,0.5,4,0.8134132490176817,0.9375,0.716373140611844,0.5123491639656518
SmolLM2-360M,19,model.layers.19.mlp.down_proj,2560,0,0.5,6,0.8831854043392504,0.984375,0.7910924476681299,0.5123491639656518
SmolLM2-360M,19,model.layers.19.mlp.down_proj,2560,0,0.5,8,0.9217148824257427,0.99609375,0.8500709441022846,0.5123491639656518
SmolLM2-360M,20,model.layers.20.mlp.down_proj,2560,0,0.1,1,0.10000000000000002,0.09999999999999998,1.3877787807814455e-08,0.36570158552532356
SmolLM2-360M,20,model.layers.20.mlp.down_proj,2560,0,0.1,2,0.1468558891878669,0.18999999999999995,0.5206209909762992,0.36570158552532356
SmolLM2-360M,20,model.layers.20.mlp.down_proj,2560,0,0.1,3,0.18147058823529413,0.2709999999999999,0.47643618851049224,0.36570158552532356
SmolLM2-360M,20,model.layers.20.mlp.down_proj,2560,0,0.1,4,0.2095668590373281,0.3439,0.44922861433918865,0.36570158552532356
SmolLM2-360M,20,model.layers.20.mlp.down_proj,2560,0,0.1,6,0.2541766826923077,0.46855899999999995,0.4183229352486514,0.36570158552532356
SmolLM2-360M,20,model.layers.20.mlp.down_proj,2560,0,0.1,8,0.2902784653465346,0.5695327899999999,0.4052506436164653,0.36570158552532356
SmolLM2-360M,20,model.layers.20.mlp.down_proj,2560,0,0.2,1,0.20000000000000004,0.19999999999999996,2.775557561562891e-08,0.38264901744805224
SmolLM2-360M,20,model.layers.20.mlp.down_proj,2560,0,0.2,2,0.28993013087084146,0.3599999999999999,0.5620633179427595,0.38264901744805224
SmolLM2-360M,20,model.layers.20.mlp.down_proj,2560,0,0.2,3,0.3546806066176471,0.4879999999999999,0.5370854396446082,0.38264901744805224
SmolLM2-360M,20,model.layers.20.mlp.down_proj,2560,0,0.2,4,0.40548026154223965,0.5903999999999999,0.5263326371471303,0.38264901744805224
SmolLM2-360M,20,model.layers.20.mlp.down_proj,2560,0,0.2,6,0.4833618404832347,0.7378559999999998,0.5268358826214354,0.38264901744805224
SmolLM2-360M,20,model.layers.20.mlp.down_proj,2560,0,0.2,8,0.5429099628712871,0.8322278399999999,0.5423835224834249,0.38264901744805224
SmolLM2-360M,20,model.layers.20.mlp.down_proj,2560,0,0.3,1,0.29999999999999993,0.30000000000000004,-5.551115123125782e-08,0.4139444811414094
SmolLM2-360M,20,model.layers.20.mlp.down_proj,2560,0,0.3,2,0.42512460249510764,0.51,0.5958314404528935,0.4139444811414094
SmolLM2-360M,20,model.layers.20.mlp.down_proj,2560,0,0.3,3,0.5106686580882352,0.657,0.5901082859614433,0.4139444811414094
SmolLM2-360M,20,model.layers.20.mlp.down_proj,2560,0,0.3,4,0.5750015348722987,0.7599,0.597959414812565,0.4139444811414094
SmolLM2-360M,20,model.layers.20.mlp.down_proj,2560,0,0.3,6,0.6671089127218934,0.882351,0.6303911433515069,0.4139444811414094
SmolLM2-360M,20,model.layers.20.mlp.down_proj,2560,0,0.3,8,0.7314178527227724,0.94235199,0.6716221938111725,0.4139444811414094
SmolLM2-360M,20,model.layers.20.mlp.down_proj,2560,0,0.5,1,0.5,0.5,0.0,0.49420324507235136
SmolLM2-360M,20,model.layers.20.mlp.down_proj,2560,0,0.5,2,0.6697934503424657,0.75,0.6791738013698629,0.49420324507235136
SmolLM2-360M,20,model.layers.20.mlp.down_proj,2560,0,0.5,3,0.7664491421568628,0.875,0.7105310457516341,0.49420324507235136
SmolLM2-360M,20,model.layers.20.mlp.down_proj,2560,0,0.5,4,0.8278241650294695,0.9375,0.749312377210216,0.49420324507235136
SmolLM2-360M,20,model.layers.20.mlp.down_proj,2560,0,0.5,6,0.8985045303254439,0.984375,0.8227190303493035,0.49420324507235136
SmolLM2-360M,20,model.layers.20.mlp.down_proj,2560,0,0.5,8,0.9364511138613861,0.99609375,0.8797754736103531,0.49420324507235136
SmolLM2-360M,21,model.layers.21.mlp.down_proj,2560,0,0.1,1,0.10000000000000002,0.09999999999999998,1.3877787807814455e-08,0.3535456902805911
SmolLM2-360M,21,model.layers.21.mlp.down_proj,2560,0,0.1,2,0.1482402764187867,0.18999999999999995,0.5360030713198526,0.3535456902805911
SmolLM2-360M,21,model.layers.21.mlp.down_proj,2560,0,0.1,3,0.18454580269607843,0.2709999999999999,0.49441989880747644,0.3535456902805911
SmolLM2-360M,21,model.layers.21.mlp.down_proj,2560,0,0.1,4,0.21415689464636542,0.3439,0.46804794852958354,0.3535456902805911
SmolLM2-360M,21,model.layers.21.mlp.down_proj,2560,0,0.1,6,0.26126648791913215,0.46855899999999995,0.4375594895773327,0.3535456902805911
SmolLM2-360M,21,model.layers.21.mlp.down_proj,2560,0,0.1,8,0.2994314665841584,0.5695327899999999,0.42474449246485735,0.3535456902805911
SmolLM2-360M,21,model.layers.21.mlp.down_proj,2560,0,0.2,1,0.20000000000000004,0.19999999999999996,2.775557561562891e-08,0.36937713235396646
SmolLM2-360M,21,model.layers.21.mlp.down_proj,2560,0,0.2,2,0.29278757950097845,0.3599999999999999,0.5799223718811157,0.36937713235396646
SmolLM2-360M,21,model.layers.21.mlp.down_proj,2560,0,0.2,3,0.3599793198529412,0.4879999999999999,0.5554837494893793,0.36937713235396646
SmolLM2-360M,21,model.layers.21.mlp.down_proj,2560,0,0.2,4,0.4129573919449902,0.5903999999999999,0.5454851228099136,0.36937713235396646
SmolLM2-360M,21,model.layers.21.mlp.down_proj,2560,0,0.2,6,0.4943139792899408,0.7378559999999998,0.5471984681586537,0.36937713235396646
SmolLM2-360M,21,model.layers.21.mlp.down_proj,2560,0,0.2,8,0.5566375309405941,0.8322278399999999,0.5640965303593625,0.36937713235396646
SmolLM2-360M,21,model.layers.21.mlp.down_proj,2560,0,0.3,1,0.29999999999999993,0.30000000000000004,-5.551115123125782e-08,0.39676779603522994
SmolLM2-360M,21,model.layers.21.mlp.down_proj,2560,0,0.3,2,0.4303051614481409,0.51,0.620500768800671,0.39676779603522994
SmolLM2-360M,21,model.layers.21.mlp.down_proj,2560,0,0.3,3,0.5190196078431374,0.657,0.6135003020816173,0.39676779603522994
SmolLM2-360M,21,model.layers.21.mlp.down_proj,2560,0,0.3,4,0.5852475749017683,0.7599,0.6202382581034317,0.39676779603522994
SmolLM2-360M,21,model.layers.21.mlp.down_proj,2560,0,0.3,6,0.6801551713510848,0.882351,0.6527938843602652,0.39676779603522994
SmolLM2-360M,21,model.layers.21.mlp.down_proj,2560,0,0.3,8,0.7458655631188119,0.94235199,0.6941140839601226,0.39676779603522994
SmolLM2-360M,21,model.layers.21.mlp.down_proj,2560,0,0.5,1,0.5,0.5,0.0,0.48158474895378284
SmolLM2-360M,21,model.layers.21.mlp.down_proj,2560,0,0.5,2,0.6754624816536202,0.75,0.7018499266144809,0.48158474895378284
SmolLM2-360M,21,model.layers.21.mlp.down_proj,2560,0,0.5,3,0.7741858149509804,0.875,0.7311621732026143,0.48158474895378284
SmolLM2-360M,21,model.layers.21.mlp.down_proj,2560,0,0.5,4,0.8361270567288801,0.9375,0.7682904153802974,0.48158474895378284
SmolLM2-360M,21,model.layers.21.mlp.down_proj,2560,0,0.5,6,0.9060835798816568,0.984375,0.8383661004008398,0.48158474895378284
SmolLM2-360M,21,model.layers.21.mlp.down_proj,2560,0,0.5,8,0.9426771349009901,0.99609375,0.892325563264988,0.48158474895378284
SmolLM2-360M,22,model.layers.22.mlp.down_proj,2560,0,0.1,1,0.10000000000000002,0.09999999999999998,1.3877787807814455e-08,0.3856064253420102
SmolLM2-360M,22,model.layers.22.mlp.down_proj,2560,0,0.1,2,0.14484619618395303,0.18999999999999995,0.4982910687105895,0.3856064253420102
SmolLM2-360M,22,model.layers.22.mlp.down_proj,2560,0,0.1,3,0.1765686274509804,0.2709999999999999,0.4477697511753242,0.3856064253420102
SmolLM2-360M,22,model.layers.22.mlp.down_proj,2560,0,0.1,4,0.20137294327111982,0.3439,0.4156332237438287,0.3856064253420102
SmolLM2-360M,22,model.layers.22.mlp.down_proj,2560,0,0.1,6,0.23889993219921107,0.46855899999999995,0.37687298966844135,0.3856064253420102
SmolLM2-360M,22,model.layers.22.mlp.down_proj,2560,0,0.1,8,0.26800278465346533,0.5695327899999999,0.35780841771128563,0.3856064253420102
SmolLM2-360M,22,model.layers.22.mlp.down_proj,2560,0,0.2,1,0.20000000000000004,0.19999999999999996,2.775557561562891e-08,0.40854353630877666
SmolLM2-360M,22,model.layers.22.mlp.down_proj,2560,0,0.2,2,0.28473734099804304,0.3599999999999999,0.5296083812377694,0.40854353630877666
SmolLM2-360M,22,model.layers.22.mlp.down_proj,2560,0,0.2,3,0.3420917585784314,0.4879999999999999,0.49337416173066473,0.40854353630877666
SmolLM2-360M,22,model.layers.22.mlp.down_proj,2560,0,0.2,4,0.3863887524557957,0.5903999999999999,0.4774302060855423,0.40854353630877666
SmolLM2-360M,22,model.layers.22.mlp.down_proj,2560,0,0.2,6,0.45225591715976327,0.7378559999999998,0.46900270176360087,0.40854353630877666
SmolLM2-360M,22,model.layers.22.mlp.down_proj,2560,0,0.2,8,0.5016305693069306,0.8322278399999999,0.47709156450138396,0.40854353630877666
SmolLM2-360M,22,model.layers.22.mlp.down_proj,2560,0,0.3,1,0.29999999999999993,0.30000000000000004,-5.551115123125782e-08,0.4331969240731588
SmolLM2-360M,22,model.layers.22.mlp.down_proj,2560,0,0.3,2,0.4195121391878669,0.51,0.5691054247041281,0.4331969240731588
SmolLM2-360M,22,model.layers.22.mlp.down_proj,2560,0,0.3,3,0.4980070465686275,0.657,0.5546415870269678,0.4331969240731588
SmolLM2-360M,22,model.layers.22.mlp.down_proj,2560,0,0.3,4,0.5562952787328095,0.7599,0.5572847982883442,0.4331969240731588
SmolLM2-360M,22,model.layers.22.mlp.down_proj,2560,0,0.3,6,0.6385832716962525,0.882351,0.5814075560894589,0.4331969240731588
SmolLM2-360M,22,model.layers.22.mlp.down_proj,2560,0,0.3,8,0.6967233910891089,0.94235199,0.6176105893111794,0.4331969240731588
SmolLM2-360M,22,model.layers.22.mlp.down_proj,2560,0,0.5,1,0.5,0.5,0.0,0.5059680268625844
SmolLM2-360M,22,model.layers.22.mlp.down_proj,2560,0,0.5,2,0.6646587573385518,0.75,0.6586350293542074,0.5059680268625844
SmolLM2-360M,22,model.layers.22.mlp.down_proj,2560,0,0.5,3,0.7570496323529412,0.875,0.6854656862745099,0.5059680268625844
SmolLM2-360M,22,model.layers.22.mlp.down_proj,2560,0,0.5,4,0.8161668099214144,0.9375,0.7226669941060901,0.5059680268625844
SmolLM2-360M,22,model.layers.22.mlp.down_proj,2560,0,0.5,6,0.8856909516765287,0.984375,0.7962651905579947,0.5059680268625844
SmolLM2-360M,22,model.layers.22.mlp.down_proj,2560,0,0.5,8,0.9243340037128712,0.99609375,0.8553504326810633,0.5059680268625844
SmolLM2-360M,23,model.layers.23.mlp.down_proj,2560,0,0.1,1,0.10000000000000002,0.09999999999999998,1.3877787807814455e-08,0.3708941283266609
SmolLM2-360M,23,model.layers.23.mlp.down_proj,2560,0,0.1,2,0.14623364114481407,0.18999999999999995,0.5137071238312678,0.3708941283266609
SmolLM2-360M,23,model.layers.23.mlp.down_proj,2560,0,0.1,3,0.17952588848039217,0.2709999999999999,0.465063675323931,0.3708941283266609
SmolLM2-360M,23,model.layers.23.mlp.down_proj,2560,0,0.1,4,0.20595300221021612,0.3439,0.4344116531784179,0.3708941283266609
SmolLM2-360M,23,model.layers.23.mlp.down_proj,2560,0,0.1,6,0.24749060034516762,0.46855899999999995,0.4001817900123661,0.3708941283266609
SmolLM2-360M,23,model.layers.23.mlp.down_proj,2560,0,0.1,8,0.28037206064356435,0.5695327899999999,0.38415221361550567,0.3708941283266609
SmolLM2-360M,23,model.layers.23.mlp.down_proj,2560,0,0.2,1,0.20000000000000004,0.19999999999999996,2.775557561562891e-08,0.37314303952864186
SmolLM2-360M,23,model.layers.23.mlp.down_proj,2560,0,0.2,2,0.291818279109589,0.3599999999999999,0.5738642444349318,0.37314303952864186
SmolLM2-360M,23,model.layers.23.mlp.down_proj,2560,0,0.2,3,0.35631127450980393,0.4879999999999999,0.5427474809368195,0.37314303952864186
SmolLM2-360M,23,model.layers.23.mlp.down_proj,2560,0,0.2,4,0.4068639489194499,0.5903999999999999,0.5298769183387549,0.37314303952864186
SmolLM2-360M,23,model.layers.23.mlp.down_proj,2560,0,0.2,6,0.4841276812130177,0.7378559999999998,0.5282597595137318,0.37314303952864186
SmolLM2-360M,23,model.layers.23.mlp.down_proj,2560,0,0.2,8,0.5427490717821782,0.8322278399999999,0.5421290397179889,0.37314303952864186
SmolLM2-360M,23,model.layers.23.mlp.down_proj,2560,0,0.3,1,0.29999999999999993,0.30000000000000004,-5.551115123125782e-08,0.39538949086686076
SmolLM2-360M,23,model.layers.23.mlp.down_proj,2560,0,0.3,2,0.43054901541095886,0.51,0.6216619781474231,0.39538949086686076
SmolLM2-360M,23,model.layers.23.mlp.down_proj,2560,0,0.3,3,0.5177933517156863,0.657,0.6100654109683089,0.39538949086686076
SmolLM2-360M,23,model.layers.23.mlp.down_proj,2560,0,0.3,4,0.5825438973477406,0.7599,0.6143594201951307,0.39538949086686076
SmolLM2-360M,23,model.layers.23.mlp.down_proj,2560,0,0.3,6,0.6748081545857989,0.882351,0.6436121077937513,0.39538949086686076
SmolLM2-360M,23,model.layers.23.mlp.down_proj,2560,0,0.3,8,0.7385388304455446,0.94235199,0.6827079814068056,0.39538949086686076
SmolLM2-360M,23,model.layers.23.mlp.down_proj,2560,0,0.5,1,0.5,0.5,0.0,0.47643286878261354
SmolLM2-360M,23,model.layers.23.mlp.down_proj,2560,0,0.5,2,0.6777404904598826,0.75,0.7109619618395304,0.47643286878261354
SmolLM2-360M,23,model.layers.23.mlp.down_proj,2560,0,0.5,3,0.7758892463235294,0.875,0.7357046568627451,0.47643286878261354
SmolLM2-360M,23,model.layers.23.mlp.down_proj,2560,0,0.5,4,0.8372636296660116,0.9375,0.7708882963794552,0.47643286878261354
SmolLM2-360M,23,model.layers.23.mlp.down_proj,2560,0,0.5,6,0.9063555535009862,0.984375,0.8389275943246166,0.47643286878261354
SmolLM2-360M,23,model.layers.23.mlp.down_proj,2560,0,0.5,8,0.9420737933168316,0.99609375,0.8911093786544008,0.47643286878261354
SmolLM2-360M,24,model.layers.24.mlp.down_proj,2560,0,0.1,1,0.10000000000000002,0.09999999999999998,1.3877787807814455e-08,0.2775542023676681
SmolLM2-360M,24,model.layers.24.mlp.down_proj,2560,0,0.1,2,0.1567338857632094,0.18999999999999995,0.6303765084801048,0.2775542023676681
SmolLM2-360M,24,model.layers.24.mlp.down_proj,2560,0,0.1,3,0.19973115808823527,0.2709999999999999,0.5832231467148264,0.2775542023676681
SmolLM2-360M,24,model.layers.24.mlp.down_proj,2560,0,0.1,4,0.23498280943025537,0.3439,0.5534350530145772,0.2775542023676681
SmolLM2-360M,24,model.layers.24.mlp.down_proj,2560,0,0.1,6,0.29282775517751475,0.46855899999999995,0.5231937225180087,0.2775542023676681
SmolLM2-360M,24,model.layers.24.mlp.down_proj,2560,0,0.1,8,0.33971534653465346,0.5695327899999999,0.5105401617097999,0.2775542023676681
SmolLM2-360M,24,model.layers.24.mlp.down_proj,2560,0,0.2,1,0.20000000000000004,0.19999999999999996,2.775557561562891e-08,0.28601276219706384
SmolLM2-360M,24,model.layers.24.mlp.down_proj,2560,0,0.2,2,0.3112876100782778,0.3599999999999999,0.6955475629892369,0.28601276219706384
SmolLM2-360M,24,model.layers.24.mlp.down_proj,2560,0,0.2,3,0.39328661151960786,0.4879999999999999,0.6711340677764165,0.28601276219706384
SmolLM2-360M,24,model.layers.24.mlp.down_proj,2560,0,0.2,4,0.45777336075638503,0.5903999999999999,0.6602801248882815,0.28601276219706384
SmolLM2-360M,24,model.layers.24.mlp.down_proj,2560,0,0.2,6,0.5558609159270216,0.7378559999999998,0.6616286067776908,0.28601276219706384
SmolLM2-360M,24,model.layers.24.mlp.down_proj,2560,0,0.2,8,0.6280507425742574,0.8322278399999999,0.6770513974428229,0.28601276219706384
SmolLM2-360M,24,model.layers.24.mlp.down_proj,2560,0,0.3,1,0.29999999999999993,0.30000000000000004,-5.551115123125782e-08,0.31778426389707104
SmolLM2-360M,24,model.layers.24.mlp.down_proj,2560,0,0.3,2,0.4556040545499021,0.51,0.7409716883328672,0.31778426389707104
SmolLM2-360M,24,model.layers.24.mlp.down_proj,2560,0,0.3,3,0.5612699142156863,0.657,0.731848499203603,0.31778426389707104
SmolLM2-360M,24,model.layers.24.mlp.down_proj,2560,0,0.3,4,0.6382981335952848,0.7599,0.7355906362150135,0.31778426389707104
SmolLM2-360M,24,model.layers.24.mlp.down_proj,2560,0,0.3,6,0.7442947177021696,0.882351,0.7629328664365126,0.31778426389707104
SmolLM2-360M,24,model.layers.24.mlp.down_proj,2560,0,0.3,8,0.8124883972772278,0.94235199,0.7978311039049287,0.31778426389707104
SmolLM2-360M,24,model.layers.24.mlp.down_proj,2560,0,0.5,1,0.5,0.5,0.0,0.4232007886252341
SmolLM2-360M,24,model.layers.24.mlp.down_proj,2560,0,0.5,2,0.7028421599804305,0.75,0.8113686399217221,0.4232007886252341
SmolLM2-360M,24,model.layers.24.mlp.down_proj,2560,0,0.5,3,0.811164981617647,0.875,0.8297732843137254,0.4232007886252341
SmolLM2-360M,24,model.layers.24.mlp.down_proj,2560,0,0.5,4,0.8741742387033399,0.9375,0.8552554027504912,0.4232007886252341
SmolLM2-360M,24,model.layers.24.mlp.down_proj,2560,0,0.5,6,0.9392982618343195,0.984375,0.9069383470127887,0.4232007886252341
SmolLM2-360M,24,model.layers.24.mlp.down_proj,2560,0,0.5,8,0.9682797029702971,0.99609375,0.9439338894519375,0.4232007886252341
SmolLM2-360M,25,model.layers.25.mlp.down_proj,2560,0,0.1,1,0.10000000000000002,0.09999999999999998,1.3877787807814455e-08,0.2400227809887885
SmolLM2-360M,25,model.layers.25.mlp.down_proj,2560,0,0.1,2,0.161571978962818,0.18999999999999995,0.684133099586867,0.2400227809887885
SmolLM2-360M,25,model.layers.25.mlp.down_proj,2560,0,0.1,3,0.2082061887254902,0.2709999999999999,0.632784729388832,0.2400227809887885
SmolLM2-360M,25,model.layers.25.mlp.down_proj,2560,0,0.1,4,0.24633319007858545,0.3439,0.5999720790429908,0.2400227809887885
SmolLM2-360M,25,model.layers.25.mlp.down_proj,2560,0,0.1,6,0.30804517998027614,0.46855899999999995,0.564482701494947,0.2400227809887885
SmolLM2-360M,25,model.layers.25.mlp.down_proj,2560,0,0.1,8,0.35823638613861386,0.5695327899999999,0.5499858404747705,0.2400227809887885
SmolLM2-360M,25,model.layers.25.mlp.down_proj,2560,0,0.2,1,0.20000000000000004,0.19999999999999996,2.775557561562891e-08,0.26343853857332067
SmolLM2-360M,25,model.layers.25.mlp.down_proj,2560,0,0.2,2,0.3169314151174168,0.3599999999999999,0.7308213444838555,0.26343853857332067
SmolLM2-360M,25,model.layers.25.mlp.down_proj,2560,0,0.2,3,0.4024532781862745,0.4879999999999999,0.7029627714801201,0.26343853857332067
SmolLM2-360M,25,model.layers.25.mlp.down_proj,2560,0,0.2,4,0.46971159749508845,0.5903999999999999,0.6908596247312718,0.26343853857332067
SmolLM2-360M,25,model.layers.25.mlp.down_proj,2560,0,0.2,6,0.5728211291913216,0.7378559999999998,0.6931616068079962,0.26343853857332067
SmolLM2-360M,25,model.layers.25.mlp.down_proj,2560,0,0.2,8,0.6486455754950494,0.8322278399999999,0.7096264148934813,0.26343853857332067
SmolLM2-360M,25,model.layers.25.mlp.down_proj,2560,0,0.3,1,0.29999999999999993,0.30000000000000004,-5.551115123125782e-08,0.29933796608536
SmolLM2-360M,25,model.layers.25.mlp.down_proj,2560,0,0.3,2,0.4621491254892368,0.51,0.7721386928058895,0.29933796608536
SmolLM2-360M,25,model.layers.25.mlp.down_proj,2560,0,0.3,3,0.5717516850490195,0.657,0.7612092018179818,0.29933796608536
SmolLM2-360M,25,model.layers.25.mlp.down_proj,2560,0,0.3,4,0.6513890594302555,0.7599,0.7640553586219949,0.29933796608536
SmolLM2-360M,25,model.layers.25.mlp.down_proj,2560,0,0.3,6,0.7612464558678501,0.882351,0.7920420088019942,0.29933796608536
SmolLM2-360M,25,model.layers.25.mlp.down_proj,2560,0,0.3,8,0.8312879022277229,0.94235199,0.8270977758280514,0.29933796608536
SmolLM2-360M,25,model.layers.25.mlp.down_proj,2560,0,0.5,1,0.5,0.5,0.0,0.4086165716039272
SmolLM2-360M,25,model.layers.25.mlp.down_proj,2560,0,0.5,2,0.7101317881604697,0.75,0.8405271526418789,0.4086165716039272
SmolLM2-360M,25,model.layers.25.mlp.down_proj,2560,0,0.5,3,0.8208065257352941,0.875,0.855484068627451,0.4086165716039272
SmolLM2-360M,25,model.layers.25.mlp.down_proj,2560,0,0.5,4,0.8849759025049115,0.9375,0.8799449200112264,0.4086165716039272
SmolLM2-360M,25,model.layers.25.mlp.down_proj,2560,0,0.5,6,0.948843534270217,0.984375,0.9266447159127059,0.4086165716039272
SmolLM2-360M,25,model.layers.25.mlp.down_proj,2560,0,0.5,8,0.9759003712871287,0.99609375,0.9592952366102752,0.4086165716039272
SmolLM2-360M,26,model.layers.26.mlp.down_proj,2560,0,0.1,1,0.10000000000000002,0.09999999999999998,1.3877787807814455e-08,0.2032740510656815
SmolLM2-360M,26,model.layers.26.mlp.down_proj,2560,0,0.1,2,0.16641465875733852,0.18999999999999995,0.7379406528593173,0.2032740510656815
SmolLM2-360M,26,model.layers.26.mlp.down_proj,2560,0,0.1,3,0.21810508578431376,0.2709999999999999,0.690673016282537,0.2032740510656815
SmolLM2-360M,26,model.layers.26.mlp.down_proj,2560,0,0.1,4,0.2609942902750491,0.3439,0.660083190959611,0.2032740510656815
SmolLM2-360M,26,model.layers.26.mlp.down_proj,2560,0,0.1,6,0.33111979166666666,0.46855899999999995,0.6270903482662659,0.2032740510656815
SmolLM2-360M,26,model.layers.26.mlp.down_proj,2560,0,0.1,8,0.3874288366336634,0.5695327899999999,0.6121592416019835,0.2032740510656815
SmolLM2-360M,26,model.layers.26.mlp.down_proj,2560,0,0.2,1,0.20000000000000004,0.19999999999999996,2.775557561562891e-08,0.23560237008466592
SmolLM2-360M,26,model.layers.26.mlp.down_proj,2560,0,0.2,2,0.32401923312133074,0.3599999999999999,0.7751202070083177,0.23560237008466592
SmolLM2-360M,26,model.layers.26.mlp.down_proj,2560,0,0.2,3,0.4151570159313725,0.4879999999999999,0.7470729719839326,0.23560237008466592
SmolLM2-360M,26,model.layers.26.mlp.down_proj,2560,0,0.2,4,0.48694898084479366,0.5903999999999999,0.7350127583114593,0.23560237008466592
SmolLM2-360M,26,model.layers.26.mlp.down_proj,2560,0,0.2,6,0.5950628698224852,0.7378559999999998,0.7345142004969458,0.23560237008466592
SmolLM2-360M,26,model.layers.26.mlp.down_proj,2560,0,0.2,8,0.6737940903465347,0.8322278399999999,0.7494040286908826,0.23560237008466592
SmolLM2-360M,26,model.layers.26.mlp.down_proj,2560,0,0.3,1,0.29999999999999993,0.30000000000000004,-5.551115123125782e-08,0.27843176818921606
SmolLM2-360M,26,model.layers.26.mlp.down_proj,2560,0,0.3,2,0.4696268040606653,0.51,0.8077466860031681,0.27843176818921606
SmolLM2-360M,26,model.layers.26.mlp.down_proj,2560,0,0.3,3,0.5835776654411764,0.657,0.7943351973142195,0.27843176818921606
SmolLM2-360M,26,model.layers.26.mlp.down_proj,2560,0,0.3,4,0.6662450884086444,0.7599,0.7963580961266458,0.27843176818921606
SmolLM2-360M,26,model.layers.26.mlp.down_proj,2560,0,0.3,6,0.777576429980276,0.882351,0.820083471961542,0.27843176818921606
SmolLM2-360M,26,model.layers.26.mlp.down_proj,2560,0,0.3,8,0.8475007735148514,0.94235199,0.85233763114029,0.27843176818921606
SmolLM2-360M,26,model.layers.26.mlp.down_proj,2560,0,0.5,1,0.5,0.5,0.0,0.39840043389100127
SmolLM2-360M,26,model.layers.26.mlp.down_proj,2560,0,0.5,2,0.7152733610567514,0.75,0.8610934442270057,0.39840043389100127
SmolLM2-360M,26,model.layers.26.mlp.down_proj,2560,0,0.5,3,0.8273843443627451,0.875,0.8730249183006537,0.39840043389100127
SmolLM2-360M,26,model.layers.26.mlp.down_proj,2560,0,0.5,4,0.8910363457760315,0.9375,0.8937973617737863,0.39840043389100127
SmolLM2-360M,26,model.layers.26.mlp.down_proj,2560,0,0.5,6,0.9535241000986193,0.984375,0.9363078195584399,0.39840043389100127
SmolLM2-360M,26,model.layers.26.mlp.down_proj,2560,0,0.5,8,0.978879176980198,0.99609375,0.9652997583222889,0.39840043389100127
SmolLM2-360M,27,model.layers.27.mlp.down_proj,2560,0,0.1,1,0.10000000000000002,0.09999999999999998,1.3877787807814455e-08,0.2122637024648072
SmolLM2-360M,27,model.layers.27.mlp.down_proj,2560,0,0.1,2,0.16527259662426613,0.18999999999999995,0.7252510736029575,0.2122637024648072
SmolLM2-360M,27,model.layers.27.mlp.down_proj,2560,0,0.1,3,0.21525888480392158,0.2709999999999999,0.6740285661048049,0.2122637024648072
SmolLM2-360M,27,model.layers.27.mlp.down_proj,2560,0,0.1,4,0.25660685780943027,0.3439,0.6420945379640438,0.2122637024648072
SmolLM2-360M,27,model.layers.27.mlp.down_proj,2560,0,0.1,6,0.3248127773668639,0.46855899999999995,0.6099777169106274,0.2122637024648072
SmolLM2-360M,27,model.layers.27.mlp.down_proj,2560,0,0.1,8,0.3803960396039604,0.5695327899999999,0.5971809542927992,0.2122637024648072
SmolLM2-360M,27,model.layers.27.mlp.down_proj,2560,0,0.2,1,0.20000000000000004,0.19999999999999996,2.775557561562891e-08,0.2417997825844639
SmolLM2-360M,27,model.layers.27.mlp.down_proj,2560,0,0.2,2,0.322485781555773,0.3599999999999999,0.7655361347235818,0.2417997825844639
SmolLM2-360M,27,model.layers.27.mlp.down_proj,2560,0,0.2,3,0.4119194240196078,0.4879999999999999,0.7358313334014163,0.2417997825844639
SmolLM2-360M,27,model.layers.27.mlp.down_proj,2560,0,0.2,4,0.4829736615913557,0.5903999999999999,0.7248300757975301,0.2417997825844639
SmolLM2-360M,27,model.layers.27.mlp.down_proj,2560,0,0.2,6,0.5909216284516765,0.7378559999999998,0.726814664987797,0.2417997825844639
SmolLM2-360M,27,model.layers.27.mlp.down_proj,2560,0,0.2,8,0.6701771349009901,0.8322278399999999,0.743683060367905,0.2417997825844639
SmolLM2-360M,27,model.layers.27.mlp.down_proj,2560,0,0.3,1,0.29999999999999993,0.30000000000000004,-5.551115123125782e-08,0.28253598378643885
SmolLM2-360M,27,model.layers.27.mlp.down_proj,2560,0,0.3,2,0.468160622553816,0.51,0.8007648693038858,0.28253598378643885
SmolLM2-360M,27,model.layers.27.mlp.down_proj,2560,0,0.3,3,0.5815801164215687,0.657,0.7887398219091559,0.28253598378643885
SmolLM2-360M,27,model.layers.27.mlp.down_proj,2560,0,0.3,4,0.6645505893909627,0.7599,0.7926736016328825,0.28253598378643885
SmolLM2-360M,27,model.layers.27.mlp.down_proj,2560,0,0.3,6,0.7767404770710059,0.882351,0.8186479924839244,0.28253598378643885
SmolLM2-360M,27,model.layers.27.mlp.down_proj,2560,0,0.3,8,0.8468904702970297,0.94235199,0.8513875239913704,0.28253598378643885
SmolLM2-360M,27,model.layers.27.mlp.down_proj,2560,0,0.5,1,0.5,0.5,0.0,0.3986773373386904
SmolLM2-360M,27,model.layers.27.mlp.down_proj,2560,0,0.5,2,0.7151785714285713,0.75,0.8607142857142853,0.3986773373386904
SmolLM2-360M,27,model.layers.27.mlp.down_proj,2560,0,0.5,3,0.8279021139705882,0.875,0.874405637254902,0.3986773373386904
SmolLM2-360M,27,model.layers.27.mlp.down_proj,2560,0,0.5,4,0.8922542669449902,0.9375,0.896581181588549,0.3986773373386904
SmolLM2-360M,27,model.layers.27.mlp.down_proj,2560,0,0.5,6,0.9551967763806707,0.984375,0.9397610867213847,0.3986773373386904
SmolLM2-360M,27,model.layers.27.mlp.down_proj,2560,0,0.5,8,0.9801013304455446,0.99609375,0.9677633117642473,0.3986773373386904
SmolLM2-360M,28,model.layers.28.mlp.down_proj,2560,0,0.1,1,0.10000000000000002,0.09999999999999998,1.3877787807814455e-08,0.24864987466512803
SmolLM2-360M,28,model.layers.28.mlp.down_proj,2560,0,0.1,2,0.16038481531311155,0.18999999999999995,0.6709423923679065,0.24864987466512803
SmolLM2-360M,28,model.layers.28.mlp.down_proj,2560,0,0.1,3,0.2057751225490196,0.2709999999999999,0.618567968122922,0.24864987466512803
SmolLM2-360M,28,model.layers.28.mlp.down_proj,2560,0,0.1,4,0.24292961075638508,0.3439,0.5860172642738216,0.24864987466512803
SmolLM2-360M,28,model.layers.28.mlp.down_proj,2560,0,0.1,6,0.30317893244575933,0.46855899999999995,0.5512792590759128,0.24864987466512803
SmolLM2-360M,28,model.layers.28.mlp.down_proj,2560,0,0.1,8,0.35274288366336637,0.5695327899999999,0.5382859068551239,0.24864987466512803
SmolLM2-360M,28,model.layers.28.mlp.down_proj,2560,0,0.2,1,0.20000000000000004,0.19999999999999996,2.775557561562891e-08,0.26318239677953265
SmolLM2-360M,28,model.layers.28.mlp.down_proj,2560,0,0.2,2,0.3169352372798434,0.3599999999999999,0.7308452329990218,0.26318239677953265
SmolLM2-360M,28,model.layers.28.mlp.down_proj,2560,0,0.2,3,0.4022824754901961,0.4879999999999999,0.7023697065631811,0.26318239677953265
SmolLM2-360M,28,model.layers.28.mlp.down_proj,2560,0,0.2,4,0.4700999201866405,0.5903999999999999,0.6918543037567637,0.26318239677953265
SmolLM2-360M,28,model.layers.28.mlp.down_proj,2560,0,0.2,6,0.574087000739645,0.7378559999999998,0.6955151578482811,0.26318239677953265
SmolLM2-360M,28,model.layers.28.mlp.down_proj,2560,0,0.2,8,0.650626547029703,0.8322278399999999,0.7127597339429138,0.26318239677953265
SmolLM2-360M,28,model.layers.28.mlp.down_proj,2560,0,0.3,1,0.29999999999999993,0.30000000000000004,-5.551115123125782e-08,0.2976611959087874
SmolLM2-360M,28,model.layers.28.mlp.down_proj,2560,0,0.3,2,0.46269340141878673,0.51,0.7747304829466035,0.2976611959087874
SmolLM2-360M,28,model.layers.28.mlp.down_proj,2560,0,0.3,3,0.5727527573529412,0.657,0.7640133259186027,0.2976611959087874
SmolLM2-360M,28,model.layers.28.mlp.down_proj,2560,0,0.3,4,0.6537550650785854,0.7599,0.7691999675550889,0.2976611959087874
SmolLM2-360M,28,model.layers.28.mlp.down_proj,2560,0,0.3,6,0.764681182199211,0.882351,0.7979400433745473,0.2976611959087874
SmolLM2-360M,28,model.layers.28.mlp.down_proj,2560,0,0.3,8,0.8345830754950495,0.94235199,0.8322276319172756,0.2976611959087874
SmolLM2-360M,28,model.layers.28.mlp.down_proj,2560,0,0.5,1,0.5,0.5,0.0,0.40710000185171547
SmolLM2-360M,28,model.layers.28.mlp.down_proj,2560,0,0.5,2,0.7108809319960862,0.75,0.8435237279843446,0.40710000185171547
SmolLM2-360M,28,model.layers.28.mlp.down_proj,2560,0,0.5,3,0.8229702818627451,0.875,0.8612540849673204,0.40710000185171547
SmolLM2-360M,28,model.layers.28.mlp.down_proj,2560,0,0.5,4,0.8881408091846759,0.9375,0.8871789924221163,0.40710000185171547
SmolLM2-360M,28,model.layers.28.mlp.down_proj,2560,0,0.5,6,0.9520787105522683,0.984375,0.9333237895272637,0.40710000185171547
SmolLM2-360M,28,model.layers.28.mlp.down_proj,2560,0,0.5,8,0.9779409034653467,0.99609375,0.9634084353317225,0.40710000185171547
SmolLM2-360M,29,model.layers.29.mlp.down_proj,2560,0,0.1,1,0.10000000000000002,0.09999999999999998,1.3877787807814455e-08,0.2468821042035508
SmolLM2-360M,29,model.layers.29.mlp.down_proj,2560,0,0.1,2,0.1606363136007828,0.18999999999999995,0.6737368177864758,0.2468821042035508
SmolLM2-360M,29,model.layers.29.mlp.down_proj,2560,0,0.1,3,0.20588158700980394,0.2709999999999999,0.6191905673087953,0.2468821042035508
SmolLM2-360M,29,model.layers.29.mlp.down_proj,2560,0,0.1,4,0.24260114808447938,0.3439,0.584670553851904,0.2468821042035508
SmolLM2-360M,29,model.layers.29.mlp.down_proj,2560,0,0.1,6,0.30141303007889547,0.46855899999999995,0.5464878895343636,0.2468821042035508
SmolLM2-360M,29,model.layers.29.mlp.down_proj,2560,0,0.1,8,0.3491058168316831,0.5695327899999999,0.5305397666298943,0.2468821042035508
SmolLM2-360M,29,model.layers.29.mlp.down_proj,2560,0,0.2,1,0.20000000000000004,0.19999999999999996,2.775557561562891e-08,0.2787092181922629
SmolLM2-360M,29,model.layers.29.mlp.down_proj,2560,0,0.2,2,0.3131451810176125,0.3599999999999999,0.7071573813600788,0.2787092181922629
SmolLM2-360M,29,model.layers.29.mlp.down_proj,2560,0,0.2,3,0.3939713541666667,0.4879999999999999,0.6735116464120373,0.2787092181922629
SmolLM2-360M,29,model.layers.29.mlp.down_proj,2560,0,0.2,4,0.4566506016699411,0.5903999999999999,0.6574042050971853,0.2787092181922629
SmolLM2-360M,29,model.layers.29.mlp.down_proj,2560,0,0.2,6,0.5529262204142011,0.7378559999999998,0.6561723219861844,0.2787092181922629
SmolLM2-360M,29,model.layers.29.mlp.down_proj,2560,0,0.2,8,0.6246132425742574,0.8322278399999999,0.6716142752812934,0.2787092181922629
SmolLM2-360M,29,model.layers.29.mlp.down_proj,2560,0,0.3,1,0.29999999999999993,0.30000000000000004,-5.551115123125782e-08,0.3145390351447839
SmolLM2-360M,29,model.layers.29.mlp.down_proj,2560,0,0.3,2,0.45681185787671236,0.51,0.7467231327462494,0.3145390351447839
SmolLM2-360M,29,model.layers.29.mlp.down_proj,2560,0,0.3,3,0.5609911151960785,0.657,0.7310675495688472,0.3145390351447839
SmolLM2-360M,29,model.layers.29.mlp.down_proj,2560,0,0.3,4,0.6372643971021611,0.7599,0.7333428943295522,0.3145390351447839
SmolLM2-360M,29,model.layers.29.mlp.down_proj,2560,0,0.3,6,0.7434502896942801,0.882351,0.7614828337107347,0.3145390351447839
SmolLM2-360M,29,model.layers.29.mlp.down_proj,2560,0,0.3,8,0.812735922029703,0.94235199,0.7982164452074055,0.3145390351447839
SmolLM2-360M,29,model.layers.29.mlp.down_proj,2560,0,0.5,1,0.5,0.5,0.0,0.41751758329043953
SmolLM2-360M,29,model.layers.29.mlp.down_proj,2560,0,0.5,2,0.7057477678571429,0.75,0.8229910714285715,0.41751758329043953
SmolLM2-360M,29,model.layers.29.mlp.down_proj,2560,0,0.5,3,0.8144033394607844,0.875,0.8384089052287583,0.41751758329043953
SmolLM2-360M,29,model.layers.29.mlp.down_proj,2560,0,0.5,4,0.8786015778487231,0.9375,0.8653750350827956,0.41751758329043953
SmolLM2-360M,29,model.layers.29.mlp.down_proj,2560,0,0.5,6,0.9444418762327417,0.984375,0.9175574218998538,0.41751758329043953
SmolLM2-360M,29,model.layers.29.mlp.down_proj,2560,0,0.5,8,0.9728852103960397,0.99609375,0.9532174319794187,0.41751758329043953
SmolLM2-360M,30,model.layers.30.mlp.down_proj,2560,0,0.1,1,0.10000000000000002,0.09999999999999998,1.3877787807814455e-08,0.28079465202150417
SmolLM2-360M,30,model.layers.30.mlp.down_proj,2560,0,0.1,2,0.15639677103718197,0.18999999999999995,0.6266307893020222,0.28079465202150417
SmolLM2-360M,30,model.layers.30.mlp.down_proj,2560,0,0.1,3,0.1978622855392157,0.2709999999999999,0.5722940674807938,0.28079465202150417
SmolLM2-360M,30,model.layers.30.mlp.down_proj,2560,0,0.1,4,0.2309015839882122,0.3439,0.5367018613702838,0.28079465202150417
SmolLM2-360M,30,model.layers.30.mlp.down_proj,2560,0,0.1,6,0.2842948717948718,0.46855899999999995,0.5000417078266215,0.28079465202150417
SmolLM2-360M,30,model.layers.30.mlp.down_proj,2560,0,0.1,8,0.32655863242574257,0.5695327899999999,0.4825192984407811,0.28079465202150417
SmolLM2-360M,30,model.layers.30.mlp.down_proj,2560,0,0.2,1,0.20000000000000004,0.19999999999999996,2.775557561562891e-08,0.3166898419658233
SmolLM2-360M,30,model.layers.30.mlp.down_proj,2560,0,0.2,2,0.3041340508806262,0.3599999999999999,0.6508378180039144,0.3166898419658233
SmolLM2-360M,30,model.layers.30.mlp.down_proj,2560,0,0.2,3,0.3757261029411764,0.4879999999999999,0.6101600796568628,0.3166898419658233
SmolLM2-360M,30,model.layers.30.mlp.down_proj,2560,0,0.2,4,0.4302577050589391,0.5903999999999999,0.5897994494337581,0.3166898419658233
SmolLM2-360M,30,model.layers.30.mlp.down_proj,2560,0,0.2,6,0.5120369514299803,0.7378559999999998,0.5801496151943649,0.3166898419658233
SmolLM2-360M,30,model.layers.30.mlp.down_proj,2560,0,0.2,8,0.5728697400990099,0.8322278399999999,0.5897711497472335,0.3166898419658233
SmolLM2-360M,30,model.layers.30.mlp.down_proj,2560,0,0.3,1,0.29999999999999993,0.30000000000000004,-5.551115123125782e-08,0.352237738429482
SmolLM2-360M,30,model.layers.30.mlp.down_proj,2560,0,0.3,2,0.44413450954011735,0.51,0.6863548073338921,0.352237738429482
SmolLM2-360M,30,model.layers.30.mlp.down_proj,2560,0,0.3,3,0.5379986213235295,0.657,0.6666628048278137,0.352237738429482
SmolLM2-360M,30,model.layers.30.mlp.down_proj,2560,0,0.3,4,0.6058731888506876,0.7599,0.6650862988708146,0.352237738429482
SmolLM2-360M,30,model.layers.30.mlp.down_proj,2560,0,0.3,6,0.7003112672583827,0.882351,0.687405477552855,0.352237738429482
SmolLM2-360M,30,model.layers.30.mlp.down_proj,2560,0,0.3,8,0.7650688428217821,0.94235199,0.7240093438829107,0.352237738429482
SmolLM2-360M,30,model.layers.30.mlp.down_proj,2560,0,0.5,1,0.5,0.5,0.0,0.44366510549765675
SmolLM2-360M,30,model.layers.30.mlp.down_proj,2560,0,0.5,2,0.6930482509784734,0.75,0.7721930039138938,0.44366510549765675
SmolLM2-360M,30,model.layers.30.mlp.down_proj,2560,0,0.5,3,0.7974257046568627,0.875,0.7931352124183005,0.44366510549765675
SmolLM2-360M,30,model.layers.30.mlp.down_proj,2560,0,0.5,4,0.8602122728388999,0.9375,0.8233423379174855,0.44366510549765675
SmolLM2-360M,30,model.layers.30.mlp.down_proj,2560,0,0.5,6,0.9289378390039448,0.984375,0.885549086975886,0.44366510549765675
SmolLM2-360M,30,model.layers.30.mlp.down_proj,2560,0,0.5,8,0.9618022896039604,0.99609375,0.930877056209558,0.44366510549765675
SmolLM2-360M,31,model.layers.31.mlp.down_proj,2560,0,0.1,1,0.10000000000000002,0.09999999999999998,1.3877787807814455e-08,0.4091714240456235
SmolLM2-360M,31,model.layers.31.mlp.down_proj,2560,0,0.1,2,0.14222266389432486,0.18999999999999995,0.4691407099369432,0.4091714240456235
SmolLM2-360M,31,model.layers.31.mlp.down_proj,2560,0,0.1,3,0.17164751838235295,0.2709999999999999,0.4189913355693157,0.4091714240456235
SmolLM2-360M,31,model.layers.31.mlp.down_proj,2560,0,0.1,4,0.19450515717092337,0.3439,0.3874750191509773,0.4091714240456235
SmolLM2-360M,31,model.layers.31.mlp.down_proj,2560,0,0.1,6,0.2305789262820513,0.46855899999999995,0.3542958557030253,0.4091714240456235
SmolLM2-360M,31,model.layers.31.mlp.down_proj,2560,0,0.1,8,0.2595915841584158,0.5695327899999999,0.33989443880674625,0.4091714240456235
SmolLM2-360M,31,model.layers.31.mlp.down_proj,2560,0,0.2,1,0.20000000000000004,0.19999999999999996,2.775557561562891e-08,0.40092955997307483
SmolLM2-360M,31,model.layers.31.mlp.down_proj,2560,0,0.2,2,0.28602388087084146,0.3599999999999999,0.5376492554427595,0.40092955997307483
SmolLM2-360M,31,model.layers.31.mlp.down_proj,2560,0,0.2,3,0.3427627144607843,0.4879999999999999,0.49570386965550134,0.40092955997307483
SmolLM2-360M,31,model.layers.31.mlp.down_proj,2560,0,0.2,4,0.38540643418467585,0.5903999999999999,0.47491402198943616,0.40092955997307483
SmolLM2-360M,31,model.layers.31.mlp.down_proj,2560,0,0.2,6,0.4492079635108482,0.7378559999999998,0.46333584362886765,0.40092955997307483
SmolLM2-360M,31,model.layers.31.mlp.down_proj,2560,0,0.2,8,0.49733678836633666,0.8322278399999999,0.4703000556988074,0.40092955997307483
SmolLM2-360M,31,model.layers.31.mlp.down_proj,2560,0,0.3,1,0.29999999999999993,0.30000000000000004,-5.551115123125782e-08,0.4281394481557623
SmolLM2-360M,31,model.layers.31.mlp.down_proj,2560,0,0.3,2,0.4206465569960861,0.51,0.5745074142670767,0.4281394481557623
SmolLM2-360M,31,model.layers.31.mlp.down_proj,2560,0,0.3,3,0.49673406862745095,0.657,0.551075822485857,0.4281394481557623
SmolLM2-360M,31,model.layers.31.mlp.down_proj,2560,0,0.3,4,0.5515018725442042,0.7599,0.5468620842448451,0.4281394481557623
SmolLM2-360M,31,model.layers.31.mlp.down_proj,2560,0,0.3,6,0.6299502280571992,0.882351,0.5665830883044748,0.4281394481557623
SmolLM2-360M,31,model.layers.31.mlp.down_proj,2560,0,0.3,8,0.685648978960396,0.94235199,0.6003701786000476,0.4281394481557623
SmolLM2-360M,31,model.layers.31.mlp.down_proj,2560,0,0.5,1,0.5,0.5,0.0,0.4994720240314567
SmolLM2-360M,31,model.layers.31.mlp.down_proj,2560,0,0.5,2,0.6672318370841488,0.75,0.6689273483365952,0.4994720240314567
SmolLM2-360M,31,model.layers.31.mlp.down_proj,2560,0,0.5,3,0.7586971507352941,0.875,0.6898590686274509,0.4994720240314567
SmolLM2-360M,31,model.layers.31.mlp.down_proj,2560,0,0.5,4,0.8172128253929274,0.9375,0.7250578866124054,0.4994720240314567
SmolLM2-360M,31,model.layers.31.mlp.down_proj,2560,0,0.5,6,0.8877211230276134,0.984375,0.8004565120570083,0.4994720240314567
SmolLM2-360M,31,model.layers.31.mlp.down_proj,2560,0,0.5,8,0.9275456373762376,0.99609375,0.8618242769158806,0.4994720240314567
SmolLM2-360M,0,model.layers.0.mlp.down_proj,2560,1,0.1,1,0.10000000000000002,0.09999999999999998,1.3877787807814455e-08,0.10310431832700763
SmolLM2-360M,0,model.layers.0.mlp.down_proj,2560,1,0.1,2,0.18191734955968686,0.18999999999999995,0.9101927728854101,0.10310431832700763
SmolLM2-360M,0,model.layers.0.mlp.down_proj,2560,1,0.1,3,0.2522510723039215,0.2709999999999999,0.8903571479761497,0.10310431832700763
SmolLM2-360M,0,model.layers.0.mlp.down_proj,2560,1,0.1,4,0.3154891638015717,0.3439,0.8835144067305114,0.10310431832700763
SmolLM2-360M,0,model.layers.0.mlp.down_proj,2560,1,0.1,6,0.41737626356015783,0.46855899999999995,0.861127427522209,0.10310431832700763
SmolLM2-360M,0,model.layers.0.mlp.down_proj,2560,1,0.1,8,0.4984336324257425,0.5695327899999999,0.8485746702072555,0.10310431832700763
SmolLM2-360M,0,model.layers.0.mlp.down_proj,2560,1,0.2,1,0.20000000000000004,0.19999999999999996,2.775557561562891e-08,0.14634748058568
SmolLM2-360M,0,model.layers.0.mlp.down_proj,2560,1,0.2,2,0.3495421049412916,0.3599999999999999,0.9346381558830733,0.14634748058568
SmolLM2-360M,0,model.layers.0.mlp.down_proj,2560,1,0.2,3,0.46563648897058824,0.4879999999999999,0.922348920036765,0.14634748058568
SmolLM2-360M,0,model.layers.0.mlp.down_proj,2560,1,0.2,4,0.5599406004420432,0.5903999999999999,0.9219789970339223,0.14634748058568
SmolLM2-360M,0,model.layers.0.mlp.down_proj,2560,1,0.2,6,0.6905787721893492,0.7378559999999998,0.9121005848951192,0.14634748058568
SmolLM2-360M,0,model.layers.0.mlp.down_proj,2560,1,0.2,8,0.7759452351485148,0.8322278399999999,0.9109773387209822,0.14634748058568
SmolLM2-360M,0,model.layers.0.mlp.down_proj,2560,1,0.3,1,0.29999999999999993,0.30000000000000004,-5.551115123125782e-08,0.20218929678683883
SmolLM2-360M,0,model.layers.0.mlp.down_proj,2560,1,0.3,2,0.4996957558708415,0.51,0.9509321708135308,0.20218929678683883
SmolLM2-360M,0,model.layers.0.mlp.down_proj,2560,1,0.3,3,0.6362645526960784,0.657,0.9419175145548414,0.20218929678683883
SmolLM2-360M,0,model.layers.0.mlp.down_proj,2560,1,0.3,4,0.7341509086444007,0.7599,0.9440115430406625,0.20218929678683883
SmolLM2-360M,0,model.layers.0.mlp.down_proj,2560,1,0.3,6,0.8505824704142011,0.882351,0.9454477976584585,0.20218929678683883
SmolLM2-360M,0,model.layers.0.mlp.down_proj,2560,1,0.3,8,0.9121426361386138,0.94235199,0.9529707164737105,0.20218929678683883
SmolLM2-360M,0,model.layers.0.mlp.down_proj,2560,1,0.5,1,0.5,0.5,0.0,0.34774215497752997
SmolLM2-360M,0,model.layers.0.mlp.down_proj,2560,1,0.5,2,0.742336564334638,0.75,0.9693462573385521,0.34774215497752997
SmolLM2-360M,0,model.layers.0.mlp.down_proj,2560,1,0.5,3,0.8630346200980391,0.875,0.9680923202614377,0.34774215497752997
SmolLM2-360M,0,model.layers.0.mlp.down_proj,2560,1,0.5,4,0.9260943639489194,0.9375,0.9739299747403872,0.34774215497752997
SmolLM2-360M,0,model.layers.0.mlp.down_proj,2560,1,0.5,6,0.9763822115384615,0.984375,0.9834987593052108,0.34774215497752997
SmolLM2-360M,0,model.layers.0.mlp.down_proj,2560,1,0.5,8,0.9917009591584159,0.99609375,0.991145240508303,0.34774215497752997
SmolLM2-360M,1,model.layers.1.mlp.down_proj,2560,1,0.1,1,0.10000000000000002,0.09999999999999998,1.3877787807814455e-08,0.08692554659841696
SmolLM2-360M,1,model.layers.1.mlp.down_proj,2560,1,0.1,2,0.1840715203033268,0.18999999999999995,0.9341280033702983,0.08692554659841696
SmolLM2-360M,1,model.layers.1.mlp.down_proj,2560,1,0.1,3,0.25738434436274515,0.2709999999999999,0.9203762828230716,0.08692554659841696
SmolLM2-360M,1,model.layers.1.mlp.down_proj,2560,1,0.1,4,0.3219179764243615,0.3439,0.9098728020679028,0.08692554659841696
SmolLM2-360M,1,model.layers.1.mlp.down_proj,2560,1,0.1,6,0.4300295857988165,0.46855899999999995,0.8954593044772112,0.08692554659841696
SmolLM2-360M,1,model.layers.1.mlp.down_proj,2560,1,0.1,8,0.5185473391089109,0.5695327899999999,0.8914123742218536,0.08692554659841696
SmolLM2-360M,1,model.layers.1.mlp.down_proj,2560,1,0.2,1,0.20000000000000004,0.19999999999999996,2.775557561562891e-08,0.1347522985763886
SmolLM2-360M,1,model.layers.1.mlp.down_proj,2560,1,0.2,2,0.3525562622309198,0.3599999999999999,0.9534766389432494,0.1347522985763886
SmolLM2-360M,1,model.layers.1.mlp.down_proj,2560,1,0.2,3,0.4727175245098039,0.4879999999999999,0.9469358489923752,0.1347522985763886
SmolLM2-360M,1,model.layers.1.mlp.down_proj,2560,1,0.2,4,0.5681820972495087,0.5903999999999999,0.9430893884464877,0.1347522985763886
SmolLM2-360M,1,model.layers.1.mlp.down_proj,2560,1,0.2,6,0.7056490384615384,0.7378559999999998,0.9401197317898071,0.1347522985763886
SmolLM2-360M,1,model.layers.1.mlp.down_proj,2560,1,0.2,8,0.7986741955445545,0.8322278399999999,0.9469279232381709,0.1347522985763886
SmolLM2-360M,1,model.layers.1.mlp.down_proj,2560,1,0.3,1,0.29999999999999993,0.30000000000000004,-5.551115123125782e-08,0.19565180544010594
SmolLM2-360M,1,model.layers.1.mlp.down_proj,2560,1,0.3,2,0.5018705662915851,0.51,0.96128841091231,0.19565180544010594
SmolLM2-360M,1,model.layers.1.mlp.down_proj,2560,1,0.3,3,0.642765012254902,0.657,0.9601260847476246,0.19565180544010594
SmolLM2-360M,1,model.layers.1.mlp.down_proj,2560,1,0.3,4,0.7417945726915521,0.7599,0.9606318171157906,0.19565180544010594
SmolLM2-360M,1,model.layers.1.mlp.down_proj,2560,1,0.3,6,0.8621748643984221,0.882351,0.965353995096466,0.19565180544010594
SmolLM2-360M,1,model.layers.1.mlp.down_proj,2560,1,0.3,8,0.9261757425742574,0.94235199,0.9748171599410118,0.19565180544010594
SmolLM2-360M,1,model.layers.1.mlp.down_proj,2560,1,0.5,1,0.5,0.5,0.0,0.34458913961260873
SmolLM2-360M,1,model.layers.1.mlp.down_proj,2560,1,0.5,2,0.7437721685420744,0.75,0.9750886741682976,0.34458913961260873
SmolLM2-360M,1,model.layers.1.mlp.down_proj,2560,1,0.5,3,0.8672755821078432,0.875,0.9794015522875817,0.34458913961260873
SmolLM2-360M,1,model.layers.1.mlp.down_proj,2560,1,0.5,4,0.9300320788310412,0.9375,0.9829304658995228,0.34458913961260873
SmolLM2-360M,1,model.layers.1.mlp.down_proj,2560,1,0.5,6,0.9796620747041419,0.984375,0.9902700897117769,0.34458913961260873
SmolLM2-360M,1,model.layers.1.mlp.down_proj,2560,1,0.5,8,0.9940408415841585,0.99609375,0.9958618539019258,0.34458913961260873
SmolLM2-360M,2,model.layers.2.mlp.down_proj,2560,1,0.1,1,0.10000000000000002,0.09999999999999998,1.3877787807814455e-08,0.09857649059723213
SmolLM2-360M,2,model.layers.2.mlp.down_proj,2560,1,0.1,2,0.18212298189823872,0.18999999999999995,0.9124775766470975,0.09857649059723213
SmolLM2-360M,2,model.layers.2.mlp.down_proj,2560,1,0.1,3,0.25362745098039213,0.2709999999999999,0.898406146084165,0.09857649059723213
SmolLM2-360M,2,model.layers.2.mlp.down_proj,2560,1,0.1,4,0.3157239992632613,0.3439,0.8844772417517888,0.09857649059723213
SmolLM2-360M,2,model.layers.2.mlp.down_proj,2560,1,0.1,6,0.4193987302761341,0.46855899999999995,0.8666149253610252,0.09857649059723213
SmolLM2-360M,2,model.layers.2.mlp.down_proj,2560,1,0.1,8,0.5043610767326733,0.5695327899999999,0.8611988030328476,0.09857649059723213
SmolLM2-360M,2,model.layers.2.mlp.down_proj,2560,1,0.2,1,0.20000000000000004,0.19999999999999996,2.775557561562891e-08,0.1513653911417612
SmolLM2-360M,2,model.layers.2.mlp.down_proj,2560,1,0.2,2,0.3475217098825832,0.3599999999999999,0.9220106867661456,0.1513653911417612
SmolLM2-360M,2,model.layers.2.mlp.down_proj,2560,1,0.2,3,0.46303462009803925,0.4879999999999999,0.9133146531181923,0.1513653911417612
SmolLM2-360M,2,model.layers.2.mlp.down_proj,2560,1,0.2,4,0.5543022470530451,0.5903999999999999,0.9075364934760378,0.1513653911417612
SmolLM2-360M,2,model.layers.2.mlp.down_proj,2560,1,0.2,6,0.6861493774654832,0.7378559999999998,0.9038653049617059,0.1513653911417612
SmolLM2-360M,2,model.layers.2.mlp.down_proj,2560,1,0.2,8,0.7757735148514852,0.8322278399999999,0.9107057273078725,0.1513653911417612
SmolLM2-360M,2,model.layers.2.mlp.down_proj,2560,1,0.3,1,0.29999999999999993,0.30000000000000004,-5.551115123125782e-08,0.21163191110895851
SmolLM2-360M,2,model.layers.2.mlp.down_proj,2560,1,0.3,2,0.495291095890411,0.51,0.9299575994781475,0.21163191110895851
SmolLM2-360M,2,model.layers.2.mlp.down_proj,2560,1,0.3,3,0.630998774509804,0.657,0.9271674356016919,0.21163191110895851
SmolLM2-360M,2,model.layers.2.mlp.down_proj,2560,1,0.3,4,0.7269584970530453,0.7599,0.9283724658687655,0.21163191110895851
SmolLM2-360M,2,model.layers.2.mlp.down_proj,2560,1,0.3,6,0.845413430719921,0.882351,0.9365716393033083,0.21163191110895851
SmolLM2-360M,2,model.layers.2.mlp.down_proj,2560,1,0.3,8,0.9100672957920792,0.94235199,0.9497398704907556,0.21163191110895851
SmolLM2-360M,2,model.layers.2.mlp.down_proj,2560,1,0.5,1,0.5,0.5,0.0,0.3589375952081625
SmolLM2-360M,2,model.layers.2.mlp.down_proj,2560,1,0.5,2,0.7359306201076321,0.75,0.9437224804305284,0.3589375952081625
SmolLM2-360M,2,model.layers.2.mlp.down_proj,2560,1,0.5,3,0.8565073529411765,0.875,0.950686274509804,0.3589375952081625
SmolLM2-360M,2,model.layers.2.mlp.down_proj,2560,1,0.5,4,0.9201444314833006,0.9375,0.9603301291046871,0.3589375952081625
SmolLM2-360M,2,model.layers.2.mlp.down_proj,2560,1,0.5,6,0.9739729721400394,0.984375,0.9785248457084684,0.3589375952081625
SmolLM2-360M,2,model.layers.2.mlp.down_proj,2560,1,0.5,8,0.9909142945544555,0.99609375,0.989559522881422,0.3589375952081625
SmolLM2-360M,3,model.layers.3.mlp.down_proj,2560,1,0.1,1,0.10000000000000002,0.09999999999999998,1.3877787807814455e-08,0.08870662696949325
SmolLM2-360M,3,model.layers.3.mlp.down_proj,2560,1,0.1,2,0.18377033390410957,0.18999999999999995,0.9307814878234403,0.08870662696949325
SmolLM2-360M,3,model.layers.3.mlp.down_proj,2560,1,0.1,3,0.2570327818627451,0.2709999999999999,0.9183203617704396,0.08870662696949325
SmolLM2-360M,3,model.layers.3.mlp.down_proj,2560,1,0.1,4,0.32133242264243617,0.3439,0.9074720075540639,0.08870662696949325
SmolLM2-360M,3,model.layers.3.mlp.down_proj,2560,1,0.1,6,0.42917205991124263,0.46855899999999995,0.8931326053935534,0.08870662696949325
SmolLM2-360M,3,model.layers.3.mlp.down_proj,2560,1,0.1,8,0.516379176980198,0.5695327899999999,0.8867946730199568,0.08870662696949325
SmolLM2-360M,3,model.layers.3.mlp.down_proj,2560,1,0.2,1,0.20000000000000004,0.19999999999999996,2.775557561562891e-08,0.14227114185944922
SmolLM2-360M,3,model.layers.3.mlp.down_proj,2560,1,0.2,2,0.3502599070450098,0.3599999999999999,0.939124419031312,0.14227114185944922
SmolLM2-360M,3,model.layers.3.mlp.down_proj,2560,1,0.2,3,0.4685592830882353,0.4879999999999999,0.9324975107230397,0.14227114185944922
SmolLM2-360M,3,model.layers.3.mlp.down_proj,2560,1,0.2,4,0.5623833497053046,0.5903999999999999,0.9282360392041614,0.14227114185944922
SmolLM2-360M,3,model.layers.3.mlp.down_proj,2560,1,0.2,6,0.6978573409763313,0.7378559999999998,0.9256331452588266,0.14227114185944922
SmolLM2-360M,3,model.layers.3.mlp.down_proj,2560,1,0.2,8,0.7873352413366337,0.8322278399999999,0.9289930056490929,0.14227114185944922
SmolLM2-360M,3,model.layers.3.mlp.down_proj,2560,1,0.3,1,0.29999999999999993,0.30000000000000004,-5.551115123125782e-08,0.20495327081979586
SmolLM2-360M,3,model.layers.3.mlp.down_proj,2560,1,0.3,2,0.4980262353228963,0.51,0.9429820729661729,0.20495327081979586
SmolLM2-360M,3,model.layers.3.mlp.down_proj,2560,1,0.3,3,0.6356862745098039,0.657,0.9402976877025317,0.20495327081979586
SmolLM2-360M,3,model.layers.3.mlp.down_proj,2560,1,0.3,4,0.7323474336935166,0.7599,0.9400900928321735,0.20495327081979586
SmolLM2-360M,3,model.layers.3.mlp.down_proj,2560,1,0.3,6,0.8511842024161737,0.882351,0.9464810782778319,0.20495327081979586
SmolLM2-360M,3,model.layers.3.mlp.down_proj,2560,1,0.3,8,0.9138335396039604,0.94235199,0.9556030792462562,0.20495327081979586
SmolLM2-360M,3,model.layers.3.mlp.down_proj,2560,1,0.5,1,0.5,0.5,0.0,0.3544828195375521
SmolLM2-360M,3,model.layers.3.mlp.down_proj,2560,1,0.5,2,0.7383469911937378,0.75,0.9533879647749512,0.3544828195375521
SmolLM2-360M,3,model.layers.3.mlp.down_proj,2560,1,0.5,3,0.860125612745098,0.875,0.9603349673202614,0.3544828195375521
SmolLM2-360M,3,model.layers.3.mlp.down_proj,2560,1,0.5,4,0.9239624263261297,0.9375,0.9690569744597249,0.3544828195375521
SmolLM2-360M,3,model.layers.3.mlp.down_proj,2560,1,0.5,6,0.9764893059664694,0.984375,0.9837198574791627,0.3544828195375521
SmolLM2-360M,3,model.layers.3.mlp.down_proj,2560,1,0.5,8,0.9926284034653465,0.99609375,0.9930147345443205,0.3544828195375521
SmolLM2-360M,4,model.layers.4.mlp.down_proj,2560,1,0.1,1,0.10000000000000002,0.09999999999999998,1.3877787807814455e-08,0.08747245654592879
SmolLM2-360M,4,model.layers.4.mlp.down_proj,2560,1,0.1,2,0.18396985078277886,0.18999999999999995,0.9329983420308767,0.08747245654592879
SmolLM2-360M,4,model.layers.4.mlp.down_proj,2560,1,0.1,3,0.2570795036764706,0.2709999999999999,0.9185935887512905,0.08747245654592879
SmolLM2-360M,4,model.layers.4.mlp.down_proj,2560,1,0.1,4,0.32142681728880157,0.3439,0.9078590294743812,0.08747245654592879
SmolLM2-360M,4,model.layers.4.mlp.down_proj,2560,1,0.1,6,0.4298439040927022,0.46855899999999995,0.8949554999137239,0.08747245654592879
SmolLM2-360M,4,model.layers.4.mlp.down_proj,2560,1,0.1,8,0.5172284962871286,0.5695327899999999,0.8886035334979028,0.08747245654592879
SmolLM2-360M,4,model.layers.4.mlp.down_proj,2560,1,0.2,1,0.20000000000000004,0.19999999999999996,2.775557561562891e-08,0.14344073991933645
SmolLM2-360M,4,model.layers.4.mlp.down_proj,2560,1,0.2,2,0.3499128546966732,0.3599999999999999,0.9369553418542084,0.14344073991933645
SmolLM2-360M,4,model.layers.4.mlp.down_proj,2560,1,0.2,3,0.4668895526960784,0.4879999999999999,0.9266998357502726,0.14344073991933645
SmolLM2-360M,4,model.layers.4.mlp.down_proj,2560,1,0.2,4,0.5596482072691553,0.5903999999999999,0.9212300391115661,0.14344073991933645
SmolLM2-360M,4,model.layers.4.mlp.down_proj,2560,1,0.2,6,0.6946129191321498,0.7378559999999998,0.9196010068348218,0.14344073991933645
SmolLM2-360M,4,model.layers.4.mlp.down_proj,2560,1,0.2,8,0.7851106126237625,0.8322278399999999,0.9254742920270049,0.14344073991933645
SmolLM2-360M,4,model.layers.4.mlp.down_proj,2560,1,0.3,1,0.29999999999999993,0.30000000000000004,-5.551115123125782e-08,0.20555164027029807
SmolLM2-360M,4,model.layers.4.mlp.down_proj,2560,1,0.3,2,0.49778238136007835,0.51,0.9418208636194206,0.20555164027029807
SmolLM2-360M,4,model.layers.4.mlp.down_proj,2560,1,0.3,3,0.6343681066176471,0.657,0.936605340665678,0.20555164027029807
SmolLM2-360M,4,model.layers.4.mlp.down_proj,2560,1,0.3,4,0.7308747237229863,0.7599,0.936887853278944,0.20555164027029807
SmolLM2-360M,4,model.layers.4.mlp.down_proj,2560,1,0.3,6,0.8508251664201184,0.882351,0.9458645497648641,0.20555164027029807
SmolLM2-360M,4,model.layers.4.mlp.down_proj,2560,1,0.3,8,0.9156164913366336,0.94235199,0.95837874081566,0.20555164027029807
SmolLM2-360M,4,model.layers.4.mlp.down_proj,2560,1,0.5,1,0.5,0.5,0.0,0.354988985279378
SmolLM2-360M,4,model.layers.4.mlp.down_proj,2560,1,0.5,2,0.7380779109589041,0.75,0.9523116438356163,0.354988985279378
SmolLM2-360M,4,model.layers.4.mlp.down_proj,2560,1,0.5,3,0.8589491421568627,0.875,0.9571977124183005,0.354988985279378
SmolLM2-360M,4,model.layers.4.mlp.down_proj,2560,1,0.5,4,0.9219417669449903,0.9375,0.9644383244456921,0.354988985279378
SmolLM2-360M,4,model.layers.4.mlp.down_proj,2560,1,0.5,6,0.9743543515779092,0.984375,0.9793122097092318,0.354988985279378
SmolLM2-360M,4,model.layers.4.mlp.down_proj,2560,1,0.5,8,0.9909065594059405,0.99609375,0.9895439307710298,0.354988985279378
SmolLM2-360M,5,model.layers.5.mlp.down_proj,2560,1,0.1,1,0.10000000000000002,0.09999999999999998,1.3877787807814455e-08,0.0963525625910122
SmolLM2-360M,5,model.layers.5.mlp.down_proj,2560,1,0.1,2,0.18253118884540118,0.18999999999999995,0.917013209393347,0.0963525625910122
SmolLM2-360M,5,model.layers.5.mlp.down_proj,2560,1,0.1,3,0.25447227328431365,0.2709999999999999,0.9033466273936476,0.0963525625910122
SmolLM2-360M,5,model.layers.5.mlp.down_proj,2560,1,0.1,4,0.3176709847740668,0.3439,0.8924599621732957,0.0963525625910122
SmolLM2-360M,5,model.layers.5.mlp.down_proj,2560,1,0.1,6,0.4238782051282051,0.46855899999999995,0.8787689491457409,0.0963525625910122
SmolLM2-360M,5,model.layers.5.mlp.down_proj,2560,1,0.1,8,0.5091042698019802,0.5695327899999999,0.8713007451555839,0.0963525625910122
SmolLM2-360M,5,model.layers.5.mlp.down_proj,2560,1,0.2,1,0.20000000000000004,0.19999999999999996,2.775557561562891e-08,0.15160904619916457
SmolLM2-360M,5,model.layers.5.mlp.down_proj,2560,1,0.2,2,0.34747813723091975,0.3599999999999999,0.9217383576932492,0.15160904619916457
SmolLM2-360M,5,model.layers.5.mlp.down_proj,2560,1,0.2,3,0.4636772365196078,0.4879999999999999,0.9155459601375274,0.15160904619916457
SmolLM2-360M,5,model.layers.5.mlp.down_proj,2560,1,0.2,4,0.5557442595776031,0.5903999999999999,0.9112301730983687,0.15160904619916457
SmolLM2-360M,5,model.layers.5.mlp.down_proj,2560,1,0.2,6,0.6893545056706113,0.7378559999999998,0.9098243873278561,0.15160904619916457
SmolLM2-360M,5,model.layers.5.mlp.down_proj,2560,1,0.2,8,0.7789093440594059,0.8322278399999999,0.9156656942842094,0.15160904619916457
SmolLM2-360M,5,model.layers.5.mlp.down_proj,2560,1,0.3,1,0.29999999999999993,0.30000000000000004,-5.551115123125782e-08,0.21359669704673873
SmolLM2-360M,5,model.layers.5.mlp.down_proj,2560,1,0.3,2,0.49457635151663404,0.51,0.9265540548411144,0.21359669704673873
SmolLM2-360M,5,model.layers.5.mlp.down_proj,2560,1,0.3,3,0.6305445772058823,0.657,0.9258951742461689,0.21359669704673873
SmolLM2-360M,5,model.layers.5.mlp.down_proj,2560,1,0.3,4,0.7268763813850688,0.7599,0.928193914731613,0.21359669704673873
SmolLM2-360M,5,model.layers.5.mlp.down_proj,2560,1,0.3,6,0.8461237980769232,0.882351,0.9377914661036438,0.21359669704673873
SmolLM2-360M,5,model.layers.5.mlp.down_proj,2560,1,0.3,8,0.9112817141089109,0.94235199,0.951630451256033,0.21359669704673873
SmolLM2-360M,5,model.layers.5.mlp.down_proj,2560,1,0.5,1,0.5,0.5,0.0,0.3604473681867562
SmolLM2-360M,5,model.layers.5.mlp.down_proj,2560,1,0.5,2,0.7352082314090019,0.75,0.9408329256360077,0.3604473681867562
SmolLM2-360M,5,model.layers.5.mlp.down_proj,2560,1,0.5,3,0.8566613051470588,0.875,0.9510968137254903,0.3604473681867562
SmolLM2-360M,5,model.layers.5.mlp.down_proj,2560,1,0.5,4,0.9210760989685658,0.9375,0.9624596547852933,0.3604473681867562
SmolLM2-360M,5,model.layers.5.mlp.down_proj,2560,1,0.5,6,0.9745924248027613,0.984375,0.9798037157218298,0.3604473681867562
SmolLM2-360M,5,model.layers.5.mlp.down_proj,2560,1,0.5,8,0.9912329826732674,0.99609375,0.9902019178295784,0.3604473681867562
SmolLM2-360M,6,model.layers.6.mlp.down_proj,2560,1,0.1,1,0.10000000000000002,0.09999999999999998,1.3877787807814455e-08,0.11922779793800341
SmolLM2-360M,6,model.layers.6.mlp.down_proj,2560,1,0.1,2,0.1788298067514677,0.18999999999999995,0.875886741682975,0.11922779793800341
SmolLM2-360M,6,model.layers.6.mlp.down_proj,2560,1,0.1,3,0.24615502450980392,0.2709999999999999,0.8547077456713684,0.11922779793800341
SmolLM2-360M,6,model.layers.6.mlp.down_proj,2560,1,0.1,4,0.3050481949901768,0.3439,0.8407060065197902,0.11922779793800341
SmolLM2-360M,6,model.layers.6.mlp.down_proj,2560,1,0.1,6,0.4040487857495069,0.46855899999999995,0.8249663846209343,0.11922779793800341
SmolLM2-360M,6,model.layers.6.mlp.down_proj,2560,1,0.1,8,0.4850858601485148,0.5695327899999999,0.8201468957013947,0.11922779793800341
SmolLM2-360M,6,model.layers.6.mlp.down_proj,2560,1,0.2,1,0.20000000000000004,0.19999999999999996,2.775557561562891e-08,0.16713157649985858
SmolLM2-360M,6,model.layers.6.mlp.down_proj,2560,1,0.2,2,0.34292517734833666,0.3599999999999999,0.8932823584271048,0.16713157649985858
SmolLM2-360M,6,model.layers.6.mlp.down_proj,2560,1,0.2,3,0.45369715073529415,0.4879999999999999,0.8808928844975495,0.16713157649985858
SmolLM2-360M,6,model.layers.6.mlp.down_proj,2560,1,0.2,4,0.5410969732318271,0.5903999999999999,0.8737115093028361,0.16713157649985858
SmolLM2-360M,6,model.layers.6.mlp.down_proj,2560,1,0.2,6,0.6707069773175542,0.7378559999999998,0.8751542742249865,0.16713157649985858
SmolLM2-360M,6,model.layers.6.mlp.down_proj,2560,1,0.2,8,0.7595668316831683,0.8322278399999999,0.8850714825895178,0.16713157649985858
SmolLM2-360M,6,model.layers.6.mlp.down_proj,2560,1,0.3,1,0.29999999999999993,0.30000000000000004,-5.551115123125782e-08,0.22327053278998885
SmolLM2-360M,6,model.layers.6.mlp.down_proj,2560,1,0.3,2,0.49065251956947165,0.51,0.9078691408070078,0.22327053278998885
SmolLM2-360M,6,model.layers.6.mlp.down_proj,2560,1,0.3,3,0.6228707107843138,0.657,0.904399750096117,0.22327053278998885
SmolLM2-360M,6,model.layers.6.mlp.down_proj,2560,1,0.3,4,0.716750061394892,0.7599,0.9061753889865013,0.22327053278998885
SmolLM2-360M,6,model.layers.6.mlp.down_proj,2560,1,0.3,6,0.836987641765286,0.882351,0.9221030645869688,0.22327053278998885
SmolLM2-360M,6,model.layers.6.mlp.down_proj,2560,1,0.3,8,0.9036331992574257,0.94235199,0.9397234050094959,0.22327053278998885
SmolLM2-360M,6,model.layers.6.mlp.down_proj,2560,1,0.5,1,0.5,0.5,0.0,0.3653306346756901
SmolLM2-360M,6,model.layers.6.mlp.down_proj,2560,1,0.5,2,0.7325159001956947,0.75,0.9300636007827787,0.3653306346756901
SmolLM2-360M,6,model.layers.6.mlp.down_proj,2560,1,0.5,3,0.8528982843137255,0.875,0.941062091503268,0.3653306346756901
SmolLM2-360M,6,model.layers.6.mlp.down_proj,2560,1,0.5,4,0.916939618123772,0.9375,0.9530048414257646,0.3653306346756901
SmolLM2-360M,6,model.layers.6.mlp.down_proj,2560,1,0.5,6,0.9720136834319527,0.984375,0.9744798625691927,0.3653306346756901
SmolLM2-360M,6,model.layers.6.mlp.down_proj,2560,1,0.5,8,0.9903364789603961,0.99609375,0.9883947922351292,0.3653306346756901
SmolLM2-360M,7,model.layers.7.mlp.down_proj,2560,1,0.1,1,0.10000000000000002,0.09999999999999998,1.3877787807814455e-08,0.11105665797661406
SmolLM2-360M,7,model.layers.7.mlp.down_proj,2560,1,0.1,2,0.1801660347358121,0.18999999999999995,0.8907337192868017,0.11105665797661406
SmolLM2-360M,7,model.layers.7.mlp.down_proj,2560,1,0.1,3,0.24879212622549018,0.2709999999999999,0.870129393131522,0.11105665797661406
SmolLM2-360M,7,model.layers.7.mlp.down_proj,2560,1,0.1,4,0.3087694928781925,0.3439,0.8559634804353936,0.11105665797661406
SmolLM2-360M,7,model.layers.7.mlp.down_proj,2560,1,0.1,6,0.4090953217455622,0.46855899999999995,0.8386589982758859,0.11105665797661406
SmolLM2-360M,7,model.layers.7.mlp.down_proj,2560,1,0.1,8,0.4907216893564356,0.5695327899999999,0.8321499534812801,0.11105665797661406
SmolLM2-360M,7,model.layers.7.mlp.down_proj,2560,1,0.2,1,0.20000000000000004,0.19999999999999996,2.775557561562891e-08,0.16583784272462357
SmolLM2-360M,7,model.layers.7.mlp.down_proj,2560,1,0.2,2,0.3433349131604697,0.3599999999999999,0.8958432072529364,0.16583784272462357
SmolLM2-360M,7,model.layers.7.mlp.down_proj,2560,1,0.2,3,0.4542103247549019,0.4879999999999999,0.8826747387322987,0.16583784272462357
SmolLM2-360M,7,model.layers.7.mlp.down_proj,2560,1,0.2,4,0.5422097556483301,0.5903999999999999,0.8765618740992063,0.16583784272462357
SmolLM2-360M,7,model.layers.7.mlp.down_proj,2560,1,0.2,6,0.6710945204635109,0.7378559999999998,0.8758748075014706,0.16583784272462357
SmolLM2-360M,7,model.layers.7.mlp.down_proj,2560,1,0.2,8,0.7585349628712872,0.8322278399999999,0.883439367161192,0.16583784272462357
SmolLM2-360M,7,model.layers.7.mlp.down_proj,2560,1,0.3,1,0.29999999999999993,0.30000000000000004,-5.551115123125782e-08,0.22313415419694838
SmolLM2-360M,7,model.layers.7.mlp.down_proj,2560,1,0.3,2,0.49075036692759294,0.51,0.9083350806075854,0.22313415419694838
SmolLM2-360M,7,model.layers.7.mlp.down_proj,2560,1,0.3,3,0.6222625612745099,0.657,0.902696250068655,0.22313415419694838
SmolLM2-360M,7,model.layers.7.mlp.down_proj,2560,1,0.3,4,0.7159097188113949,0.7599,0.904348160059567,0.22313415419694838
SmolLM2-360M,7,model.layers.7.mlp.down_proj,2560,1,0.3,6,0.8336785009861932,0.882351,0.9164206826916984,0.22313415419694838
SmolLM2-360M,7,model.layers.7.mlp.down_proj,2560,1,0.3,8,0.8988915532178218,0.94235199,0.9323417106839222,0.22313415419694838
SmolLM2-360M,7,model.layers.7.mlp.down_proj,2560,1,0.5,1,0.5,0.5,0.0,0.36852626118471415
SmolLM2-360M,7,model.layers.7.mlp.down_proj,2560,1,0.5,2,0.7308502018101761,0.75,0.9234008072407045,0.36852626118471415
SmolLM2-360M,7,model.layers.7.mlp.down_proj,2560,1,0.5,3,0.8497679227941176,0.875,0.9327144607843136,0.36852626118471415
SmolLM2-360M,7,model.layers.7.mlp.down_proj,2560,1,0.5,4,0.913856059675835,0.9375,0.9459567078304801,0.36852626118471415
SmolLM2-360M,7,model.layers.7.mlp.down_proj,2560,1,0.5,6,0.9700520833333334,0.984375,0.9704301075268817,0.36852626118471415
SmolLM2-360M,7,model.layers.7.mlp.down_proj,2560,1,0.5,8,0.9885341893564358,0.99609375,0.9847618305137603,0.36852626118471415
SmolLM2-360M,8,model.layers.8.mlp.down_proj,2560,1,0.1,1,0.10000000000000002,0.09999999999999998,1.3877787807814455e-08,0.11994034784177252
SmolLM2-360M,8,model.layers.8.mlp.down_proj,2560,1,0.1,2,0.1787525990704501,0.18999999999999995,0.8750288785605572,0.11994034784177252
SmolLM2-360M,8,model.layers.8.mlp.down_proj,2560,1,0.1,3,0.245672487745098,0.2709999999999999,0.8518858932461876,0.11994034784177252
SmolLM2-360M,8,model.layers.8.mlp.down_proj,2560,1,0.1,4,0.3038778548624754,0.3439,0.8359075640117895,0.11994034784177252
SmolLM2-360M,8,model.layers.8.mlp.down_proj,2560,1,0.1,6,0.4007735453648915,0.46855899999999995,0.8160797738351026,0.11994034784177252
SmolLM2-360M,8,model.layers.8.mlp.down_proj,2560,1,0.1,8,0.4786502165841584,0.5695327899999999,0.8064404119340813,0.11994034784177252
SmolLM2-360M,8,model.layers.8.mlp.down_proj,2560,1,0.2,1,0.20000000000000004,0.19999999999999996,2.775557561562891e-08,0.17431269206938768
SmolLM2-360M,8,model.layers.8.mlp.down_proj,2560,1,0.2,2,0.3408749694227006,0.3599999999999999,0.8804685588918796,0.17431269206938768
SmolLM2-360M,8,model.layers.8.mlp.down_proj,2560,1,0.2,3,0.44952742034313725,0.4879999999999999,0.8664146539692269,0.17431269206938768
SmolLM2-360M,8,model.layers.8.mlp.down_proj,2560,1,0.2,4,0.5358031986738703,0.5903999999999999,0.8601516359474137,0.17431269206938768
SmolLM2-360M,8,model.layers.8.mlp.down_proj,2560,1,0.2,6,0.6620847201676529,0.7378559999999998,0.8591234831770083,0.17431269206938768
SmolLM2-360M,8,model.layers.8.mlp.down_proj,2560,1,0.2,8,0.7487948638613863,0.8322278399999999,0.8680333720536355,0.17431269206938768
SmolLM2-360M,8,model.layers.8.mlp.down_proj,2560,1,0.3,1,0.29999999999999993,0.30000000000000004,-5.551115123125782e-08,0.2325539043493432
SmolLM2-360M,8,model.layers.8.mlp.down_proj,2560,1,0.3,2,0.4870703889432485,0.51,0.890811375920231,0.2325539043493432
SmolLM2-360M,8,model.layers.8.mlp.down_proj,2560,1,0.3,3,0.6154159007352941,0.657,0.8835179292305155,0.2325539043493432
SmolLM2-360M,8,model.layers.8.mlp.down_proj,2560,1,0.3,4,0.7066705550098232,0.7599,0.8842586540765889,0.2325539043493432
SmolLM2-360M,8,model.layers.8.mlp.down_proj,2560,1,0.3,6,0.8227548693293886,0.882351,0.8976628688357856,0.2325539043493432
SmolLM2-360M,8,model.layers.8.mlp.down_proj,2560,1,0.3,8,0.8885403774752475,0.94235199,0.9162272190909652,0.2325539043493432
SmolLM2-360M,8,model.layers.8.mlp.down_proj,2560,1,0.5,1,0.5,0.5,0.0,0.37437579280218075
SmolLM2-360M,8,model.layers.8.mlp.down_proj,2560,1,0.5,2,0.7277886497064578,0.75,0.9111545988258314,0.37437579280218075
SmolLM2-360M,8,model.layers.8.mlp.down_proj,2560,1,0.5,3,0.8451769301470589,0.875,0.9204718137254903,0.37437579280218075
SmolLM2-360M,8,model.layers.8.mlp.down_proj,2560,1,0.5,4,0.9087625859528486,0.9375,0.9343144821779398,0.37437579280218075
SmolLM2-360M,8,model.layers.8.mlp.down_proj,2560,1,0.5,6,0.9654639731262328,0.984375,0.9609578800025451,0.37437579280218075
SmolLM2-360M,8,model.layers.8.mlp.down_proj,2560,1,0.5,8,0.9858261138613862,0.99609375,0.9793030326654714,0.37437579280218075
SmolLM2-360M,9,model.layers.9.mlp.down_proj,2560,1,0.1,1,0.10000000000000002,0.09999999999999998,1.3877787807814455e-08,0.12770391572851164
SmolLM2-360M,9,model.layers.9.mlp.down_proj,2560,1,0.1,2,0.17759830601761253,0.18999999999999995,0.8622034001956953,0.12770391572851164
SmolLM2-360M,9,model.layers.9.mlp.down_proj,2560,1,0.1,3,0.24355775122549017,0.2709999999999999,0.8395190130145629,0.12770391572851164
SmolLM2-360M,9,model.layers.9.mlp.down_proj,2560,1,0.1,4,0.30057787942043224,0.3439,0.8223775293990662,0.12770391572851164
SmolLM2-360M,9,model.layers.9.mlp.down_proj,2560,1,0.1,6,0.3958926590236686,0.46855899999999995,0.8028366123840921,0.12770391572851164
SmolLM2-360M,9,model.layers.9.mlp.down_proj,2560,1,0.1,8,0.47301980198019794,0.5695327899999999,0.794448886051596,0.12770391572851164
SmolLM2-360M,9,model.layers.9.mlp.down_proj,2560,1,0.2,1,0.20000000000000004,0.19999999999999996,2.775557561562891e-08,0.17650878316961502
SmolLM2-360M,9,model.layers.9.mlp.down_proj,2560,1,0.2,2,0.3403284001956947,0.3599999999999999,0.8770525012230926,0.17650878316961502
SmolLM2-360M,9,model.layers.9.mlp.down_proj,2560,1,0.2,3,0.4481127450980393,0.4879999999999999,0.8615025871459701,0.17650878316961502
SmolLM2-360M,9,model.layers.9.mlp.down_proj,2560,1,0.2,4,0.5329583128683694,0.5903999999999999,0.8528645309128315,0.17650878316961502
SmolLM2-360M,9,model.layers.9.mlp.down_proj,2560,1,0.2,6,0.6583063671104536,0.7378559999999998,0.8520986418492194,0.17650878316961502
SmolLM2-360M,9,model.layers.9.mlp.down_proj,2560,1,0.2,8,0.7439054764851485,0.8322278399999999,0.8602997876290115,0.17650878316961502
SmolLM2-360M,9,model.layers.9.mlp.down_proj,2560,1,0.3,1,0.29999999999999993,0.30000000000000004,-5.551115123125782e-08,0.23572991906179128
SmolLM2-360M,9,model.layers.9.mlp.down_proj,2560,1,0.3,2,0.48587787426614476,0.51,0.8851327346006893,0.23572991906179128
SmolLM2-360M,9,model.layers.9.mlp.down_proj,2560,1,0.3,3,0.6131219362745097,0.657,0.877092258472016,0.23572991906179128
SmolLM2-360M,9,model.layers.9.mlp.down_proj,2560,1,0.3,4,0.7035194621807466,0.7599,0.8774069627761395,0.23572991906179128
SmolLM2-360M,9,model.layers.9.mlp.down_proj,2560,1,0.3,6,0.8195690027120316,0.882351,0.8921921705501177,0.23572991906179128
SmolLM2-360M,9,model.layers.9.mlp.down_proj,2560,1,0.3,8,0.8859375,0.94235199,0.9121751144571062,0.23572991906179128
SmolLM2-360M,9,model.layers.9.mlp.down_proj,2560,1,0.5,1,0.5,0.5,0.0,0.3765061569393116
SmolLM2-360M,9,model.layers.9.mlp.down_proj,2560,1,0.5,2,0.7267016267123289,0.75,0.9068065068493154,0.3765061569393116
SmolLM2-360M,9,model.layers.9.mlp.down_proj,2560,1,0.5,3,0.8434704350490196,0.875,0.915921160130719,0.3765061569393116
SmolLM2-360M,9,model.layers.9.mlp.down_proj,2560,1,0.5,4,0.9072438298133595,0.9375,0.9308430395733931,0.3765061569393116
SmolLM2-360M,9,model.layers.9.mlp.down_proj,2560,1,0.5,6,0.9654801528599606,0.984375,0.9609912833237896,0.3765061569393116
SmolLM2-360M,9,model.layers.9.mlp.down_proj,2560,1,0.5,8,0.9860720915841583,0.99609375,0.9797988617759412,0.3765061569393116
SmolLM2-360M,10,model.layers.10.mlp.down_proj,2560,1,0.1,1,0.10000000000000002,0.09999999999999998,1.3877787807814455e-08,0.11851568737049732
SmolLM2-360M,10,model.layers.10.mlp.down_proj,2560,1,0.1,2,0.1790331457925636,0.18999999999999995,0.8781460643618183,0.11851568737049732
SmolLM2-360M,10,model.layers.10.mlp.down_proj,2560,1,0.1,3,0.2464345894607843,0.2709999999999999,0.8563426284256397,0.11851568737049732
SmolLM2-360M,10,model.layers.10.mlp.down_proj,2560,1,0.1,4,0.3041303413555992,0.3439,0.8369427689856466,0.11851568737049732
SmolLM2-360M,10,model.layers.10.mlp.down_proj,2560,1,0.1,6,0.39990831484220907,0.46855899999999995,0.8137321699977725,0.11851568737049732
SmolLM2-360M,10,model.layers.10.mlp.down_proj,2560,1,0.1,8,0.47754641089108907,0.5695327899999999,0.8040895522783172,0.11851568737049732
SmolLM2-360M,10,model.layers.10.mlp.down_proj,2560,1,0.2,1,0.20000000000000004,0.19999999999999996,2.775557561562891e-08,0.16983868738378877
SmolLM2-360M,10,model.layers.10.mlp.down_proj,2560,1,0.2,2,0.3423442086594912,0.3599999999999999,0.8896513041218208,0.16983868738378877
SmolLM2-360M,10,model.layers.10.mlp.down_proj,2560,1,0.2,3,0.4529373468137255,0.4879999999999999,0.8782546764365472,0.16983868738378877
SmolLM2-360M,10,model.layers.10.mlp.down_proj,2560,1,0.2,4,0.5389351055992141,0.5903999999999999,0.8681739385225773,0.16983868738378877
SmolLM2-360M,10,model.layers.10.mlp.down_proj,2560,1,0.2,6,0.6650779709072978,0.7378559999999998,0.8646886358194348,0.16983868738378877
SmolLM2-360M,10,model.layers.10.mlp.down_proj,2560,1,0.2,8,0.7514255878712871,0.8322278399999999,0.8721944099634827,0.16983868738378877
SmolLM2-360M,10,model.layers.10.mlp.down_proj,2560,1,0.3,1,0.29999999999999993,0.30000000000000004,-5.551115123125782e-08,0.22988151914018085
SmolLM2-360M,10,model.layers.10.mlp.down_proj,2560,1,0.3,2,0.4883102984344423,0.51,0.8967157068306776,0.22988151914018085
SmolLM2-360M,10,model.layers.10.mlp.down_proj,2560,1,0.3,3,0.6183417585784314,0.657,0.8917136094633933,0.22988151914018085
SmolLM2-360M,10,model.layers.10.mlp.down_proj,2560,1,0.3,4,0.7098577173379174,0.7599,0.8911887743812076,0.22988151914018085
SmolLM2-360M,10,model.layers.10.mlp.down_proj,2560,1,0.3,6,0.8259060650887574,0.882351,0.9030740311062528,0.22988151914018085
SmolLM2-360M,10,model.layers.10.mlp.down_proj,2560,1,0.3,8,0.8919979888613861,0.94235199,0.9216099554099398,0.22988151914018085
SmolLM2-360M,10,model.layers.10.mlp.down_proj,2560,1,0.5,1,0.5,0.5,0.0,0.3723661286274341
SmolLM2-360M,10,model.layers.10.mlp.down_proj,2560,1,0.5,2,0.7289123654598826,0.75,0.9156494618395303,0.3723661286274341
SmolLM2-360M,10,model.layers.10.mlp.down_proj,2560,1,0.5,3,0.8470427389705882,0.875,0.9254473039215686,0.3723661286274341
SmolLM2-360M,10,model.layers.10.mlp.down_proj,2560,1,0.5,4,0.9105108055009823,0.9375,0.9383104125736738,0.3723661286274341
SmolLM2-360M,10,model.layers.10.mlp.down_proj,2560,1,0.5,6,0.9673323471400395,0.984375,0.9648151682891137,0.3723661286274341
SmolLM2-360M,10,model.layers.10.mlp.down_proj,2560,1,0.5,8,0.9872602103960396,0.99609375,0.9821938099321743,0.3723661286274341
SmolLM2-360M,11,model.layers.11.mlp.down_proj,2560,1,0.1,1,0.10000000000000002,0.09999999999999998,1.3877787807814455e-08,0.14230182548903425
SmolLM2-360M,11,model.layers.11.mlp.down_proj,2560,1,0.1,2,0.17529736423679063,0.18999999999999995,0.8366373804087852,0.14230182548903425
SmolLM2-360M,11,model.layers.11.mlp.down_proj,2560,1,0.1,3,0.23843367034313723,0.2709999999999999,0.809553627737645,0.14230182548903425
SmolLM2-360M,11,model.layers.11.mlp.down_proj,2560,1,0.1,4,0.2931575392927308,0.3439,0.7919538306385028,0.14230182548903425
SmolLM2-360M,11,model.layers.11.mlp.down_proj,2560,1,0.1,6,0.38438116370808684,0.46855899999999995,0.7716028199232331,0.14230182548903425
SmolLM2-360M,11,model.layers.11.mlp.down_proj,2560,1,0.1,8,0.4585914294554455,0.5695327899999999,0.7637196743074016,0.14230182548903425
SmolLM2-360M,11,model.layers.11.mlp.down_proj,2560,1,0.2,1,0.20000000000000004,0.19999999999999996,2.775557561562891e-08,0.18395833565374478
SmolLM2-360M,11,model.layers.11.mlp.down_proj,2560,1,0.2,2,0.3382032778864971,0.3599999999999999,0.8637704867906076,0.18395833565374478
SmolLM2-360M,11,model.layers.11.mlp.down_proj,2560,1,0.2,3,0.44385876225490195,0.4879999999999999,0.8467318133850765,0.18395833565374478
SmolLM2-360M,11,model.layers.11.mlp.down_proj,2560,1,0.2,4,0.5275570972495089,0.5903999999999999,0.8390294499218981,0.18395833565374478
SmolLM2-360M,11,model.layers.11.mlp.down_proj,2560,1,0.2,6,0.6512966900887575,0.7378559999999998,0.8390660141167107,0.18395833565374478
SmolLM2-360M,11,model.layers.11.mlp.down_proj,2560,1,0.2,8,0.7371519183168317,0.8322278399999999,0.849617628854863,0.18395833565374478
SmolLM2-360M,11,model.layers.11.mlp.down_proj,2560,1,0.3,1,0.29999999999999993,0.30000000000000004,-5.551115123125782e-08,0.24044968889050158
SmolLM2-360M,11,model.layers.11.mlp.down_proj,2560,1,0.3,2,0.48406693370841486,0.51,0.8765092081353089,0.24044968889050158
SmolLM2-360M,11,model.layers.11.mlp.down_proj,2560,1,0.3,3,0.6105399816176471,0.657,0.8698598924864064,0.24044968889050158
SmolLM2-360M,11,model.layers.11.mlp.down_proj,2560,1,0.3,4,0.7006692043222004,0.7599,0.8712094027445104,0.24044968889050158
SmolLM2-360M,11,model.layers.11.mlp.down_proj,2560,1,0.3,6,0.8171589928500986,0.882351,0.8880537559823861,0.24044968889050158
SmolLM2-360M,11,model.layers.11.mlp.down_proj,2560,1,0.3,8,0.8850742574257425,0.94235199,0.9108312366647179,0.24044968889050158
SmolLM2-360M,11,model.layers.11.mlp.down_proj,2560,1,0.5,1,0.5,0.5,0.0,0.3763756937477524
SmolLM2-360M,11,model.layers.11.mlp.down_proj,2560,1,0.5,2,0.7267765410958904,0.75,0.9071061643835616,0.3763756937477524
SmolLM2-360M,11,model.layers.11.mlp.down_proj,2560,1,0.5,3,0.8437484681372548,0.875,0.9166625816993461,0.3763756937477524
SmolLM2-360M,11,model.layers.11.mlp.down_proj,2560,1,0.5,4,0.9068286468565815,0.9375,0.9298940499579006,0.3763756937477524
SmolLM2-360M,11,model.layers.11.mlp.down_proj,2560,1,0.5,6,0.9647990631163709,0.984375,0.9595851625628302,0.3763756937477524
SmolLM2-360M,11,model.layers.11.mlp.down_proj,2560,1,0.5,8,0.9858446782178217,0.99609375,0.9793404537304123,0.3763756937477524
SmolLM2-360M,12,model.layers.12.mlp.down_proj,2560,1,0.1,1,0.10000000000000002,0.09999999999999998,1.3877787807814455e-08,0.15876145380495219
SmolLM2-360M,12,model.layers.12.mlp.down_proj,2560,1,0.1,2,0.17283283390410958,0.18999999999999995,0.8092537100456625,0.15876145380495219
SmolLM2-360M,12,model.layers.12.mlp.down_proj,2560,1,0.1,3,0.2329894301470588,0.2709999999999999,0.7777159657722741,0.15876145380495219
SmolLM2-360M,12,model.layers.12.mlp.down_proj,2560,1,0.1,4,0.2841424668467583,0.3439,0.754991663988349,0.15876145380495219
SmolLM2-360M,12,model.layers.12.mlp.down_proj,2560,1,0.1,6,0.36797337278106507,0.46855899999999995,0.7270840565040199,0.15876145380495219
SmolLM2-360M,12,model.layers.12.mlp.down_proj,2560,1,0.1,8,0.43584313118811885,0.5695327899999999,0.7152708785005598,0.15876145380495219
SmolLM2-360M,12,model.layers.12.mlp.down_proj,2560,1,0.2,1,0.20000000000000004,0.19999999999999996,2.775557561562891e-08,0.20253795706461314
SmolLM2-360M,12,model.layers.12.mlp.down_proj,2560,1,0.2,2,0.3329974926614481,0.3599999999999999,0.8312343291340514,0.20253795706461314
SmolLM2-360M,12,model.layers.12.mlp.down_proj,2560,1,0.2,3,0.4330683210784314,0.4879999999999999,0.8092650037445538,0.20253795706461314
SmolLM2-360M,12,model.layers.12.mlp.down_proj,2560,1,0.2,4,0.5114263568271119,0.5903999999999999,0.7977109549874795,0.20253795706461314
SmolLM2-360M,12,model.layers.12.mlp.down_proj,2560,1,0.2,6,0.6264091777613413,0.7378559999999998,0.7927943125322416,0.20253795706461314
SmolLM2-360M,12,model.layers.12.mlp.down_proj,2560,1,0.2,8,0.707235457920792,0.8322278399999999,0.8022985161817489,0.20253795706461314
SmolLM2-360M,12,model.layers.12.mlp.down_proj,2560,1,0.3,1,0.29999999999999993,0.30000000000000004,-5.551115123125782e-08,0.25439533407903603
SmolLM2-360M,12,model.layers.12.mlp.down_proj,2560,1,0.3,2,0.4787273727984344,0.51,0.8510827276115924,0.25439533407903603
SmolLM2-360M,12,model.layers.12.mlp.down_proj,2560,1,0.3,3,0.6000589767156863,0.657,0.8405013353380568,0.25439533407903603
SmolLM2-360M,12,model.layers.12.mlp.down_proj,2560,1,0.3,4,0.6858952910117878,0.7599,0.8390852163770119,0.25439533407903603
SmolLM2-360M,12,model.layers.12.mlp.down_proj,2560,1,0.3,6,0.7961630917159763,0.882351,0.8520000681993786,0.25439533407903603
SmolLM2-360M,12,model.layers.12.mlp.down_proj,2560,1,0.3,8,0.8625092821782178,0.94235199,0.8757025601776648,0.25439533407903603
SmolLM2-360M,12,model.layers.12.mlp.down_proj,2560,1,0.5,1,0.5,0.5,0.0,0.39112672817875055
SmolLM2-360M,12,model.layers.12.mlp.down_proj,2560,1,0.5,2,0.7191153987279844,0.75,0.8764615949119374,0.39112672817875055
SmolLM2-360M,12,model.layers.12.mlp.down_proj,2560,1,0.5,3,0.8327420343137254,0.875,0.8873120915032677,0.39112672817875055
SmolLM2-360M,12,model.layers.12.mlp.down_proj,2560,1,0.5,4,0.8959632858546168,0.9375,0.905058939096267,0.39112672817875055
SmolLM2-360M,12,model.layers.12.mlp.down_proj,2560,1,0.5,6,0.9564179610453648,0.984375,0.9422822421581725,0.39112672817875055
SmolLM2-360M,12,model.layers.12.mlp.down_proj,2560,1,0.5,8,0.9803828898514851,0.99609375,0.9683308645825213,0.39112672817875055
SmolLM2-360M,13,model.layers.13.mlp.down_proj,2560,1,0.1,1,0.10000000000000002,0.09999999999999998,1.3877787807814455e-08,0.2022126054183656
SmolLM2-360M,13,model.layers.13.mlp.down_proj,2560,1,0.1,2,0.16698492539138943,0.18999999999999995,0.7442769487932163,0.2022126054183656
SmolLM2-360M,13,model.layers.13.mlp.down_proj,2560,1,0.1,3,0.22151807598039217,0.2709999999999999,0.7106320232771476,0.2022126054183656
SmolLM2-360M,13,model.layers.13.mlp.down_proj,2560,1,0.1,4,0.26794035486247547,0.3439,0.6885623405595551,0.2022126054183656
SmolLM2-360M,13,model.layers.13.mlp.down_proj,2560,1,0.1,6,0.34560758752465487,0.46855899999999995,0.6663996470704958,0.2022126054183656
SmolLM2-360M,13,model.layers.13.mlp.down_proj,2560,1,0.1,8,0.40931930693069307,0.5695327899999999,0.6587810553778217,0.2022126054183656
SmolLM2-360M,13,model.layers.13.mlp.down_proj,2560,1,0.2,1,0.20000000000000004,0.19999999999999996,2.775557561562891e-08,0.24230446482770207
SmolLM2-360M,13,model.layers.13.mlp.down_proj,2560,1,0.2,2,0.32283665606653617,0.3599999999999999,0.7677291004158516,0.24230446482770207
SmolLM2-360M,13,model.layers.13.mlp.down_proj,2560,1,0.2,3,0.41498544730392156,0.4879999999999999,0.7464772475830613,0.24230446482770207
SmolLM2-360M,13,model.layers.13.mlp.down_proj,2560,1,0.2,4,0.4880986001964636,0.5903999999999999,0.7379574800114336,0.24230446482770207
SmolLM2-360M,13,model.layers.13.mlp.down_proj,2560,1,0.2,6,0.5980661365877711,0.7378559999999998,0.7400979752717664,0.24230446482770207
SmolLM2-360M,13,model.layers.13.mlp.down_proj,2560,1,0.2,8,0.676257735148515,0.8322278399999999,0.7533007960366235,0.24230446482770207
SmolLM2-360M,13,model.layers.13.mlp.down_proj,2560,1,0.3,1,0.29999999999999993,0.30000000000000004,-5.551115123125782e-08,0.29120354696386075
SmolLM2-360M,13,model.layers.13.mlp.down_proj,2560,1,0.3,2,0.4655042196673189,0.51,0.7881153317491377,0.29120354696386075
SmolLM2-360M,13,model.layers.13.mlp.down_proj,2560,1,0.3,3,0.5779434742647058,0.657,0.7785531492008566,0.29120354696386075
SmolLM2-360M,13,model.layers.13.mlp.down_proj,2560,1,0.3,4,0.6594985572200392,0.7599,0.781688534942464,0.29120354696386075
SmolLM2-360M,13,model.layers.13.mlp.down_proj,2560,1,0.3,6,0.7688540125739646,0.882351,0.8051055335595965,0.29120354696386075
SmolLM2-360M,13,model.layers.13.mlp.down_proj,2560,1,0.3,8,0.8361888923267327,0.94235199,0.8347275336170945,0.29120354696386075
SmolLM2-360M,13,model.layers.13.mlp.down_proj,2560,1,0.5,1,0.5,0.5,0.0,0.4135126964876806
SmolLM2-360M,13,model.layers.13.mlp.down_proj,2560,1,0.5,2,0.7079944349315068,0.75,0.8319777397260273,0.4135126964876806
SmolLM2-360M,13,model.layers.13.mlp.down_proj,2560,1,0.5,3,0.8177343749999999,0.875,0.8472916666666664,0.4135126964876806
SmolLM2-360M,13,model.layers.13.mlp.down_proj,2560,1,0.5,4,0.8807035854616896,0.9375,0.8701796239124333,0.4135126964876806
SmolLM2-360M,13,model.layers.13.mlp.down_proj,2560,1,0.5,6,0.9450459196252465,0.984375,0.9188044792263155,0.4135126964876806
SmolLM2-360M,13,model.layers.13.mlp.down_proj,2560,1,0.5,8,0.9724613242574257,0.99609375,0.9523629843299289,0.4135126964876806
SmolLM2-360M,14,model.layers.14.mlp.down_proj,2560,1,0.1,1,0.10000000000000002,0.09999999999999998,1.3877787807814455e-08,0.22150079759080463
SmolLM2-360M,14,model.layers.14.mlp.down_proj,2560,1,0.1,2,0.16434610445205478,0.18999999999999995,0.7149567161339424,0.22150079759080463
SmolLM2-360M,14,model.layers.14.mlp.down_proj,2560,1,0.1,3,0.21618259803921572,0.2709999999999999,0.6794303978901508,0.22150079759080463
SmolLM2-360M,14,model.layers.14.mlp.down_proj,2560,1,0.1,4,0.2602483423379175,0.3439,0.6570247738332001,0.22150079759080463
SmolLM2-360M,14,model.layers.14.mlp.down_proj,2560,1,0.1,6,0.3333310219428008,0.46855899999999995,0.6330900125700385,0.22150079759080463
SmolLM2-360M,14,model.layers.14.mlp.down_proj,2560,1,0.1,8,0.3929331683168316,0.5695327899999999,0.6238822390164308,0.22150079759080463
SmolLM2-360M,14,model.layers.14.mlp.down_proj,2560,1,0.2,1,0.20000000000000004,0.19999999999999996,2.775557561562891e-08,0.2603031836337
SmolLM2-360M,14,model.layers.14.mlp.down_proj,2560,1,0.2,2,0.3184136497064579,0.3599999999999999,0.7400853106653625,0.2603031836337
SmolLM2-360M,14,model.layers.14.mlp.down_proj,2560,1,0.2,3,0.40773131127450973,0.4879999999999999,0.7212892752587147,0.2603031836337
SmolLM2-360M,14,model.layers.14.mlp.down_proj,2560,1,0.2,4,0.47807511665029473,0.5903999999999999,0.7122825733870256,0.2603031836337
SmolLM2-360M,14,model.layers.14.mlp.down_proj,2560,1,0.2,6,0.5848850468441814,0.7378559999999998,0.7155912490409728,0.2603031836337
SmolLM2-360M,14,model.layers.14.mlp.down_proj,2560,1,0.2,8,0.6622006497524753,0.8322278399999999,0.7310665878814754,0.2603031836337
SmolLM2-360M,14,model.layers.14.mlp.down_proj,2560,1,0.3,1,0.29999999999999993,0.30000000000000004,-5.551115123125782e-08,0.3060929771790139
SmolLM2-360M,14,model.layers.14.mlp.down_proj,2560,1,0.3,2,0.4604130993150685,0.51,0.7638719015003262,0.3060929771790139
SmolLM2-360M,14,model.layers.14.mlp.down_proj,2560,1,0.3,3,0.5705491727941177,0.657,0.75784082015159,0.3060929771790139
SmolLM2-360M,14,model.layers.14.mlp.down_proj,2560,1,0.3,4,0.6500775110510806,0.7599,0.7612035465342043,0.3060929771790139
SmolLM2-360M,14,model.layers.14.mlp.down_proj,2560,1,0.3,6,0.7582763190335307,0.882351,0.786941756833131,0.3060929771790139
SmolLM2-360M,14,model.layers.14.mlp.down_proj,2560,1,0.3,8,0.826898978960396,0.94235199,0.8202651928585072,0.3060929771790139
SmolLM2-360M,14,model.layers.14.mlp.down_proj,2560,1,0.5,1,0.5,0.5,0.0,0.42630686546917823
SmolLM2-360M,14,model.layers.14.mlp.down_proj,2560,1,0.5,2,0.7018002385029354,0.75,0.8072009540117415,0.42630686546917823
SmolLM2-360M,14,model.layers.14.mlp.down_proj,2560,1,0.5,3,0.8106257659313726,0.875,0.8283353758169936,0.42630686546917823
SmolLM2-360M,14,model.layers.14.mlp.down_proj,2560,1,0.5,4,0.8741212856090373,0.9375,0.855134367106371,0.42630686546917823
SmolLM2-360M,14,model.layers.14.mlp.down_proj,2560,1,0.5,6,0.9392566568047337,0.984375,0.9068524527581598,0.42630686546917823
SmolLM2-360M,14,model.layers.14.mlp.down_proj,2560,1,0.5,8,0.9684784962871287,0.99609375,0.9443346066890153,0.42630686546917823
SmolLM2-360M,15,model.layers.15.mlp.down_proj,2560,1,0.1,1,0.10000000000000002,0.09999999999999998,1.3877787807814455e-08,0.28823950711994767
SmolLM2-360M,15,model.layers.15.mlp.down_proj,2560,1,0.1,2,0.15591059197651663,0.18999999999999995,0.6212287997390741,0.28823950711994767
SmolLM2-360M,15,model.layers.15.mlp.down_proj,2560,1,0.1,3,0.199594056372549,0.2709999999999999,0.5824213822956086,0.28823950711994767
SmolLM2-360M,15,model.layers.15.mlp.down_proj,2560,1,0.1,4,0.23580550098231828,0.3439,0.5568081221087261,0.28823950711994767
SmolLM2-360M,15,model.layers.15.mlp.down_proj,2560,1,0.1,6,0.2961276503944773,0.46855899999999995,0.5321472285155899,0.28823950711994767
SmolLM2-360M,15,model.layers.15.mlp.down_proj,2560,1,0.1,8,0.3464286819306931,0.5695327899999999,0.5248380670723617,0.28823950711994767
SmolLM2-360M,15,model.layers.15.mlp.down_proj,2560,1,0.2,1,0.20000000000000004,0.19999999999999996,2.775557561562891e-08,0.299293112640773
SmolLM2-360M,15,model.layers.15.mlp.down_proj,2560,1,0.2,2,0.3087344055772994,0.3599999999999999,0.6795900348581219,0.299293112640773
SmolLM2-360M,15,model.layers.15.mlp.down_proj,2560,1,0.2,3,0.38976485906862746,0.4879999999999999,0.6589057606549568,0.299293112640773
SmolLM2-360M,15,model.layers.15.mlp.down_proj,2560,1,0.2,4,0.45353864808447936,0.5903999999999999,0.6494330125114739,0.299293112640773
SmolLM2-360M,15,model.layers.15.mlp.down_proj,2560,1,0.2,6,0.5510909763313611,0.7378559999999998,0.6527601743428745,0.299293112640773
SmolLM2-360M,15,model.layers.15.mlp.down_proj,2560,1,0.2,8,0.6240037128712871,0.8322278399999999,0.6706501771122372,0.299293112640773
SmolLM2-360M,15,model.layers.15.mlp.down_proj,2560,1,0.3,1,0.29999999999999993,0.30000000000000004,-5.551115123125782e-08,0.33772765263310106
SmolLM2-360M,15,model.layers.15.mlp.down_proj,2560,1,0.3,2,0.44946489726027394,0.51,0.7117376060013044,0.33772765263310106
SmolLM2-360M,15,model.layers.15.mlp.down_proj,2560,1,0.3,3,0.5516367953431373,0.657,0.7048649729499642,0.33772765263310106
SmolLM2-360M,15,model.layers.15.mlp.down_proj,2560,1,0.3,4,0.6262355722003929,0.7599,0.7093619747779798,0.33772765263310106
SmolLM2-360M,15,model.layers.15.mlp.down_proj,2560,1,0.3,6,0.7296813362919132,0.882351,0.7378390975406811,0.33772765263310106
SmolLM2-360M,15,model.layers.15.mlp.down_proj,2560,1,0.3,8,0.7977831064356435,0.94235199,0.7749382179630883,0.33772765263310106
SmolLM2-360M,15,model.layers.15.mlp.down_proj,2560,1,0.5,1,0.5,0.5,0.0,0.44581680267267515
SmolLM2-360M,15,model.layers.15.mlp.down_proj,2560,1,0.5,2,0.6922822896281801,0.75,0.7691291585127202,0.44581680267267515
SmolLM2-360M,15,model.layers.15.mlp.down_proj,2560,1,0.5,3,0.7967968750000001,0.875,0.7914583333333335,0.44581680267267515
SmolLM2-360M,15,model.layers.15.mlp.down_proj,2560,1,0.5,4,0.8596673931728881,0.9375,0.8220968986808871,0.44581680267267515
SmolLM2-360M,15,model.layers.15.mlp.down_proj,2560,1,0.5,6,0.9269015039447731,0.984375,0.8813450404021123,0.44581680267267515
SmolLM2-360M,15,model.layers.15.mlp.down_proj,2560,1,0.5,8,0.9589433787128713,0.99609375,0.9251142122086224,0.44581680267267515
SmolLM2-360M,16,model.layers.16.mlp.down_proj,2560,1,0.1,1,0.10000000000000002,0.09999999999999998,1.3877787807814455e-08,0.3277561582236984
SmolLM2-360M,16,model.layers.16.mlp.down_proj,2560,1,0.1,2,0.15121315435420743,0.18999999999999995,0.5690350483800829,0.3277561582236984
SmolLM2-360M,16,model.layers.16.mlp.down_proj,2560,1,0.1,3,0.1903094362745098,0.2709999999999999,0.5281253583304669,0.3277561582236984
SmolLM2-360M,16,model.layers.16.mlp.down_proj,2560,1,0.1,4,0.22196018541257367,0.3439,0.5000417606091582,0.3277561582236984
SmolLM2-360M,16,model.layers.16.mlp.down_proj,2560,1,0.1,6,0.27316321499013807,0.46855899999999995,0.4698385197217761,0.3277561582236984
SmolLM2-360M,16,model.layers.16.mlp.down_proj,2560,1,0.1,8,0.31448948019801976,0.5695327899999999,0.45681469913532513,0.3277561582236984
SmolLM2-360M,16,model.layers.16.mlp.down_proj,2560,1,0.2,1,0.20000000000000004,0.19999999999999996,2.775557561562891e-08,0.34909366269687436
SmolLM2-360M,16,model.layers.16.mlp.down_proj,2560,1,0.2,2,0.29741545376712325,0.3599999999999999,0.6088465860445208,0.34909366269687436
SmolLM2-360M,16,model.layers.16.mlp.down_proj,2560,1,0.2,3,0.36778492647058825,0.4879999999999999,0.5825865502450983,0.34909366269687436
SmolLM2-360M,16,model.layers.16.mlp.down_proj,2560,1,0.2,4,0.42265701743614925,0.5903999999999999,0.5703304749901364,0.34909366269687436
SmolLM2-360M,16,model.layers.16.mlp.down_proj,2560,1,0.2,6,0.5062538523175543,0.7378559999999998,0.5693974824442868,0.34909366269687436
SmolLM2-360M,16,model.layers.16.mlp.down_proj,2560,1,0.2,8,0.568620823019802,0.8322278399999999,0.5830506024850187,0.34909366269687436
SmolLM2-360M,16,model.layers.16.mlp.down_proj,2560,1,0.3,1,0.29999999999999993,0.30000000000000004,-5.551115123125782e-08,0.38488671251168965
SmolLM2-360M,16,model.layers.16.mlp.down_proj,2560,1,0.3,2,0.4343046722113503,0.51,0.639546058149287,0.38488671251168965
SmolLM2-360M,16,model.layers.16.mlp.down_proj,2560,1,0.3,3,0.5250750612745098,0.657,0.6304623565112317,0.38488671251168965
SmolLM2-360M,16,model.layers.16.mlp.down_proj,2560,1,0.3,4,0.5916142251964637,0.7599,0.6340818116905059,0.38488671251168965
SmolLM2-360M,16,model.layers.16.mlp.down_proj,2560,1,0.3,6,0.6846885786489152,0.882351,0.6605785491034019,0.38488671251168965
SmolLM2-360M,16,model.layers.16.mlp.down_proj,2560,1,0.3,8,0.7471163366336634,0.94235199,0.6960612617292014,0.38488671251168965
SmolLM2-360M,16,model.layers.16.mlp.down_proj,2560,1,0.5,1,0.5,0.5,0.0,0.4792615305803838
SmolLM2-360M,16,model.layers.16.mlp.down_proj,2560,1,0.5,2,0.6767688967710371,0.75,0.7070755870841485,0.4792615305803838
SmolLM2-360M,16,model.layers.16.mlp.down_proj,2560,1,0.5,3,0.7735899203431372,0.875,0.7295731209150326,0.4792615305803838
SmolLM2-360M,16,model.layers.16.mlp.down_proj,2560,1,0.5,4,0.8331893111493124,0.9375,0.7615755683412855,0.4792615305803838
SmolLM2-360M,16,model.layers.16.mlp.down_proj,2560,1,0.5,6,0.9010971400394477,0.984375,0.8280715149201502,0.4792615305803838
SmolLM2-360M,16,model.layers.16.mlp.down_proj,2560,1,0.5,8,0.9365516707920791,0.99609375,0.8799781710454508,0.4792615305803838
SmolLM2-360M,17,model.layers.17.mlp.down_proj,2560,1,0.1,1,0.10000000000000002,0.09999999999999998,1.3877787807814455e-08,0.37328939409656137
SmolLM2-360M,17,model.layers.17.mlp.down_proj,2560,1,0.1,2,0.14629020914872798,0.18999999999999995,0.5143356572080889,0.37328939409656137
SmolLM2-360M,17,model.layers.17.mlp.down_proj,2560,1,0.1,3,0.1803293504901961,0.2709999999999999,0.4697622835683985,0.37328939409656137
SmolLM2-360M,17,model.layers.17.mlp.down_proj,2560,1,0.1,4,0.20753238580550099,0.3439,0.4408871906744608,0.37328939409656137
SmolLM2-360M,17,model.layers.17.mlp.down_proj,2560,1,0.1,6,0.2510794193786982,0.46855899999999995,0.4099192242726354,0.37328939409656137
SmolLM2-360M,17,model.layers.17.mlp.down_proj,2560,1,0.1,8,0.2859336324257426,0.5695327899999999,0.3959971196596145,0.37328939409656137
SmolLM2-360M,17,model.layers.17.mlp.down_proj,2560,1,0.2,1,0.20000000000000004,0.19999999999999996,2.775557561562891e-08,0.38739717840349874
SmolLM2-360M,17,model.layers.17.mlp.down_proj,2560,1,0.2,2,0.2892704256360078,0.3599999999999999,0.5579401602250491,0.38739717840349874
SmolLM2-360M,17,model.layers.17.mlp.down_proj,2560,1,0.2,3,0.3531181066176471,0.4879999999999999,0.5316600924223859,0.38739717840349874
SmolLM2-360M,17,model.layers.17.mlp.down_proj,2560,1,0.2,4,0.4028341416994106,0.5903999999999999,0.5195546662382445,0.38739717840349874
SmolLM2-360M,17,model.layers.17.mlp.down_proj,2560,1,0.2,6,0.47845938116370806,0.7378559999999998,0.5177210650503259,0.38739717840349874
SmolLM2-360M,17,model.layers.17.mlp.down_proj,2560,1,0.2,8,0.5359800433168317,0.8322278399999999,0.531422411447164,0.38739717840349874
SmolLM2-360M,17,model.layers.17.mlp.down_proj,2560,1,0.3,1,0.29999999999999993,0.30000000000000004,-5.551115123125782e-08,0.4117270624554414
SmolLM2-360M,17,model.layers.17.mlp.down_proj,2560,1,0.3,2,0.42602663282778863,0.51,0.6001268229894696,0.4117270624554414
SmolLM2-360M,17,model.layers.17.mlp.down_proj,2560,1,0.3,3,0.5107598039215685,0.657,0.5903635964189593,0.4117270624554414
SmolLM2-360M,17,model.layers.17.mlp.down_proj,2560,1,0.3,4,0.5731213163064833,0.7599,0.5938710943824382,0.4117270624554414
SmolLM2-360M,17,model.layers.17.mlp.down_proj,2560,1,0.3,6,0.661810435157791,0.882351,0.6212927172062742,0.4117270624554414
SmolLM2-360M,17,model.layers.17.mlp.down_proj,2560,1,0.3,8,0.7234181621287128,0.94235199,0.659168444591746,0.4117270624554414
SmolLM2-360M,17,model.layers.17.mlp.down_proj,2560,1,0.5,1,0.5,0.5,0.0,0.49703157440178547
SmolLM2-360M,17,model.layers.17.mlp.down_proj,2560,1,0.5,2,0.6687828705968689,0.75,0.6751314823874757,0.49703157440178547
SmolLM2-360M,17,model.layers.17.mlp.down_proj,2560,1,0.5,3,0.7627428002450981,0.875,0.7006474673202616,0.49703157440178547
SmolLM2-360M,17,model.layers.17.mlp.down_proj,2560,1,0.5,4,0.8213339575147348,0.9375,0.7344776171765367,0.49703157440178547
SmolLM2-360M,17,model.layers.17.mlp.down_proj,2560,1,0.5,6,0.8900656434911243,0.984375,0.8052968123687727,0.49703157440178547
SmolLM2-360M,17,model.layers.17.mlp.down_proj,2560,1,0.5,8,0.9270498143564356,0.99609375,0.8608248226397442,0.49703157440178547
SmolLM2-360M,18,model.layers.18.mlp.down_proj,2560,1,0.1,1,0.10000000000000002,0.09999999999999998,1.3877787807814455e-08,0.37751534347175414
SmolLM2-360M,18,model.layers.18.mlp.down_proj,2560,1,0.1,2,0.14579562133072407,0.18999999999999995,0.5088402370080455,0.37751534347175414
SmolLM2-360M,18,model.layers.18.mlp.down_proj,2560,1,0.1,3,0.1794454656862745,0.2709999999999999,0.4645933665864009,0.37751534347175414
SmolLM2-360M,18,model.layers.18.mlp.down_proj,2560,1,0.1,4,0.20666441552062867,0.3439,0.43732847691934673,0.37751534347175414
SmolLM2-360M,18,model.layers.18.mlp.down_proj,2560,1,0.1,6,0.24952539447731756,0.46855899999999995,0.40570273545705726,0.37751534347175414
SmolLM2-360M,18,model.layers.18.mlp.down_proj,2560,1,0.1,8,0.28402459777227723,0.5695327899999999,0.3919313021190219,0.37751534347175414
SmolLM2-360M,18,model.layers.18.mlp.down_proj,2560,1,0.2,1,0.20000000000000004,0.19999999999999996,2.775557561562891e-08,0.3952721430770042
SmolLM2-360M,18,model.layers.18.mlp.down_proj,2560,1,0.2,2,0.2876177226027397,0.3599999999999999,0.5476107662671236,0.3952721430770042
SmolLM2-360M,18,model.layers.18.mlp.down_proj,2560,1,0.2,3,0.34976102941176473,0.4879999999999999,0.5200035743464055,0.3952721430770042
SmolLM2-360M,18,model.layers.18.mlp.down_proj,2560,1,0.2,4,0.39795785240667975,0.5903999999999999,0.5070641711236674,0.3952721430770042
SmolLM2-360M,18,model.layers.18.mlp.down_proj,2560,1,0.2,6,0.4706769292406312,0.7378559999999998,0.5032516681800171,0.3952721430770042
SmolLM2-360M,18,model.layers.18.mlp.down_proj,2560,1,0.2,8,0.5251647586633663,0.8322278399999999,0.5143157863205872,0.3952721430770042
SmolLM2-360M,18,model.layers.18.mlp.down_proj,2560,1,0.3,1,0.29999999999999993,0.30000000000000004,-5.551115123125782e-08,0.42641340845994447
SmolLM2-360M,18,model.layers.18.mlp.down_proj,2560,1,0.3,2,0.42170147382583173,0.51,0.5795308277420559,0.42641340845994447
SmolLM2-360M,18,model.layers.18.mlp.down_proj,2560,1,0.3,3,0.5033578431372548,0.657,0.5696298127093973,0.42641340845994447
SmolLM2-360M,18,model.layers.18.mlp.down_proj,2560,1,0.3,4,0.5631147163555993,0.7599,0.5721128861830818,0.42641340845994447
SmolLM2-360M,18,model.layers.18.mlp.down_proj,2560,1,0.3,6,0.6479236008382642,0.882351,0.5974465585845378,0.42641340845994447
SmolLM2-360M,18,model.layers.18.mlp.down_proj,2560,1,0.3,8,0.7063907797029702,0.94235199,0.6326605755560438,0.42641340845994447
SmolLM2-360M,18,model.layers.18.mlp.down_proj,2560,1,0.5,1,0.5,0.5,0.0,0.5098199033667118
SmolLM2-360M,18,model.layers.18.mlp.down_proj,2560,1,0.5,2,0.6631734650195694,0.75,0.6526938600782777,0.5098199033667118
SmolLM2-360M,18,model.layers.18.mlp.down_proj,2560,1,0.5,3,0.7547663909313725,0.875,0.6793770424836602,0.5098199033667118
SmolLM2-360M,18,model.layers.18.mlp.down_proj,2560,1,0.5,4,0.8121891883595285,0.9375,0.7135752876789222,0.5098199033667118
SmolLM2-360M,18,model.layers.18.mlp.down_proj,2560,1,0.5,6,0.8784663153353057,0.984375,0.7813498123051473,0.5098199033667118
SmolLM2-360M,18,model.layers.18.mlp.down_proj,2560,1,0.5,8,0.9155430074257426,0.99609375,0.8376299992203945,0.5098199033667118
SmolLM2-360M,19,model.layers.19.mlp.down_proj,2560,1,0.1,1,0.10000000000000002,0.09999999999999998,1.3877787807814455e-08,0.4109248051170458
SmolLM2-360M,19,model.layers.19.mlp.down_proj,2560,1,0.1,2,0.14232204011741684,0.18999999999999995,0.47024489019352067,0.4109248051170458
SmolLM2-360M,19,model.layers.19.mlp.down_proj,2560,1,0.1,3,0.1743435968137255,0.2709999999999999,0.43475787610365807,0.4109248051170458
SmolLM2-360M,19,model.layers.19.mlp.down_proj,2560,1,0.1,4,0.2003161836935167,0.3439,0.41130046614807997,0.4109248051170458
SmolLM2-360M,19,model.layers.19.mlp.down_proj,2560,1,0.1,6,0.24089774408284026,0.46855899999999995,0.38229359229550836,0.4109248051170458
SmolLM2-360M,19,model.layers.19.mlp.down_proj,2560,1,0.1,8,0.2731025680693069,0.5695327899999999,0.3686698176485329,0.4109248051170458
SmolLM2-360M,19,model.layers.19.mlp.down_proj,2560,1,0.2,1,0.20000000000000004,0.19999999999999996,2.775557561562891e-08,0.4119526537773349
SmolLM2-360M,19,model.layers.19.mlp.down_proj,2560,1,0.2,2,0.2841089774951076,0.3599999999999999,0.5256811093444229,0.4119526537773349
SmolLM2-360M,19,model.layers.19.mlp.down_proj,2560,1,0.2,3,0.3452405024509803,0.4879999999999999,0.5043073001770152,0.4119526537773349
SmolLM2-360M,19,model.layers.19.mlp.down_proj,2560,1,0.2,4,0.3933048870333988,0.5903999999999999,0.49514571473718955,0.4119526537773349
SmolLM2-360M,19,model.layers.19.mlp.down_proj,2560,1,0.2,6,0.46597401997041416,0.7378559999999998,0.49450786078506925,0.4119526537773349
SmolLM2-360M,19,model.layers.19.mlp.down_proj,2560,1,0.2,8,0.5207425742574258,0.8322278399999999,0.5073211806955952,0.4119526537773349
SmolLM2-360M,19,model.layers.19.mlp.down_proj,2560,1,0.3,1,0.29999999999999993,0.30000000000000004,-5.551115123125782e-08,0.43418484727392864
SmolLM2-360M,19,model.layers.19.mlp.down_proj,2560,1,0.3,2,0.4192591120352251,0.51,0.5679005335010718,0.43418484727392864
SmolLM2-360M,19,model.layers.19.mlp.down_proj,2560,1,0.3,3,0.5005369178921568,0.657,0.5617280613225681,0.43418484727392864
SmolLM2-360M,19,model.layers.19.mlp.down_proj,2560,1,0.3,4,0.5611209172396857,0.7599,0.5677775978249309,0.43418484727392864
SmolLM2-360M,19,model.layers.19.mlp.down_proj,2560,1,0.3,6,0.6470052083333334,0.882351,0.5958695156929985,0.43418484727392864
SmolLM2-360M,19,model.layers.19.mlp.down_proj,2560,1,0.3,8,0.7066646039603961,0.94235199,0.6330868593719092,0.43418484727392864
SmolLM2-360M,19,model.layers.19.mlp.down_proj,2560,1,0.5,1,0.5,0.5,0.0,0.5122491224704316
SmolLM2-360M,19,model.layers.19.mlp.down_proj,2560,1,0.5,2,0.661932026663405,0.75,0.64772810665362,0.5122491224704316
SmolLM2-360M,19,model.layers.19.mlp.down_proj,2560,1,0.5,3,0.7543696384803922,0.875,0.6783190359477125,0.5122491224704316
SmolLM2-360M,19,model.layers.19.mlp.down_proj,2560,1,0.5,4,0.8138545248035364,0.9375,0.7173817709795117,0.5122491224704316
SmolLM2-360M,19,model.layers.19.mlp.down_proj,2560,1,0.5,6,0.8838557075936884,0.984375,0.7924762995482598,0.5122491224704316
SmolLM2-360M,19,model.layers.19.mlp.down_proj,2560,1,0.5,8,0.9221797648514851,0.99609375,0.8510080299368519,0.5122491224704316
SmolLM2-360M,20,model.layers.20.mlp.down_proj,2560,1,0.1,1,0.10000000000000002,0.09999999999999998,1.3877787807814455e-08,0.3614452274847576
SmolLM2-360M,20,model.layers.20.mlp.down_proj,2560,1,0.1,2,0.1473221930039139,0.18999999999999995,0.5258021444879324,0.3614452274847576
SmolLM2-360M,20,model.layers.20.mlp.down_proj,2560,1,0.1,3,0.18256280637254904,0.2709999999999999,0.4828234290792344,0.3614452274847576
SmolLM2-360M,20,model.layers.20.mlp.down_proj,2560,1,0.1,4,0.21105798747544202,0.3439,0.455342302072333,0.3614452274847576
SmolLM2-360M,20,model.layers.20.mlp.down_proj,2560,1,0.1,6,0.2563925357495069,0.46855899999999995,0.4243351424046269,0.3614452274847576
SmolLM2-360M,20,model.layers.20.mlp.down_proj,2560,1,0.1,8,0.29303217821782174,0.5695327899999999,0.4111154371515177,0.3614452274847576
SmolLM2-360M,20,model.layers.20.mlp.down_proj,2560,1,0.2,1,0.20000000000000004,0.19999999999999996,2.775557561562891e-08,0.37972360205458816
SmolLM2-360M,20,model.layers.20.mlp.down_proj,2560,1,0.2,2,0.29053709026418784,0.3599999999999999,0.5658568141511744,0.37972360205458816
SmolLM2-360M,20,model.layers.20.mlp.down_proj,2560,1,0.2,3,0.3557689950980392,0.4879999999999999,0.5408645663126364,0.37972360205458816
SmolLM2-360M,20,model.layers.20.mlp.down_proj,2560,1,0.2,4,0.406824809675835,0.5903999999999999,0.5297766641286759,0.37972360205458816
SmolLM2-360M,20,model.layers.20.mlp.down_proj,2560,1,0.2,6,0.4850984652366864,0.7378559999999998,0.5300646738842487,0.37972360205458816
SmolLM2-360M,20,model.layers.20.mlp.down_proj,2560,1,0.2,8,0.5448630878712871,0.8322278399999999,0.5454727964388395,0.37972360205458816
SmolLM2-360M,20,model.layers.20.mlp.down_proj,2560,1,0.3,1,0.29999999999999993,0.30000000000000004,-5.551115123125782e-08,0.41279097991879343
SmolLM2-360M,20,model.layers.20.mlp.down_proj,2560,1,0.3,2,0.4254762414383562,0.51,0.5975059116112201,0.41279097991879343
SmolLM2-360M,20,model.layers.20.mlp.down_proj,2560,1,0.3,3,0.5113687193627451,0.657,0.5920692419124511,0.41279097991879343
SmolLM2-360M,20,model.layers.20.mlp.down_proj,2560,1,0.3,4,0.575587088654224,0.7599,0.5992326346036617,0.41279097991879343
SmolLM2-360M,20,model.layers.20.mlp.down_proj,2560,1,0.3,6,0.6678007889546352,0.882351,0.631579217610402,0.41279097991879343
SmolLM2-360M,20,model.layers.20.mlp.down_proj,2560,1,0.3,8,0.732270266089109,0.94235199,0.6729492129215773,0.41279097991879343
SmolLM2-360M,20,model.layers.20.mlp.down_proj,2560,1,0.5,1,0.5,0.5,0.0,0.49447639446601743
SmolLM2-360M,20,model.layers.20.mlp.down_proj,2560,1,0.5,2,0.6696527947651663,0.75,0.678611179060665,0.49447639446601743
SmolLM2-360M,20,model.layers.20.mlp.down_proj,2560,1,0.5,3,0.765978094362745,0.875,0.7092749183006534,0.49447639446601743
SmolLM2-360M,20,model.layers.20.mlp.down_proj,2560,1,0.5,4,0.827129635314342,0.9375,0.7477248807184961,0.49447639446601743
SmolLM2-360M,20,model.layers.20.mlp.down_proj,2560,1,0.5,6,0.8978126540927022,0.984375,0.8212906407075141,0.49447639446601743
SmolLM2-360M,20,model.layers.20.mlp.down_proj,2560,1,0.5,8,0.9359112004950495,0.99609375,0.8786871443049816,0.49447639446601743
SmolLM2-360M,21,model.layers.21.mlp.down_proj,2560,1,0.1,1,0.10000000000000002,0.09999999999999998,1.3877787807814455e-08,0.3506844838713756
SmolLM2-360M,21,model.layers.21.mlp.down_proj,2560,1,0.1,2,0.14855292930528374,0.18999999999999995,0.5394769922809308,0.3506844838713756
SmolLM2-360M,21,model.layers.21.mlp.down_proj,2560,1,0.1,3,0.1851217830882353,0.2709999999999999,0.4977882051943587,0.3506844838713756
SmolLM2-360M,21,model.layers.21.mlp.down_proj,2560,1,0.1,4,0.2149987721021611,0.3439,0.47149968061566666,0.3506844838713756
SmolLM2-360M,21,model.layers.21.mlp.down_proj,2560,1,0.1,6,0.26254853920118343,0.46855899999999995,0.4410380405883005,0.3506844838713756
SmolLM2-360M,21,model.layers.21.mlp.down_proj,2560,1,0.1,8,0.301069771039604,0.5695327899999999,0.4282337151354307,0.3506844838713756
SmolLM2-360M,21,model.layers.21.mlp.down_proj,2560,1,0.2,1,0.20000000000000004,0.19999999999999996,2.775557561562891e-08,0.367280191966784
SmolLM2-360M,21,model.layers.21.mlp.down_proj,2560,1,0.2,2,0.29325159001956946,0.3599999999999999,0.5828224376223096,0.367280191966784
SmolLM2-360M,21,model.layers.21.mlp.down_proj,2560,1,0.2,3,0.36093060661764703,0.4879999999999999,0.5587868285334968,0.367280191966784
SmolLM2-360M,21,model.layers.21.mlp.down_proj,2560,1,0.2,4,0.4141737782416503,0.5903999999999999,0.5486008663976699,0.367280191966784
SmolLM2-360M,21,model.layers.21.mlp.down_proj,2560,1,0.2,6,0.4961523052268245,0.7378559999999998,0.5506163456888545,0.367280191966784
SmolLM2-360M,21,model.layers.21.mlp.down_proj,2560,1,0.2,8,0.5587151918316832,0.8322278399999999,0.5673827837630232,0.367280191966784
SmolLM2-360M,21,model.layers.21.mlp.down_proj,2560,1,0.3,1,0.29999999999999993,0.30000000000000004,-5.551115123125782e-08,0.39354695024946207
SmolLM2-360M,21,model.layers.21.mlp.down_proj,2560,1,0.3,2,0.4313195633561644,0.51,0.6253312540769733,0.39354695024946207
SmolLM2-360M,21,model.layers.21.mlp.down_proj,2560,1,0.3,3,0.5207843137254903,0.657,0.6184434558136982,0.39354695024946207
SmolLM2-360M,21,model.layers.21.mlp.down_proj,2560,1,0.3,4,0.5874217215127701,0.7599,0.6249656914824311,0.39354695024946207
SmolLM2-360M,21,model.layers.21.mlp.down_proj,2560,1,0.3,6,0.6822238658777121,0.882351,0.6563461999339094,0.39354695024946207
SmolLM2-360M,21,model.layers.21.mlp.down_proj,2560,1,0.3,8,0.7477923886138613,0.94235199,0.6971137251615913,0.39354695024946207
SmolLM2-360M,21,model.layers.21.mlp.down_proj,2560,1,0.5,1,0.5,0.5,0.0,0.48072926478071615
SmolLM2-360M,21,model.layers.21.mlp.down_proj,2560,1,0.5,2,0.6758622798434442,0.75,0.7034491193737766,0.48072926478071615
SmolLM2-360M,21,model.layers.21.mlp.down_proj,2560,1,0.5,3,0.7746354166666666,0.875,0.7323611111111109,0.48072926478071615
SmolLM2-360M,21,model.layers.21.mlp.down_proj,2560,1,0.5,4,0.8363411714145383,0.9375,0.7687798203760876,0.48072926478071615
SmolLM2-360M,21,model.layers.21.mlp.down_proj,2560,1,0.5,6,0.9061259553747534,0.984375,0.8384535852898134,0.48072926478071615
SmolLM2-360M,21,model.layers.21.mlp.down_proj,2560,1,0.5,8,0.9426964727722773,0.99609375,0.8923645435409684,0.48072926478071615
SmolLM2-360M,22,model.layers.22.mlp.down_proj,2560,1,0.1,1,0.10000000000000002,0.09999999999999998,1.3877787807814455e-08,0.3845437429299313
SmolLM2-360M,22,model.layers.22.mlp.down_proj,2560,1,0.1,2,0.14493945694716243,0.18999999999999995,0.4993272994129161,0.3845437429299313
SmolLM2-360M,22,model.layers.22.mlp.down_proj,2560,1,0.1,3,0.17678232230392157,0.2709999999999999,0.4490194286779042,0.3845437429299313
SmolLM2-360M,22,model.layers.22.mlp.down_proj,2560,1,0.1,4,0.2016369413064833,0.3439,0.41671562651284666,0.3845437429299313
SmolLM2-360M,22,model.layers.22.mlp.down_proj,2560,1,0.1,6,0.23936529215976332,0.46855899999999995,0.3781356367902109,0.3845437429299313
SmolLM2-360M,22,model.layers.22.mlp.down_proj,2560,1,0.1,8,0.26872137995049505,0.5695327899999999,0.3593388652377081,0.3845437429299313
SmolLM2-360M,22,model.layers.22.mlp.down_proj,2560,1,0.2,1,0.20000000000000004,0.19999999999999996,2.775557561562891e-08,0.4045626656585623
SmolLM2-360M,22,model.layers.22.mlp.down_proj,2560,1,0.2,2,0.2855071245107632,0.3599999999999999,0.5344195281922705,0.4045626656585623
SmolLM2-360M,22,model.layers.22.mlp.down_proj,2560,1,0.2,3,0.3432889093137255,0.4879999999999999,0.49753093511710267,0.4045626656585623
SmolLM2-360M,22,model.layers.22.mlp.down_proj,2560,1,0.2,4,0.38792285731827114,0.5903999999999999,0.4813597779668831,0.4045626656585623
SmolLM2-360M,22,model.layers.22.mlp.down_proj,2560,1,0.2,6,0.4544008875739645,0.7378559999999998,0.4729907030394094,0.4045626656585623
SmolLM2-360M,22,model.layers.22.mlp.down_proj,2560,1,0.2,8,0.504451577970297,0.8322278399999999,0.4815535772203532,0.4045626656585623
SmolLM2-360M,22,model.layers.22.mlp.down_proj,2560,1,0.3,1,0.29999999999999993,0.30000000000000004,-5.551115123125782e-08,0.43014249961223666
SmolLM2-360M,22,model.layers.22.mlp.down_proj,2560,1,0.3,2,0.4203874143835616,0.51,0.5732734018264838,0.43014249961223666
SmolLM2-360M,22,model.layers.22.mlp.down_proj,2560,1,0.3,3,0.4994079350490196,0.657,0.5585656443950129,0.43014249961223666
SmolLM2-360M,22,model.layers.22.mlp.down_proj,2560,1,0.3,4,0.5580243123772103,0.7599,0.5610443843818445,0.43014249961223666
SmolLM2-360M,22,model.layers.22.mlp.down_proj,2560,1,0.3,6,0.6410626232741617,0.882351,0.5856650426875917,0.43014249961223666
SmolLM2-360M,22,model.layers.22.mlp.down_proj,2560,1,0.3,8,0.6996116955445545,0.94235199,0.6221070406344572,0.43014249961223666
SmolLM2-360M,22,model.layers.22.mlp.down_proj,2560,1,0.5,1,0.5,0.5,0.0,0.5045679332181694
SmolLM2-360M,22,model.layers.22.mlp.down_proj,2560,1,0.5,2,0.6652725966242661,0.75,0.6610903864970643,0.5045679332181694
SmolLM2-360M,22,model.layers.22.mlp.down_proj,2560,1,0.5,3,0.7578025428921569,0.875,0.6874734477124184,0.5045679332181694
SmolLM2-360M,22,model.layers.22.mlp.down_proj,2560,1,0.5,4,0.816995640962672,0.9375,0.7245614650575359,0.5045679332181694
SmolLM2-360M,22,model.layers.22.mlp.down_proj,2560,1,0.5,6,0.8863604844674556,0.984375,0.7976474518037794,0.5045679332181694
SmolLM2-360M,22,model.layers.22.mlp.down_proj,2560,1,0.5,8,0.9245861695544555,0.99609375,0.8558587354798473,0.5045679332181694
SmolLM2-360M,23,model.layers.23.mlp.down_proj,2560,1,0.1,1,0.10000000000000002,0.09999999999999998,1.3877787807814455e-08,0.3702013294595914
SmolLM2-360M,23,model.layers.23.mlp.down_proj,2560,1,0.1,2,0.1463009112035225,0.18999999999999995,0.5144545689280282,0.3702013294595914
SmolLM2-360M,23,model.layers.23.mlp.down_proj,2560,1,0.1,3,0.17971966911764703,0.2709999999999999,0.46619689542483667,0.3702013294595914
SmolLM2-360M,23,model.layers.23.mlp.down_proj,2560,1,0.1,4,0.20615330304518664,0.3439,0.4352328948142134,0.3702013294595914
SmolLM2-360M,23,model.layers.23.mlp.down_proj,2560,1,0.1,6,0.24763313609467458,0.46855899999999995,0.4005685279552923,0.3702013294595914
SmolLM2-360M,23,model.layers.23.mlp.down_proj,2560,1,0.1,8,0.28048886138613865,0.5695327899999999,0.38440097311657123,0.3702013294595914
SmolLM2-360M,23,model.layers.23.mlp.down_proj,2560,1,0.2,1,0.20000000000000004,0.19999999999999996,2.775557561562891e-08,0.3734811791209444
SmolLM2-360M,23,model.layers.23.mlp.down_proj,2560,1,0.2,2,0.2917074363992172,0.3599999999999999,0.5731714774951079,0.3734811791209444
SmolLM2-360M,23,model.layers.23.mlp.down_proj,2560,1,0.2,3,0.35613664215686275,0.4879999999999999,0.5421411186002181,0.3734811791209444
SmolLM2-360M,23,model.layers.23.mlp.down_proj,2560,1,0.2,4,0.40636895260314343,0.5903999999999999,0.5286089974465765,0.3734811791209444
SmolLM2-360M,23,model.layers.23.mlp.down_proj,2560,1,0.2,6,0.4835136217948718,0.7378559999999998,0.5271180795507939,0.3734811791209444
SmolLM2-360M,23,model.layers.23.mlp.down_proj,2560,1,0.2,8,0.5424450804455445,0.8322278399999999,0.5416482141082946,0.3734811791209444
SmolLM2-360M,23,model.layers.23.mlp.down_proj,2560,1,0.3,1,0.29999999999999993,0.30000000000000004,-5.551115123125782e-08,0.39831691161707067
SmolLM2-360M,23,model.layers.23.mlp.down_proj,2560,1,0.3,2,0.42962710983365954,0.51,0.617271951588855,0.39831691161707067
SmolLM2-360M,23,model.layers.23.mlp.down_proj,2560,1,0.3,3,0.5167248774509804,0.657,0.6070724858570878,0.39831691161707067
SmolLM2-360M,23,model.layers.23.mlp.down_proj,2560,1,0.3,4,0.5812461628192533,0.7599,0.6115376447472349,0.39831691161707067
SmolLM2-360M,23,model.layers.23.mlp.down_proj,2560,1,0.3,6,0.673560003698225,0.882351,0.6414688112465248,0.39831691161707067
SmolLM2-360M,23,model.layers.23.mlp.down_proj,2560,1,0.3,8,0.7375835396039604,0.94235199,0.6812208048175585,0.39831691161707067
SmolLM2-360M,23,model.layers.23.mlp.down_proj,2560,1,0.5,1,0.5,0.5,0.0,0.47736111892339705
SmolLM2-360M,23,model.layers.23.mlp.down_proj,2560,1,0.5,2,0.677291768590998,0.75,0.7091670743639922,0.47736111892339705
SmolLM2-360M,23,model.layers.23.mlp.down_proj,2560,1,0.5,3,0.7752098651960784,0.875,0.733892973856209,0.47736111892339705
SmolLM2-360M,23,model.layers.23.mlp.down_proj,2560,1,0.5,4,0.8363787757858546,0.9375,0.7688657732248105,0.47736111892339705
SmolLM2-360M,23,model.layers.23.mlp.down_proj,2560,1,0.5,6,0.9052314472386588,0.984375,0.8366068588152955,0.47736111892339705
SmolLM2-360M,23,model.layers.23.mlp.down_proj,2560,1,0.5,8,0.9410032487623762,0.99609375,0.8889514305761284,0.47736111892339705
SmolLM2-360M,24,model.layers.24.mlp.down_proj,2560,1,0.1,1,0.10000000000000002,0.09999999999999998,1.3877787807814455e-08,0.27798614173298564
SmolLM2-360M,24,model.layers.24.mlp.down_proj,2560,1,0.1,2,0.15668801981409,0.18999999999999995,0.6298668868232226,0.27798614173298564
SmolLM2-360M,24,model.layers.24.mlp.down_proj,2560,1,0.1,3,0.19948912377450984,0.2709999999999999,0.5818077413714029,0.27798614173298564
SmolLM2-360M,24,model.layers.24.mlp.down_proj,2560,1,0.1,4,0.2344302554027505,0.3439,0.5511695588468656,0.27798614173298564
SmolLM2-360M,24,model.layers.24.mlp.down_proj,2560,1,0.1,6,0.2919170673076923,0.46855899999999995,0.520722780634016,0.27798614173298564
SmolLM2-360M,24,model.layers.24.mlp.down_proj,2560,1,0.1,8,0.338748452970297,0.5695327899999999,0.508480894316874,0.27798614173298564
SmolLM2-360M,24,model.layers.24.mlp.down_proj,2560,1,0.2,1,0.20000000000000004,0.19999999999999996,2.775557561562891e-08,0.28700323308371795
SmolLM2-360M,24,model.layers.24.mlp.down_proj,2560,1,0.2,2,0.31104604941291586,0.3599999999999999,0.6940378088307246,0.28700323308371795
SmolLM2-360M,24,model.layers.24.mlp.down_proj,2560,1,0.2,3,0.3929220281862746,0.4879999999999999,0.6698681534245648,0.28700323308371795
SmolLM2-360M,24,model.layers.24.mlp.down_proj,2560,1,0.2,4,0.4571970162082515,0.5903999999999999,0.6588038325006443,0.28700323308371795
SmolLM2-360M,24,model.layers.24.mlp.down_proj,2560,1,0.2,6,0.5553439349112426,0.7378559999999998,0.6606674182518046,0.28700323308371795
SmolLM2-360M,24,model.layers.24.mlp.down_proj,2560,1,0.2,8,0.6276794554455445,0.8322278399999999,0.6764641295225856,0.28700323308371795
SmolLM2-360M,24,model.layers.24.mlp.down_proj,2560,1,0.3,1,0.29999999999999993,0.30000000000000004,-5.551115123125782e-08,0.3179752008956604
SmolLM2-360M,24,model.layers.24.mlp.down_proj,2560,1,0.3,2,0.4555230247064579,0.51,0.7405858319355137,0.3179752008956604
SmolLM2-360M,24,model.layers.24.mlp.down_proj,2560,1,0.3,3,0.561421568627451,0.657,0.7322733014774536,0.3179752008956604
SmolLM2-360M,24,model.layers.24.mlp.down_proj,2560,1,0.3,4,0.6386803167976425,0.7599,0.7364216499187703,0.3179752008956604
SmolLM2-360M,24,model.layers.24.mlp.down_proj,2560,1,0.3,6,0.7451768984220908,0.882351,0.7644477272677316,0.3179752008956604
SmolLM2-360M,24,model.layers.24.mlp.down_proj,2560,1,0.3,8,0.8135867883663367,0.94235199,0.7995410559346702,0.3179752008956604
SmolLM2-360M,24,model.layers.24.mlp.down_proj,2560,1,0.5,1,0.5,0.5,0.0,0.4242768064021917
SmolLM2-360M,24,model.layers.24.mlp.down_proj,2560,1,0.5,2,0.702317759295499,0.75,0.809271037181996,0.4242768064021917
SmolLM2-360M,24,model.layers.24.mlp.down_proj,2560,1,0.5,3,0.8106939338235294,0.875,0.8285171568627451,0.4242768064021917
SmolLM2-360M,24,model.layers.24.mlp.down_proj,2560,1,0.5,4,0.873803567043222,0.9375,0.8544081532416504,0.4242768064021917
SmolLM2-360M,24,model.layers.24.mlp.down_proj,2560,1,0.5,6,0.9389161119329389,0.984375,0.9061493923776803,0.4242768064021917
SmolLM2-360M,24,model.layers.24.mlp.down_proj,2560,1,0.5,8,0.9682193688118812,0.99609375,0.9438122709908786,0.4242768064021917
SmolLM2-360M,25,model.layers.25.mlp.down_proj,2560,1,0.1,1,0.10000000000000002,0.09999999999999998,1.3877787807814455e-08,0.23988127216714397
SmolLM2-360M,25,model.layers.25.mlp.down_proj,2560,1,0.1,2,0.16160179182974557,0.18999999999999995,0.6844643536638401,0.23988127216714397
SmolLM2-360M,25,model.layers.25.mlp.down_proj,2560,1,0.1,3,0.20814108455882355,0.2709999999999999,0.6324040032679743,0.23988127216714397
SmolLM2-360M,25,model.layers.25.mlp.down_proj,2560,1,0.1,4,0.24603388998035366,0.3439,0.5987449363688138,0.23988127216714397
SmolLM2-360M,25,model.layers.25.mlp.down_proj,2560,1,0.1,6,0.30761834319526626,0.46855899999999995,0.5633245781415358,0.23988127216714397
SmolLM2-360M,25,model.layers.25.mlp.down_proj,2560,1,0.1,8,0.3575881806930693,0.5695327899999999,0.5486053076145531,0.23988127216714397
SmolLM2-360M,25,model.layers.25.mlp.down_proj,2560,1,0.2,1,0.20000000000000004,0.19999999999999996,2.775557561562891e-08,0.2653301395687507
SmolLM2-360M,25,model.layers.25.mlp.down_proj,2560,1,0.2,2,0.31650715508806265,0.3599999999999999,0.7281697193003921,0.2653301395687507
SmolLM2-360M,25,model.layers.25.mlp.down_proj,2560,1,0.2,3,0.40167432598039216,0.4879999999999999,0.7002580763208064,0.2653301395687507
SmolLM2-360M,25,model.layers.25.mlp.down_proj,2560,1,0.2,4,0.46866327971512767,0.5903999999999999,0.6881743845162083,0.2653301395687507
SmolLM2-360M,25,model.layers.25.mlp.down_proj,2560,1,0.2,6,0.5714974728796844,0.7378559999999998,0.6907006203885139,0.2653301395687507
SmolLM2-360M,25,model.layers.25.mlp.down_proj,2560,1,0.2,8,0.6470637376237623,0.8322278399999999,0.7071244088583041,0.2653301395687507
SmolLM2-360M,25,model.layers.25.mlp.down_proj,2560,1,0.3,1,0.29999999999999993,0.30000000000000004,-5.551115123125782e-08,0.3001620291169356
SmolLM2-360M,25,model.layers.25.mlp.down_proj,2560,1,0.3,2,0.4618662854696673,0.51,0.7707918355698442,0.3001620291169356
SmolLM2-360M,25,model.layers.25.mlp.down_proj,2560,1,0.3,3,0.5713005514705882,0.657,0.7599455223265776,0.3001620291169356
SmolLM2-360M,25,model.layers.25.mlp.down_proj,2560,1,0.3,4,0.650832668222004,0.7599,0.7628455495151207,0.3001620291169356
SmolLM2-360M,25,model.layers.25.mlp.down_proj,2560,1,0.3,6,0.7608989768244576,0.882351,0.7914453256274268,0.3001620291169356
SmolLM2-360M,25,model.layers.25.mlp.down_proj,2560,1,0.3,8,0.8306969368811881,0.94235199,0.8261777734683875,0.3001620291169356
SmolLM2-360M,25,model.layers.25.mlp.down_proj,2560,1,0.5,1,0.5,0.5,0.0,0.41059916471281066
SmolLM2-360M,25,model.layers.25.mlp.down_proj,2560,1,0.5,2,0.7091533145792563,0.75,0.8366132583170254,0.41059916471281066
SmolLM2-360M,25,model.layers.25.mlp.down_proj,2560,1,0.5,3,0.8198299632352941,0.875,0.8528799019607843,0.41059916471281066
SmolLM2-360M,25,model.layers.25.mlp.down_proj,2560,1,0.5,4,0.8838876780451866,0.9375,0.8774575498175695,0.41059916471281066
SmolLM2-360M,25,model.layers.25.mlp.down_proj,2560,1,0.5,6,0.9482279339250493,0.984375,0.9253737990710696,0.41059916471281066
SmolLM2-360M,25,model.layers.25.mlp.down_proj,2560,1,0.5,8,0.9755840037128712,0.99609375,0.9586575192952365,0.41059916471281066
SmolLM2-360M,26,model.layers.26.mlp.down_proj,2560,1,0.1,1,0.10000000000000002,0.09999999999999998,1.3877787807814455e-08,0.20557055532889265
SmolLM2-360M,26,model.layers.26.mlp.down_proj,2560,1,0.1,2,0.16612340998043051,0.18999999999999995,0.7347045553381173,0.20557055532889265
SmolLM2-360M,26,model.layers.26.mlp.down_proj,2560,1,0.1,3,0.217788756127451,0.2709999999999999,0.6888231352482518,0.20557055532889265
SmolLM2-360M,26,model.layers.26.mlp.down_proj,2560,1,0.1,4,0.2606128745088408,0.3439,0.6585193706799541,0.20557055532889265
SmolLM2-360M,26,model.layers.26.mlp.down_proj,2560,1,0.1,6,0.33039940828402364,0.46855899999999995,0.6251357537979636,0.20557055532889265
SmolLM2-360M,26,model.layers.26.mlp.down_proj,2560,1,0.1,8,0.38653542698019805,0.5695327899999999,0.6102564785309204,0.20557055532889265
SmolLM2-360M,26,model.layers.26.mlp.down_proj,2560,1,0.2,1,0.20000000000000004,0.19999999999999996,2.775557561562891e-08,0.23722785212788272
SmolLM2-360M,26,model.layers.26.mlp.down_proj,2560,1,0.2,2,0.323633959148728,0.3599999999999999,0.7727122446795506,0.23722785212788272
SmolLM2-360M,26,model.layers.26.mlp.down_proj,2560,1,0.2,3,0.41453278186274506,0.4879999999999999,0.7449054925789762,0.23722785212788272
SmolLM2-360M,26,model.layers.26.mlp.down_proj,2560,1,0.2,4,0.48627977652259335,0.5903999999999999,0.7332986078959872,0.23722785212788272
SmolLM2-360M,26,model.layers.26.mlp.down_proj,2560,1,0.2,6,0.5947492911735699,0.7378559999999998,0.7339311845058342,0.23722785212788272
SmolLM2-360M,26,model.layers.26.mlp.down_proj,2560,1,0.2,8,0.673678063118812,0.8322278399999999,0.7492205074658086,0.23722785212788272
SmolLM2-360M,26,model.layers.26.mlp.down_proj,2560,1,0.3,1,0.29999999999999993,0.30000000000000004,-5.551115123125782e-08,0.2795181893462805
SmolLM2-360M,26,model.layers.26.mlp.down_proj,2560,1,0.3,2,0.46924153008806263,0.51,0.8059120480383934,0.2795181893462805
SmolLM2-360M,26,model.layers.26.mlp.down_proj,2560,1,0.3,3,0.5830277267156863,0.657,0.7927947527050034,0.2795181893462805
SmolLM2-360M,26,model.layers.26.mlp.down_proj,2560,1,0.3,4,0.6656533951375245,0.7599,0.795071526717818,0.2795181893462805
SmolLM2-360M,26,model.layers.26.mlp.down_proj,2560,1,0.3,6,0.7770856447238659,0.882351,0.8192407065908118,0.2795181893462805
SmolLM2-360M,26,model.layers.26.mlp.down_proj,2560,1,0.3,8,0.8472687190594059,0.94235199,0.8519763736692181,0.2795181893462805
SmolLM2-360M,26,model.layers.26.mlp.down_proj,2560,1,0.5,1,0.5,0.5,0.0,0.3992634330052659
SmolLM2-360M,26,model.layers.26.mlp.down_proj,2560,1,0.5,2,0.7148353412426613,0.75,0.8593413649706454,0.3992634330052659
SmolLM2-360M,26,model.layers.26.mlp.down_proj,2560,1,0.5,3,0.8267317708333334,0.875,0.8712847222222223,0.3992634330052659
SmolLM2-360M,26,model.layers.26.mlp.down_proj,2560,1,0.5,4,0.8901461198428291,0.9375,0.8917625596407522,0.3992634330052659
SmolLM2-360M,26,model.layers.26.mlp.down_proj,2560,1,0.5,6,0.9532189965483235,0.984375,0.9356779283578293,0.3992634330052659
SmolLM2-360M,26,model.layers.26.mlp.down_proj,2560,1,0.5,8,0.9788335396039605,0.99609375,0.9652077648709755,0.3992634330052659
SmolLM2-360M,27,model.layers.27.mlp.down_proj,2560,1,0.1,1,0.10000000000000002,0.09999999999999998,1.3877787807814455e-08,0.2142364756029008
SmolLM2-360M,27,model.layers.27.mlp.down_proj,2560,1,0.1,2,0.16502262720156555,0.18999999999999995,0.722473635572951,0.2142364756029008
SmolLM2-360M,27,model.layers.27.mlp.down_proj,2560,1,0.1,3,0.21460707720588235,0.2709999999999999,0.6702168257653942,0.2142364756029008
SmolLM2-360M,27,model.layers.27.mlp.down_proj,2560,1,0.1,4,0.2555362843811395,0.3439,0.6377051430141022,0.2142364756029008
SmolLM2-360M,27,model.layers.27.mlp.down_proj,2560,1,0.1,6,0.32305303870808677,0.46855899999999995,0.6052030711720153,0.2142364756029008
SmolLM2-360M,27,model.layers.27.mlp.down_proj,2560,1,0.1,8,0.3779548267326733,0.5695327899999999,0.5919817159791402,0.2142364756029008
SmolLM2-360M,27,model.layers.27.mlp.down_proj,2560,1,0.2,1,0.20000000000000004,0.19999999999999996,2.775557561562891e-08,0.2436415586215437
SmolLM2-360M,27,model.layers.27.mlp.down_proj,2560,1,0.2,2,0.32200954011741684,0.3599999999999999,0.7625596257338558,0.2436415586215437
SmolLM2-360M,27,model.layers.27.mlp.down_proj,2560,1,0.2,3,0.4111121323529412,0.4879999999999999,0.7330282373366017,0.2436415586215437
SmolLM2-360M,27,model.layers.27.mlp.down_proj,2560,1,0.2,4,0.4818140655697446,0.5903999999999999,0.7218597991028295,0.2436415586215437
SmolLM2-360M,27,model.layers.27.mlp.down_proj,2560,1,0.2,6,0.5893475714990137,0.7378559999999998,0.7238881252584591,0.2436415586215437
SmolLM2-360M,27,model.layers.27.mlp.down_proj,2560,1,0.2,8,0.6682897586633664,0.8322278399999999,0.7406977817733659,0.2436415586215437
SmolLM2-360M,27,model.layers.27.mlp.down_proj,2560,1,0.3,1,0.29999999999999993,0.30000000000000004,-5.551115123125782e-08,0.2825376210726741
SmolLM2-360M,27,model.layers.27.mlp.down_proj,2560,1,0.3,2,0.46820113747553815,0.51,0.8009577975025626,0.2825376210726741
SmolLM2-360M,27,model.layers.27.mlp.down_proj,2560,1,0.3,3,0.5816444546568628,0.657,0.788920041055638,0.2825376210726741
SmolLM2-360M,27,model.layers.27.mlp.down_proj,2560,1,0.3,4,0.6644477529469548,0.7599,0.7924499955358878,0.2825376210726741
SmolLM2-360M,27,model.layers.27.mlp.down_proj,2560,1,0.3,6,0.7768044255424064,0.882351,0.8187578033564059,0.2825376210726741
SmolLM2-360M,27,model.layers.27.mlp.down_proj,2560,1,0.3,8,0.8471418626237623,0.94235199,0.8517788862516986,0.2825376210726741
SmolLM2-360M,27,model.layers.27.mlp.down_proj,2560,1,0.5,1,0.5,0.5,0.0,0.3986213873111219
SmolLM2-360M,27,model.layers.27.mlp.down_proj,2560,1,0.5,2,0.7152229085127202,0.75,0.8608916340508808,0.3986213873111219
SmolLM2-360M,27,model.layers.27.mlp.down_proj,2560,1,0.5,3,0.8282437193627451,0.875,0.8753165849673202,0.3986213873111219
SmolLM2-360M,27,model.layers.27.mlp.down_proj,2560,1,0.5,4,0.8923686149312376,0.9375,0.8968425484142575,0.3986213873111219
SmolLM2-360M,27,model.layers.27.mlp.down_proj,2560,1,0.5,6,0.9550804363905324,0.984375,0.9395209009352927,0.3986213873111219
SmolLM2-360M,27,model.layers.27.mlp.down_proj,2560,1,0.5,8,0.9799806621287128,0.99609375,0.9675200748421298,0.3986213873111219
SmolLM2-360M,28,model.layers.28.mlp.down_proj,2560,1,0.1,1,0.10000000000000002,0.09999999999999998,1.3877787807814455e-08,0.24859952449297595
SmolLM2-360M,28,model.layers.28.mlp.down_proj,2560,1,0.1,2,0.16039551736790608,0.18999999999999995,0.6710613040878457,0.24859952449297595
SmolLM2-360M,28,model.layers.28.mlp.down_proj,2560,1,0.1,3,0.20581878063725492,0.2709999999999999,0.6188232785804385,0.24859952449297595
SmolLM2-360M,28,model.layers.28.mlp.down_proj,2560,1,0.1,4,0.24300174975442043,0.3439,0.586313037123495,0.24859952449297595
SmolLM2-360M,28,model.layers.28.mlp.down_proj,2560,1,0.1,6,0.3033361070019724,0.46855899999999995,0.5517057160508152,0.24859952449297595
SmolLM2-360M,28,model.layers.28.mlp.down_proj,2560,1,0.1,8,0.353075495049505,0.5695327899999999,0.5389942948382903,0.24859952449297595
SmolLM2-360M,28,model.layers.28.mlp.down_proj,2560,1,0.2,1,0.20000000000000004,0.19999999999999996,2.775557561562891e-08,0.26362104473558945
SmolLM2-360M,28,model.layers.28.mlp.down_proj,2560,1,0.2,2,0.31682745229941295,0.3599999999999999,0.7301715768713315,0.26362104473558945
SmolLM2-360M,28,model.layers.28.mlp.down_proj,2560,1,0.2,3,0.40226409313725486,0.4879999999999999,0.7023058789488019,0.26362104473558945
SmolLM2-360M,28,model.layers.28.mlp.down_proj,2560,1,0.2,4,0.47010375736738697,0.5903999999999999,0.6918641326008889,0.26362104473558945
SmolLM2-360M,28,model.layers.28.mlp.down_proj,2560,1,0.2,6,0.5740785256410256,0.7378559999999998,0.6954994006593319,0.26362104473558945
SmolLM2-360M,28,model.layers.28.mlp.down_proj,2560,1,0.2,8,0.6503774752475248,0.8322278399999999,0.7123657750464213,0.26362104473558945
SmolLM2-360M,28,model.layers.28.mlp.down_proj,2560,1,0.3,1,0.29999999999999993,0.30000000000000004,-5.551115123125782e-08,0.2974366459049809
SmolLM2-360M,28,model.layers.28.mlp.down_proj,2560,1,0.3,2,0.4627874266144814,0.51,0.775178221973721,0.2974366459049809
SmolLM2-360M,28,model.layers.28.mlp.down_proj,2560,1,0.3,3,0.5731433823529413,0.657,0.765107513593673,0.2974366459049809
SmolLM2-360M,28,model.layers.28.mlp.down_proj,2560,1,0.3,4,0.6541157600687623,0.7599,0.7699842575967868,0.2974366459049809
SmolLM2-360M,28,model.layers.28.mlp.down_proj,2560,1,0.3,6,0.7652436205621301,0.882351,0.7989058498433592,0.2974366459049809
SmolLM2-360M,28,model.layers.28.mlp.down_proj,2560,1,0.3,8,0.8351926051980197,0.94235199,0.833176534874625,0.2974366459049809
SmolLM2-360M,28,model.layers.28.mlp.down_proj,2560,1,0.5,1,0.5,0.5,0.0,0.4066886523517896
SmolLM2-360M,28,model.layers.28.mlp.down_proj,2560,1,0.5,2,0.7111179060665362,0.75,0.844471624266145,0.4066886523517896
SmolLM2-360M,28,model.layers.28.mlp.down_proj,2560,1,0.5,3,0.8232176776960785,0.875,0.8619138071895426,0.4066886523517896
SmolLM2-360M,28,model.layers.28.mlp.down_proj,2560,1,0.5,4,0.8884669695481338,0.9375,0.8879245018243057,0.4066886523517896
SmolLM2-360M,28,model.layers.28.mlp.down_proj,2560,1,0.5,6,0.9524747287968441,0.984375,0.9341413755805814,0.4066886523517896
SmolLM2-360M,28,model.layers.28.mlp.down_proj,2560,1,0.5,8,0.9783060024752475,0.99609375,0.9641443829422311,0.4066886523517896
SmolLM2-360M,29,model.layers.29.mlp.down_proj,2560,1,0.1,1,0.10000000000000002,0.09999999999999998,1.3877787807814455e-08,0.2473513400087936
SmolLM2-360M,29,model.layers.29.mlp.down_proj,2560,1,0.1,2,0.16057286570450097,0.18999999999999995,0.6730318411611222,0.2473513400087936
SmolLM2-360M,29,model.layers.29.mlp.down_proj,2560,1,0.1,3,0.20591069240196075,0.2709999999999999,0.6193607742804725,0.2473513400087936
SmolLM2-360M,29,model.layers.29.mlp.down_proj,2560,1,0.1,4,0.24277919327111983,0.3439,0.5854005464170555,0.2473513400087936
SmolLM2-360M,29,model.layers.29.mlp.down_proj,2560,1,0.1,6,0.3021233974358974,0.46855899999999995,0.5484153078228924,0.2473513400087936
SmolLM2-360M,29,model.layers.29.mlp.down_proj,2560,1,0.1,8,0.3503550433168317,0.5695327899999999,0.5332003401015544,0.2473513400087936
SmolLM2-360M,29,model.layers.29.mlp.down_proj,2560,1,0.2,1,0.20000000000000004,0.19999999999999996,2.775557561562891e-08,0.2773573445000943
SmolLM2-360M,29,model.layers.29.mlp.down_proj,2560,1,0.2,2,0.3134952910958904,0.3599999999999999,0.7093455693493156,0.2773573445000943
SmolLM2-360M,29,model.layers.29.mlp.down_proj,2560,1,0.2,3,0.39488281249999996,0.4879999999999999,0.6766764322916667,0.2773573445000943
SmolLM2-360M,29,model.layers.29.mlp.down_proj,2560,1,0.2,4,0.4581225442043222,0.5903999999999999,0.6611745497036943,0.2773573445000943
SmolLM2-360M,29,model.layers.29.mlp.down_proj,2560,1,0.2,6,0.5553747534516766,0.7378559999999998,0.6607247171207102,0.2773573445000943
SmolLM2-360M,29,model.layers.29.mlp.down_proj,2560,1,0.2,8,0.627914603960396,0.8322278399999999,0.6768360658720692,0.2773573445000943
SmolLM2-360M,29,model.layers.29.mlp.down_proj,2560,1,0.3,1,0.29999999999999993,0.30000000000000004,-5.551115123125782e-08,0.3131162925957486
SmolLM2-360M,29,model.layers.29.mlp.down_proj,2560,1,0.3,2,0.4573400807240704,0.51,0.7492384796384305,0.3131162925957486
SmolLM2-360M,29,model.layers.29.mlp.down_proj,2560,1,0.3,3,0.5622112438725491,0.657,0.7344852769539189,0.3131162925957486
SmolLM2-360M,29,model.layers.29.mlp.down_proj,2560,1,0.3,4,0.6391323366895875,0.7599,0.7374045155242172,0.3131162925957486
SmolLM2-360M,29,model.layers.29.mlp.down_proj,2560,1,0.3,6,0.7459019045857987,0.882351,0.7656926914967068,0.3131162925957486
SmolLM2-360M,29,model.layers.29.mlp.down_proj,2560,1,0.3,8,0.8155522896039604,0.94235199,0.8026009067146508,0.3131162925957486
SmolLM2-360M,29,model.layers.29.mlp.down_proj,2560,1,0.5,1,0.5,0.5,0.0,0.4167895405833565
SmolLM2-360M,29,model.layers.29.mlp.down_proj,2560,1,0.5,2,0.7061345706947162,0.75,0.8245382827788648,0.4167895405833565
SmolLM2-360M,29,model.layers.29.mlp.down_proj,2560,1,0.5,3,0.8153063725490196,0.875,0.8408169934640523,0.4167895405833565
SmolLM2-360M,29,model.layers.29.mlp.down_proj,2560,1,0.5,4,0.8792838285854617,0.9375,0.8669344653381982,0.4167895405833565
SmolLM2-360M,29,model.layers.29.mlp.down_proj,2560,1,0.5,6,0.9449357433431953,0.984375,0.9185770185149839,0.4167895405833565
SmolLM2-360M,29,model.layers.29.mlp.down_proj,2560,1,0.5,8,0.9736440284653466,0.99609375,0.9547470180088876,0.4167895405833565
SmolLM2-360M,30,model.layers.30.mlp.down_proj,2560,1,0.1,1,0.10000000000000002,0.09999999999999998,1.3877787807814455e-08,0.2811274319810341
SmolLM2-360M,30,model.layers.30.mlp.down_proj,2560,1,0.1,2,0.1563830112524462,0.18999999999999995,0.6264779028049581,0.2811274319810341
SmolLM2-360M,30,model.layers.30.mlp.down_proj,2560,1,0.1,3,0.19772135416666667,0.2709999999999999,0.5714699074074077,0.2811274319810341
SmolLM2-360M,30,model.layers.30.mlp.down_proj,2560,1,0.1,4,0.23071279469548134,0.3439,0.5359278175296488,0.2811274319810341
SmolLM2-360M,30,model.layers.30.mlp.down_proj,2560,1,0.1,6,0.28400671844181463,0.46855899999999995,0.4992598700393007,0.2811274319810341
SmolLM2-360M,30,model.layers.30.mlp.down_proj,2560,1,0.1,8,0.3262623762376238,0.5695327899999999,0.4818883389115887,0.2811274319810341
SmolLM2-360M,30,model.layers.30.mlp.down_proj,2560,1,0.2,1,0.20000000000000004,0.19999999999999996,2.775557561562891e-08,0.3175053746860078
SmolLM2-360M,30,model.layers.30.mlp.down_proj,2560,1,0.2,2,0.30400103962818004,0.3599999999999999,0.6500064976761257,0.3175053746860078
SmolLM2-360M,30,model.layers.30.mlp.down_proj,2560,1,0.2,3,0.3755514705882353,0.4879999999999999,0.6095537173202616,0.3175053746860078
SmolLM2-360M,30,model.layers.30.mlp.down_proj,2560,1,0.2,4,0.429920800589391,0.5903999999999999,0.5889364769195466,0.3175053746860078
SmolLM2-360M,30,model.layers.30.mlp.down_proj,2560,1,0.2,6,0.5120693108974359,0.7378559999999998,0.5802097790067154,0.3175053746860078
SmolLM2-360M,30,model.layers.30.mlp.down_proj,2560,1,0.2,8,0.5732742883663365,0.8322278399999999,0.5904110270853251,0.3175053746860078
SmolLM2-360M,30,model.layers.30.mlp.down_proj,2560,1,0.3,1,0.29999999999999993,0.30000000000000004,-5.551115123125782e-08,0.3524587453872695
SmolLM2-360M,30,model.layers.30.mlp.down_proj,2560,1,0.3,2,0.4441092832681018,0.51,0.6862346822290561,0.3524587453872695
SmolLM2-360M,30,model.layers.30.mlp.down_proj,2560,1,0.3,3,0.5383478860294117,0.657,0.6676411373372878,0.3524587453872695
SmolLM2-360M,30,model.layers.30.mlp.down_proj,2560,1,0.3,4,0.6064986493123773,0.7599,0.666446291177163,0.3524587453872695
SmolLM2-360M,30,model.layers.30.mlp.down_proj,2560,1,0.3,6,0.7020964312130178,0.882351,0.6904709208244131,0.3524587453872695
SmolLM2-360M,30,model.layers.30.mlp.down_proj,2560,1,0.3,8,0.7675587871287128,0.94235199,0.7278856365475147,0.3524587453872695
SmolLM2-360M,30,model.layers.30.mlp.down_proj,2560,1,0.5,1,0.5,0.5,0.0,0.44323106127124107
SmolLM2-360M,30,model.layers.30.mlp.down_proj,2560,1,0.5,2,0.6932684075342466,0.75,0.7730736301369863,0.44323106127124107
SmolLM2-360M,30,model.layers.30.mlp.down_proj,2560,1,0.5,3,0.79828125,0.875,0.7954166666666668,0.44323106127124107
SmolLM2-360M,30,model.layers.30.mlp.down_proj,2560,1,0.5,4,0.8614624263261297,0.9375,0.8261998316025821,0.44323106127124107
SmolLM2-360M,30,model.layers.30.mlp.down_proj,2560,1,0.5,6,0.9303994082840237,0.984375,0.888566520328307,0.44323106127124107
SmolLM2-360M,30,model.layers.30.mlp.down_proj,2560,1,0.5,8,0.9633330754950495,0.99609375,0.9339627348561629,0.44323106127124107
SmolLM2-360M,31,model.layers.31.mlp.down_proj,2560,1,0.1,1,0.10000000000000002,0.09999999999999998,1.3877787807814455e-08,0.40701253478754806
SmolLM2-360M,31,model.layers.31.mlp.down_proj,2560,1,0.1,2,0.1424688111545988,0.18999999999999995,0.47187567949554254,0.40701253478754806
SmolLM2-360M,31,model.layers.31.mlp.down_proj,2560,1,0.1,3,0.17191023284313728,0.2709999999999999,0.42052767744524744,0.40701253478754806
SmolLM2-360M,31,model.layers.31.mlp.down_proj,2560,1,0.1,4,0.19482517804518665,0.3439,0.3887871178564438,0.40701253478754806
SmolLM2-360M,31,model.layers.31.mlp.down_proj,2560,1,0.1,6,0.23100884492110454,0.46855899999999995,0.35546234095790513,0.40701253478754806
SmolLM2-360M,31,model.layers.31.mlp.down_proj,2560,1,0.1,8,0.2600611076732673,0.5695327899999999,0.340894419052751,0.40701253478754806
SmolLM2-360M,31,model.layers.31.mlp.down_proj,2560,1,0.2,1,0.20000000000000004,0.19999999999999996,2.775557561562891e-08,0.4003168827986183
SmolLM2-360M,31,model.layers.31.mlp.down_proj,2560,1,0.2,2,0.2861928204500979,0.3599999999999999,0.5387051278131124,0.4003168827986183
SmolLM2-360M,31,model.layers.31.mlp.down_proj,2560,1,0.2,3,0.34307674632352947,0.4879999999999999,0.49679425806781086,0.4003168827986183
SmolLM2-360M,31,model.layers.31.mlp.down_proj,2560,1,0.2,4,0.3858193148330059,0.5903999999999999,0.4759716056173308,0.4003168827986183
SmolLM2-360M,31,model.layers.31.mlp.down_proj,2560,1,0.2,6,0.4495816383136095,0.7378559999999998,0.4640305924143442,0.4003168827986183
SmolLM2-360M,31,model.layers.31.mlp.down_proj,2560,1,0.2,8,0.49773128094059405,0.8322278399999999,0.4709240278640594,0.4003168827986183
SmolLM2-360M,31,model.layers.31.mlp.down_proj,2560,1,0.3,1,0.29999999999999993,0.30000000000000004,-5.551115123125782e-08,0.4290528247550802
SmolLM2-360M,31,model.layers.31.mlp.down_proj,2560,1,0.3,2,0.4204019386007828,0.51,0.5733425647656323,0.4290528247550802
SmolLM2-360M,31,model.layers.31.mlp.down_proj,2560,1,0.3,3,0.4964162071078432,0.657,0.5501854540835943,0.4290528247550802
SmolLM2-360M,31,model.layers.31.mlp.down_proj,2560,1,0.3,4,0.5512163862966601,0.7599,0.5462413270203526,0.4290528247550802
SmolLM2-360M,31,model.layers.31.mlp.down_proj,2560,1,0.3,6,0.6298107741617357,0.882351,0.5663436212211118,0.4290528247550802
SmolLM2-360M,31,model.layers.31.mlp.down_proj,2560,1,0.3,8,0.6858145111386139,0.94235199,0.6006278755960791,0.4290528247550802
SmolLM2-360M,31,model.layers.31.mlp.down_proj,2560,1,0.5,1,0.5,0.5,0.0,0.500429525603844
SmolLM2-360M,31,model.layers.31.mlp.down_proj,2560,1,0.5,2,0.6668213368395303,0.75,0.6672853473581211,0.500429525603844
SmolLM2-360M,31,model.layers.31.mlp.down_proj,2560,1,0.5,3,0.7585975796568627,0.875,0.6895935457516339,0.500429525603844
SmolLM2-360M,31,model.layers.31.mlp.down_proj,2560,1,0.5,4,0.8172358484774067,0.9375,0.725110510805501,0.500429525603844
SmolLM2-360M,31,model.layers.31.mlp.down_proj,2560,1,0.5,6,0.8879044933431952,0.984375,0.8008350830311127,0.500429525603844
SmolLM2-360M,31,model.layers.31.mlp.down_proj,2560,1,0.5,8,0.9275905012376238,0.99609375,0.861914711156155,0.500429525603844
SmolLM2-360M,0,model.layers.0.mlp.down_proj,2560,2,0.1,1,0.10000000000000002,0.09999999999999998,1.3877787807814455e-08,0.10327746789625424
SmolLM2-360M,0,model.layers.0.mlp.down_proj,2560,2,0.1,2,0.18191199853228962,0.18999999999999995,0.9101333170254408,0.10327746789625424
SmolLM2-360M,0,model.layers.0.mlp.down_proj,2560,2,0.1,3,0.2521453737745098,0.2709999999999999,0.8897390279211104,0.10327746789625424
SmolLM2-360M,0,model.layers.0.mlp.down_proj,2560,2,0.1,4,0.31526430500982316,0.3439,0.8825924764650397,0.10327746789625424
SmolLM2-360M,0,model.layers.0.mlp.down_proj,2560,2,0.1,6,0.41696098372781065,0.46855899999999995,0.8600006612993054,0.10327746789625424
SmolLM2-360M,0,model.layers.0.mlp.down_proj,2560,2,0.1,8,0.49795405321782177,0.5695327899999999,0.8475532735803645,0.10327746789625424
SmolLM2-360M,0,model.layers.0.mlp.down_proj,2560,2,0.2,1,0.20000000000000004,0.19999999999999996,2.775557561562891e-08,0.1463654312294223
SmolLM2-360M,0,model.layers.0.mlp.down_proj,2560,2,0.2,2,0.349559686888454,0.3599999999999999,0.9347480430528383,0.1463654312294223
SmolLM2-360M,0,model.layers.0.mlp.down_proj,2560,2,0.2,3,0.4654564950980392,0.4879999999999999,0.9217239413126366,0.1463654312294223
SmolLM2-360M,0,model.layers.0.mlp.down_proj,2560,2,0.2,4,0.559596021611002,0.5903999999999999,0.9210963668314601,0.1463654312294223
SmolLM2-360M,0,model.layers.0.mlp.down_proj,2560,2,0.2,6,0.6901580991124261,0.7378559999999998,0.911318455334562,0.1463654312294223
SmolLM2-360M,0,model.layers.0.mlp.down_proj,2560,2,0.2,8,0.7755878712871287,0.8322278399999999,0.910412093347754,0.1463654312294223
SmolLM2-360M,0,model.layers.0.mlp.down_proj,2560,2,0.3,1,0.29999999999999993,0.30000000000000004,-5.551115123125782e-08,0.20240647085127855
SmolLM2-360M,0,model.layers.0.mlp.down_proj,2560,2,0.3,2,0.49963154354207434,0.51,0.9506263978194016,0.20240647085127855
SmolLM2-360M,0,model.layers.0.mlp.down_proj,2560,2,0.3,3,0.6360500919117648,0.657,0.9413167840665678,0.20240647085127855
SmolLM2-360M,0,model.layers.0.mlp.down_proj,2560,2,0.3,4,0.7338462364931239,0.7599,0.9433490682607607,0.20240647085127855
SmolLM2-360M,0,model.layers.0.mlp.down_proj,2560,2,0.3,6,0.8503243651380671,0.882351,0.9450045851008534,0.20240647085127855
SmolLM2-360M,0,model.layers.0.mlp.down_proj,2560,2,0.3,8,0.9120219678217821,0.94235199,0.9527828625887531,0.20240647085127855
SmolLM2-360M,0,model.layers.0.mlp.down_proj,2560,2,0.5,1,0.5,0.5,0.0,0.34772355991284226
SmolLM2-360M,0,model.layers.0.mlp.down_proj,2560,2,0.5,2,0.7423594973091977,0.75,0.9694379892367908,0.34772355991284226
SmolLM2-360M,0,model.layers.0.mlp.down_proj,2560,2,0.5,3,0.8630514705882353,0.875,0.9681372549019608,0.34772355991284226
SmolLM2-360M,0,model.layers.0.mlp.down_proj,2560,2,0.5,4,0.9261726424361493,0.9375,0.9741088969969126,0.34772355991284226
SmolLM2-360M,0,model.layers.0.mlp.down_proj,2560,2,0.5,6,0.9764777490138067,0.984375,0.983695997963988,0.34772355991284226
SmolLM2-360M,0,model.layers.0.mlp.down_proj,2560,2,0.5,8,0.991741181930693,0.99609375,0.9912263194823419,0.34772355991284226
SmolLM2-360M,1,model.layers.1.mlp.down_proj,2560,2,0.1,1,0.10000000000000002,0.09999999999999998,1.3877787807814455e-08,0.08655335187692717
SmolLM2-360M,1,model.layers.1.mlp.down_proj,2560,2,0.1,2,0.18413343933463797,0.18999999999999995,0.934815992607089,0.08655335187692717
SmolLM2-360M,1,model.layers.1.mlp.down_proj,2560,2,0.1,3,0.25746476715686273,0.2709999999999999,0.9208465915606012,0.08655335187692717
SmolLM2-360M,1,model.layers.1.mlp.down_proj,2560,2,0.1,4,0.3219916502946955,0.3439,0.9101748679569313,0.08655335187692717
SmolLM2-360M,1,model.layers.1.mlp.down_proj,2560,2,0.1,6,0.43011895956607493,0.46855899999999995,0.895701799619803,0.08655335187692717
SmolLM2-360M,1,model.layers.1.mlp.down_proj,2560,2,0.1,8,0.5185945235148515,0.5695327899999999,0.8915128664706283,0.08655335187692717
SmolLM2-360M,1,model.layers.1.mlp.down_proj,2560,2,0.2,1,0.20000000000000004,0.19999999999999996,2.775557561562891e-08,0.13463309835656567
SmolLM2-360M,1,model.layers.1.mlp.down_proj,2560,2,0.2,2,0.3525906616927593,0.3599999999999999,0.9536916355797465,0.13463309835656567
SmolLM2-360M,1,model.layers.1.mlp.down_proj,2560,2,0.2,3,0.4727956495098039,0.4879999999999999,0.9472071163534862,0.13463309835656567
SmolLM2-360M,1,model.layers.1.mlp.down_proj,2560,2,0.2,4,0.5682197016208251,0.5903999999999999,0.943185711118917,0.13463309835656567
SmolLM2-360M,1,model.layers.1.mlp.down_proj,2560,2,0.2,6,0.7055874013806706,0.7378559999999998,0.9400051340519965,0.13463309835656567
SmolLM2-360M,1,model.layers.1.mlp.down_proj,2560,2,0.2,8,0.7985643564356435,0.8322278399999999,0.9467541898117673,0.13463309835656567
SmolLM2-360M,1,model.layers.1.mlp.down_proj,2560,2,0.3,1,0.29999999999999993,0.30000000000000004,-5.551115123125782e-08,0.19556448248395938
SmolLM2-360M,1,model.layers.1.mlp.down_proj,2560,2,0.3,2,0.5019049657534247,0.51,0.9614522178734509,0.19556448248395938
SmolLM2-360M,1,model.layers.1.mlp.down_proj,2560,2,0.3,3,0.6428408394607843,0.657,0.9603384858845497,0.19556448248395938
SmolLM2-360M,1,model.layers.1.mlp.down_proj,2560,2,0.3,4,0.7418805255402751,0.7599,0.9608187117640249,0.19556448248395938
SmolLM2-360M,1,model.layers.1.mlp.down_proj,2560,2,0.3,6,0.8621871918145957,0.882351,0.9653751634574264,0.19556448248395938
SmolLM2-360M,1,model.layers.1.mlp.down_proj,2560,2,0.3,8,0.9261517636138613,0.94235199,0.9747798300023345,0.19556448248395938
SmolLM2-360M,1,model.layers.1.mlp.down_proj,2560,2,0.5,1,0.5,0.5,0.0,0.34440183659476975
SmolLM2-360M,1,model.layers.1.mlp.down_proj,2560,2,0.5,2,0.7438761313600784,0.75,0.9755045254403134,0.34440183659476975
SmolLM2-360M,1,model.layers.1.mlp.down_proj,2560,2,0.5,3,0.8674793198529411,0.875,0.9799448529411764,0.34440183659476975
SmolLM2-360M,1,model.layers.1.mlp.down_proj,2560,2,0.5,4,0.9301494965618862,0.9375,0.9831988492843112,0.34440183659476975
SmolLM2-360M,1,model.layers.1.mlp.down_proj,2560,2,0.5,6,0.979646665433925,0.984375,0.9902382770248773,0.34440183659476975
SmolLM2-360M,1,model.layers.1.mlp.down_proj,2560,2,0.5,8,0.994011448019802,0.99609375,0.9958026038824356,0.34440183659476975
SmolLM2-360M,2,model.layers.2.mlp.down_proj,2560,2,0.1,1,0.10000000000000002,0.09999999999999998,1.3877787807814455e-08,0.09757655949806504
SmolLM2-360M,2,model.layers.2.mlp.down_proj,2560,2,0.1,2,0.18228580601761254,0.18999999999999995,0.9142867335290288,0.09757655949806504
SmolLM2-360M,2,model.layers.2.mlp.down_proj,2560,2,0.1,3,0.25394990808823525,0.2709999999999999,0.900291860165119,0.09757655949806504
SmolLM2-360M,2,model.layers.2.mlp.down_proj,2560,2,0.1,4,0.31613841478389,0.3439,0.8861763623775728,0.09757655949806504
SmolLM2-360M,2,model.layers.2.mlp.down_proj,2560,2,0.1,6,0.42009599975345174,0.46855899999999995,0.8685068055683126,0.09757655949806504
SmolLM2-360M,2,model.layers.2.mlp.down_proj,2560,2,0.1,8,0.5051941522277228,0.5695327899999999,0.8629730678185924,0.09757655949806504
SmolLM2-360M,2,model.layers.2.mlp.down_proj,2560,2,0.2,1,0.20000000000000004,0.19999999999999996,2.775557561562891e-08,0.15023833335238776
SmolLM2-360M,2,model.layers.2.mlp.down_proj,2560,2,0.2,2,0.34785729574363994,0.3599999999999999,0.9241080983977503,0.15023833335238776
SmolLM2-360M,2,model.layers.2.mlp.down_proj,2560,2,0.2,3,0.4636167279411765,0.4879999999999999,0.9153358609068631,0.15023833335238776
SmolLM2-360M,2,model.layers.2.mlp.down_proj,2560,2,0.2,4,0.5550489624263262,0.5903999999999999,0.9094491865428439,0.15023833335238776
SmolLM2-360M,2,model.layers.2.mlp.down_proj,2560,2,0.2,6,0.6872704018737673,0.7378559999999998,0.905949551318136,0.15023833335238776
SmolLM2-360M,2,model.layers.2.mlp.down_proj,2560,2,0.2,8,0.7770297029702969,0.8322278399999999,0.9126926504380082,0.15023833335238776
SmolLM2-360M,2,model.layers.2.mlp.down_proj,2560,2,0.3,1,0.29999999999999993,0.30000000000000004,-5.551115123125782e-08,0.21056108934321743
SmolLM2-360M,2,model.layers.2.mlp.down_proj,2560,2,0.3,2,0.49572835127201564,0.51,0.9320397679619792,0.21056108934321743
SmolLM2-360M,2,model.layers.2.mlp.down_proj,2560,2,0.3,3,0.6317133884803922,0.657,0.9291691554072609,0.21056108934321743
SmolLM2-360M,2,model.layers.2.mlp.down_proj,2560,2,0.3,4,0.7277458865422398,0.7599,0.9300845543427697,0.21056108934321743
SmolLM2-360M,2,model.layers.2.mlp.down_proj,2560,2,0.3,6,0.8462617110453649,0.882351,0.9380282871418867,0.21056108934321743
SmolLM2-360M,2,model.layers.2.mlp.down_proj,2560,2,0.3,8,0.9108477722772277,0.94235199,0.950954899785128,0.21056108934321743
SmolLM2-360M,2,model.layers.2.mlp.down_proj,2560,2,0.5,1,0.5,0.5,0.0,0.3584022166764002
SmolLM2-360M,2,model.layers.2.mlp.down_proj,2560,2,0.5,2,0.7362211044520548,0.75,0.9448844178082192,0.3584022166764002
SmolLM2-360M,2,model.layers.2.mlp.down_proj,2560,2,0.5,3,0.8568030024509805,0.875,0.9514746732026147,0.3584022166764002
SmolLM2-360M,2,model.layers.2.mlp.down_proj,2560,2,0.5,4,0.9202887094793712,0.9375,0.96065990738142,0.3584022166764002
SmolLM2-360M,2,model.layers.2.mlp.down_proj,2560,2,0.5,6,0.9739675788954635,0.984375,0.9785137112680536,0.3584022166764002
SmolLM2-360M,2,model.layers.2.mlp.down_proj,2560,2,0.5,8,0.9909220297029704,0.99609375,0.9895751149918143,0.3584022166764002
SmolLM2-360M,3,model.layers.3.mlp.down_proj,2560,2,0.1,1,0.10000000000000002,0.09999999999999998,1.3877787807814455e-08,0.08842404999603119
SmolLM2-360M,3,model.layers.3.mlp.down_proj,2560,2,0.1,2,0.18381925758317025,0.18999999999999995,0.9313250842574478,0.08842404999603119
SmolLM2-360M,3,model.layers.3.mlp.down_proj,2560,2,0.1,3,0.25701976102941176,0.2709999999999999,0.9182442165462681,0.08842404999603119
SmolLM2-360M,3,model.layers.3.mlp.down_proj,2560,2,0.1,4,0.3213201436640471,0.3439,0.9074216632392256,0.08842404999603119
SmolLM2-360M,3,model.layers.3.mlp.down_proj,2560,2,0.1,6,0.42930072731755425,0.46855899999999995,0.8934817147798704,0.08842404999603119
SmolLM2-360M,3,model.layers.3.mlp.down_proj,2560,2,0.1,8,0.5166166460396039,0.5695327899999999,0.8873004290916594,0.08842404999603119
SmolLM2-360M,3,model.layers.3.mlp.down_proj,2560,2,0.2,1,0.20000000000000004,0.19999999999999996,2.775557561562891e-08,0.14175855982395333
SmolLM2-360M,3,model.layers.3.mlp.down_proj,2560,2,0.2,2,0.350414322407045,0.3599999999999999,0.940089515044032,0.14175855982395333
SmolLM2-360M,3,model.layers.3.mlp.down_proj,2560,2,0.2,3,0.46869638480392156,0.4879999999999999,0.9329735583469503,0.14175855982395333
SmolLM2-360M,3,model.layers.3.mlp.down_proj,2560,2,0.2,4,0.5626020690078585,0.5903999999999999,0.9287962833193097,0.14175855982395333
SmolLM2-360M,3,model.layers.3.mlp.down_proj,2560,2,0.2,6,0.6980299248027614,0.7378559999999998,0.9259540189246963,0.14175855982395333
SmolLM2-360M,3,model.layers.3.mlp.down_proj,2560,2,0.2,8,0.7875788985148515,0.8322278399999999,0.9293784002217487,0.14175855982395333
SmolLM2-360M,3,model.layers.3.mlp.down_proj,2560,2,0.3,1,0.29999999999999993,0.30000000000000004,-5.551115123125782e-08,0.20478212394199907
SmolLM2-360M,3,model.layers.3.mlp.down_proj,2560,2,0.3,2,0.4980935053816047,0.51,0.9433024065790699,0.20478212394199907
SmolLM2-360M,3,model.layers.3.mlp.down_proj,2560,2,0.3,3,0.6357521446078431,0.657,0.9404821977810731,0.20478212394199907
SmolLM2-360M,3,model.layers.3.mlp.down_proj,2560,2,0.3,4,0.7323320849705305,0.7599,0.9400567187878462,0.20478212394199907
SmolLM2-360M,3,model.layers.3.mlp.down_proj,2560,2,0.3,6,0.8511587771203155,0.882351,0.9464374185333508,0.20478212394199907
SmolLM2-360M,3,model.layers.3.mlp.down_proj,2560,2,0.3,8,0.9137020420792079,0.94235199,0.9553983666793151,0.20478212394199907
SmolLM2-360M,3,model.layers.3.mlp.down_proj,2560,2,0.5,1,0.5,0.5,0.0,0.35465856225544257
SmolLM2-360M,3,model.layers.3.mlp.down_proj,2560,2,0.5,2,0.7382537304305283,0.75,0.9530149217221133,0.35465856225544257
SmolLM2-360M,3,model.layers.3.mlp.down_proj,2560,2,0.5,3,0.8599678308823528,0.875,0.9599142156862742,0.35465856225544257
SmolLM2-360M,3,model.layers.3.mlp.down_proj,2560,2,0.5,4,0.9236945911100197,0.9375,0.968444779680045,0.35465856225544257
SmolLM2-360M,3,model.layers.3.mlp.down_proj,2560,2,0.5,6,0.976222725591716,0.984375,0.9831694979958007,0.35465856225544257
SmolLM2-360M,3,model.layers.3.mlp.down_proj,2560,2,0.5,8,0.9924543626237624,0.99609375,0.9926639120604974,0.35465856225544257
SmolLM2-360M,4,model.layers.4.mlp.down_proj,2560,2,0.1,1,0.10000000000000002,0.09999999999999998,1.3877787807814455e-08,0.08707424874833057
SmolLM2-360M,4,model.layers.4.mlp.down_proj,2560,2,0.1,2,0.18403941413894326,0.18999999999999995,0.9337712682104812,0.08707424874833057
SmolLM2-360M,4,model.layers.4.mlp.down_proj,2560,2,0.1,3,0.2572058823529412,0.2709999999999999,0.9193326453388377,0.08707424874833057
SmolLM2-360M,4,model.layers.4.mlp.down_proj,2560,2,0.1,4,0.3215741650294695,0.3439,0.9084631612524375,0.08707424874833057
SmolLM2-360M,4,model.layers.4.mlp.down_proj,2560,2,0.1,6,0.42999337401380666,0.46855899999999995,0.8953610521349545,0.08707424874833057
SmolLM2-360M,4,model.layers.4.mlp.down_proj,2560,2,0.1,8,0.5174234220297029,0.5695327899999999,0.8890186818043166,0.08707424874833057
SmolLM2-360M,4,model.layers.4.mlp.down_proj,2560,2,0.2,1,0.20000000000000004,0.19999999999999996,2.775557561562891e-08,0.14304740004970845
SmolLM2-360M,4,model.layers.4.mlp.down_proj,2560,2,0.2,2,0.3500305772994129,0.3599999999999999,0.9376911081213313,0.14304740004970845
SmolLM2-360M,4,model.layers.4.mlp.down_proj,2560,2,0.2,3,0.4670603553921569,0.4879999999999999,0.9272929006672118,0.14304740004970845
SmolLM2-360M,4,model.layers.4.mlp.down_proj,2560,2,0.2,4,0.5596865790766208,0.5903999999999999,0.9213283275528198,0.14304740004970845
SmolLM2-360M,4,model.layers.4.mlp.down_proj,2560,2,0.2,6,0.6944341715976331,0.7378559999999998,0.9192686733951712,0.14304740004970845
SmolLM2-360M,4,model.layers.4.mlp.down_proj,2560,2,0.2,8,0.7849412128712873,0.8322278399999999,0.9252063510383968,0.14304740004970845
SmolLM2-360M,4,model.layers.4.mlp.down_proj,2560,2,0.3,1,0.29999999999999993,0.30000000000000004,-5.551115123125782e-08,0.20547986395752116
SmolLM2-360M,4,model.layers.4.mlp.down_proj,2560,2,0.3,2,0.49781448752446184,0.51,0.9419737501164849,0.20547986395752116
SmolLM2-360M,4,model.layers.4.mlp.down_proj,2560,2,0.3,3,0.634469975490196,0.657,0.9368906876476079,0.20547986395752116
SmolLM2-360M,4,model.layers.4.mlp.down_proj,2560,2,0.3,4,0.7309315139980352,0.7599,0.9370113372429555,0.20547986395752116
SmolLM2-360M,4,model.layers.4.mlp.down_proj,2560,2,0.3,6,0.8507126787475346,0.882351,0.9456713884711019,0.20547986395752116
SmolLM2-360M,4,model.layers.4.mlp.down_proj,2560,2,0.3,8,0.9154060952970298,0.94235199,0.9580512007085549,0.20547986395752116
SmolLM2-360M,4,model.layers.4.mlp.down_proj,2560,2,0.5,1,0.5,0.5,0.0,0.3554715492932299
SmolLM2-360M,4,model.layers.4.mlp.down_proj,2560,2,0.5,2,0.7378103595890412,0.75,0.9512414383561647,0.3554715492932299
SmolLM2-360M,4,model.layers.4.mlp.down_proj,2560,2,0.5,3,0.8586757046568627,0.875,0.9564685457516339,0.3554715492932299
SmolLM2-360M,4,model.layers.4.mlp.down_proj,2560,2,0.5,4,0.9216885130157171,0.9375,0.963859458321639,0.3554715492932299
SmolLM2-360M,4,model.layers.4.mlp.down_proj,2560,2,0.5,6,0.9741740631163708,0.984375,0.9789400012725075,0.3554715492932299
SmolLM2-360M,4,model.layers.4.mlp.down_proj,2560,2,0.5,8,0.9907410272277227,0.99609375,0.989210259608638,0.3554715492932299
SmolLM2-360M,5,model.layers.5.mlp.down_proj,2560,2,0.1,1,0.10000000000000002,0.09999999999999998,1.3877787807814455e-08,0.09592746739214192
SmolLM2-360M,5,model.layers.5.mlp.down_proj,2560,2,0.1,2,0.18259922333659492,0.18999999999999995,0.9177691481843886,0.09592746739214192
SmolLM2-360M,5,model.layers.5.mlp.down_proj,2560,2,0.1,3,0.2546055453431373,0.2709999999999999,0.904125996158698,0.09592746739214192
SmolLM2-360M,5,model.layers.5.mlp.down_proj,2560,2,0.1,4,0.317907355108055,0.3439,0.8934290902339279,0.09592746739214192
SmolLM2-360M,5,model.layers.5.mlp.down_proj,2560,2,0.1,6,0.42427884615384615,0.46855899999999995,0.8798559963366684,0.09592746739214192
SmolLM2-360M,5,model.layers.5.mlp.down_proj,2560,2,0.1,8,0.5094306930693069,0.5695327899999999,0.8719959538274356,0.09592746739214192
SmolLM2-360M,5,model.layers.5.mlp.down_proj,2560,2,0.2,1,0.20000000000000004,0.19999999999999996,2.775557561562891e-08,0.15071344550159618
SmolLM2-360M,5,model.layers.5.mlp.down_proj,2560,2,0.2,2,0.3477502751956947,0.3599999999999999,0.9234392199730924,0.15071344550159618
SmolLM2-360M,5,model.layers.5.mlp.down_proj,2560,2,0.2,3,0.46408011642156866,0.4879999999999999,0.9169448486860027,0.15071344550159618
SmolLM2-360M,5,model.layers.5.mlp.down_proj,2560,2,0.2,4,0.5561717215127701,0.5903999999999999,0.9123251063339398,0.15071344550159618
SmolLM2-360M,5,model.layers.5.mlp.down_proj,2560,2,0.2,6,0.6897636217948717,0.7378559999999998,0.910585029812574,0.15071344550159618
SmolLM2-360M,5,model.layers.5.mlp.down_proj,2560,2,0.2,8,0.7793077042079207,0.8322278399999999,0.9162957838236304,0.15071344550159618
SmolLM2-360M,5,model.layers.5.mlp.down_proj,2560,2,0.3,1,0.29999999999999993,0.30000000000000004,-5.551115123125782e-08,0.2132861518439089
SmolLM2-360M,5,model.layers.5.mlp.down_proj,2560,2,0.3,2,0.49470477617416836,0.51,0.927165600829373,0.2132861518439089
SmolLM2-360M,5,model.layers.5.mlp.down_proj,2560,2,0.3,3,0.6306479779411764,0.657,0.926184812160158,0.2132861518439089
SmolLM2-360M,5,model.layers.5.mlp.down_proj,2560,2,0.3,4,0.7269339390962671,0.7599,0.9283190673978411,0.2132861518439089
SmolLM2-360M,5,model.layers.5.mlp.down_proj,2560,2,0.3,6,0.84613920734714,0.882351,0.9378179265548441,0.2132861518439089
SmolLM2-360M,5,model.layers.5.mlp.down_proj,2560,2,0.3,8,0.9112422648514851,0.94235199,0.9515690374859506,0.2132861518439089
SmolLM2-360M,5,model.layers.5.mlp.down_proj,2560,2,0.5,1,0.5,0.5,0.0,0.36008073806993224
SmolLM2-360M,5,model.layers.5.mlp.down_proj,2560,2,0.5,2,0.7354092771526418,0.75,0.9416371086105673,0.36008073806993224
SmolLM2-360M,5,model.layers.5.mlp.down_proj,2560,2,0.5,3,0.8571032475490196,0.875,0.9522753267973855,0.36008073806993224
SmolLM2-360M,5,model.layers.5.mlp.down_proj,2560,2,0.5,4,0.9216202111984282,0.9375,0.9637033398821215,0.36008073806993224
SmolLM2-360M,5,model.layers.5.mlp.down_proj,2560,2,0.5,6,0.9750469982741617,0.984375,0.9807421899853662,0.36008073806993224
SmolLM2-360M,5,model.layers.5.mlp.down_proj,2560,2,0.5,8,0.9914596225247524,0.99609375,0.9906587666640678,0.36008073806993224
SmolLM2-360M,6,model.layers.6.mlp.down_proj,2560,2,0.1,1,0.10000000000000002,0.09999999999999998,1.3877787807814455e-08,0.11874698629631653
SmolLM2-360M,6,model.layers.6.mlp.down_proj,2560,2,0.1,2,0.17890472113502937,0.18999999999999995,0.876719123722549,0.11874698629631653
SmolLM2-360M,6,model.layers.6.mlp.down_proj,2560,2,0.1,3,0.2463373161764706,0.2709999999999999,0.85577377880977,0.11874698629631653
SmolLM2-360M,6,model.layers.6.mlp.down_proj,2560,2,0.1,4,0.30525693762278977,0.3439,0.8415618598720368,0.11874698629631653
SmolLM2-360M,6,model.layers.6.mlp.down_proj,2560,2,0.1,6,0.4040857679980276,0.46855899999999995,0.8250667274385582,0.11874698629631653
SmolLM2-360M,6,model.layers.6.mlp.down_proj,2560,2,0.1,8,0.48486927599009905,0.5695327899999999,0.8196856198053795,0.11874698629631653
SmolLM2-360M,6,model.layers.6.mlp.down_proj,2560,2,0.2,1,0.20000000000000004,0.19999999999999996,2.775557561562891e-08,0.16715710909122802
SmolLM2-360M,6,model.layers.6.mlp.down_proj,2560,2,0.2,2,0.34290683096868885,0.3599999999999999,0.893167693554306,0.16715710909122802
SmolLM2-360M,6,model.layers.6.mlp.down_proj,2560,2,0.2,3,0.45374157475490196,0.4879999999999999,0.8810471345656321,0.16715710909122802
SmolLM2-360M,6,model.layers.6.mlp.down_proj,2560,2,0.2,4,0.5412090189096268,0.5903999999999999,0.8739985115512984,0.16715710909122802
SmolLM2-360M,6,model.layers.6.mlp.down_proj,2560,2,0.2,6,0.6709750986193294,0.7378559999999998,0.8756527743844624,0.16715710909122802
SmolLM2-360M,6,model.layers.6.mlp.down_proj,2560,2,0.2,8,0.7597919245049505,0.8322278399999999,0.8854275137661616,0.16715710909122802
SmolLM2-360M,6,model.layers.6.mlp.down_proj,2560,2,0.3,1,0.29999999999999993,0.30000000000000004,-5.551115123125782e-08,0.2233522254157887
SmolLM2-360M,6,model.layers.6.mlp.down_proj,2560,2,0.3,2,0.49062041340508805,0.51,0.9077162543099431,0.2233522254157887
SmolLM2-360M,6,model.layers.6.mlp.down_proj,2560,2,0.3,3,0.6227113970588235,0.657,0.9039534931619705,0.2233522254157887
SmolLM2-360M,6,model.layers.6.mlp.down_proj,2560,2,0.3,4,0.7164354125736738,0.7599,0.905491221077786,0.2233522254157887
SmolLM2-360M,6,model.layers.6.mlp.down_proj,2560,2,0.3,6,0.8361740322978305,0.882351,0.9207059527635919,0.2233522254157887
SmolLM2-360M,6,model.layers.6.mlp.down_proj,2560,2,0.3,8,0.9026840965346534,0.94235199,0.9382458619528108,0.2233522254157887
SmolLM2-360M,6,model.layers.6.mlp.down_proj,2560,2,0.5,1,0.5,0.5,0.0,0.36532414910315764
SmolLM2-360M,6,model.layers.6.mlp.down_proj,2560,2,0.5,2,0.7325159001956948,0.75,0.9300636007827792,0.36532414910315764
SmolLM2-360M,6,model.layers.6.mlp.down_proj,2560,2,0.5,3,0.8528867953431372,0.875,0.9410314542483658,0.36532414910315764
SmolLM2-360M,6,model.layers.6.mlp.down_proj,2560,2,0.5,4,0.9169818271119843,0.9375,0.9531013191131069,0.36532414910315764
SmolLM2-360M,6,model.layers.6.mlp.down_proj,2560,2,0.5,6,0.9721816444773175,0.984375,0.9748266208563974,0.36532414910315764
SmolLM2-360M,6,model.layers.6.mlp.down_proj,2560,2,0.5,8,0.990495823019802,0.99609375,0.9887159897092072,0.36532414910315764
SmolLM2-360M,7,model.layers.7.mlp.down_proj,2560,2,0.1,1,0.10000000000000002,0.09999999999999998,1.3877787807814455e-08,0.1105963807781117
SmolLM2-360M,7,model.layers.7.mlp.down_proj,2560,2,0.1,2,0.18023024706457927,0.18999999999999995,0.8914471896064369,0.1105963807781117
SmolLM2-360M,7,model.layers.7.mlp.down_proj,2560,2,0.1,3,0.2489200367647059,0.2709999999999999,0.8708774079807367,0.1105963807781117
SmolLM2-360M,7,model.layers.7.mlp.down_proj,2560,2,0.1,4,0.3089974214145383,0.3439,0.8568979967795748,0.1105963807781117
SmolLM2-360M,7,model.layers.7.mlp.down_proj,2560,2,0.1,6,0.4097409701676529,0.46855899999999995,0.8404108166335728,0.1105963807781117
SmolLM2-360M,7,model.layers.7.mlp.down_proj,2560,2,0.1,8,0.49137762995049505,0.5695327899999999,0.833546960480641,0.1105963807781117
SmolLM2-360M,7,model.layers.7.mlp.down_proj,2560,2,0.2,1,0.20000000000000004,0.19999999999999996,2.775557561562891e-08,0.16515392021874611
SmolLM2-360M,7,model.layers.7.mlp.down_proj,2560,2,0.2,2,0.34354436766144814,0.3599999999999999,0.8971522978840515,0.16515392021874611
SmolLM2-360M,7,model.layers.7.mlp.down_proj,2560,2,0.2,3,0.4545557598039216,0.4879999999999999,0.8838741659858392,0.16515392021874611
SmolLM2-360M,7,model.layers.7.mlp.down_proj,2560,2,0.2,4,0.5426633104125737,0.5903999999999999,0.8777236434748302,0.16515392021874611
SmolLM2-360M,7,model.layers.7.mlp.down_proj,2560,2,0.2,6,0.6716662043885601,0.7378559999999998,0.8769377015196635,0.16515392021874611
SmolLM2-360M,7,model.layers.7.mlp.down_proj,2560,2,0.2,8,0.7591127784653465,0.8322278399999999,0.8843533028620609,0.16515392021874611
SmolLM2-360M,7,model.layers.7.mlp.down_proj,2560,2,0.3,1,0.29999999999999993,0.30000000000000004,-5.551115123125782e-08,0.22254788565960798
SmolLM2-360M,7,model.layers.7.mlp.down_proj,2560,2,0.3,2,0.49098428326810173,0.51,0.9094489679433415,0.22254788565960798
SmolLM2-360M,7,model.layers.7.mlp.down_proj,2560,2,0.3,3,0.6226639093137255,0.657,0.9038204742681386,0.22254788565960798
SmolLM2-360M,7,model.layers.7.mlp.down_proj,2560,2,0.3,4,0.7165512954322201,0.7599,0.9057431951124594,0.22254788565960798
SmolLM2-360M,7,model.layers.7.mlp.down_proj,2560,2,0.3,6,0.8342185959072977,0.882351,0.9173481215062699,0.22254788565960798
SmolLM2-360M,7,model.layers.7.mlp.down_proj,2560,2,0.3,8,0.8992009591584158,0.94235199,0.9328233873120182,0.22254788565960798
SmolLM2-360M,7,model.layers.7.mlp.down_proj,2560,2,0.5,1,0.5,0.5,0.0,0.36770940616429837
SmolLM2-360M,7,model.layers.7.mlp.down_proj,2560,2,0.5,2,0.7312828705968689,0.75,0.9251314823874757,0.36770940616429837
SmolLM2-360M,7,model.layers.7.mlp.down_proj,2560,2,0.5,3,0.8506227022058825,0.875,0.9349938725490201,0.36770940616429837
SmolLM2-360M,7,model.layers.7.mlp.down_proj,2560,2,0.5,4,0.9147808202357565,0.9375,0.9480704462531576,0.36770940616429837
SmolLM2-360M,7,model.layers.7.mlp.down_proj,2560,2,0.5,6,0.9706599790433924,0.984375,0.9716851180250682,0.36770940616429837
SmolLM2-360M,7,model.layers.7.mlp.down_proj,2560,2,0.5,8,0.988907797029703,0.99609375,0.9855149294457005,0.36770940616429837
SmolLM2-360M,8,model.layers.8.mlp.down_proj,2560,2,0.1,1,0.10000000000000002,0.09999999999999998,1.3877787807814455e-08,0.11931472679943131
SmolLM2-360M,8,model.layers.8.mlp.down_proj,2560,2,0.1,2,0.17885885518590997,0.18999999999999995,0.8762095020656668,0.11931472679943131
SmolLM2-360M,8,model.layers.8.mlp.down_proj,2560,2,0.1,3,0.24594286151960784,0.2709999999999999,0.8534670264304557,0.11931472679943131
SmolLM2-360M,8,model.layers.8.mlp.down_proj,2560,2,0.1,4,0.30426003806483304,0.3439,0.8374745308111237,0.11931472679943131
SmolLM2-360M,8,model.layers.8.mlp.down_proj,2560,2,0.1,6,0.40111023791913214,0.46855899999999995,0.816993311570555,0.11931472679943131
SmolLM2-360M,8,model.layers.8.mlp.down_proj,2560,2,0.1,8,0.47908493193069307,0.5695327899999999,0.8073662585539406,0.11931472679943131
SmolLM2-360M,8,model.layers.8.mlp.down_proj,2560,2,0.2,1,0.20000000000000004,0.19999999999999996,2.775557561562891e-08,0.17277083053316294
SmolLM2-360M,8,model.layers.8.mlp.down_proj,2560,2,0.2,2,0.3413160469667319,0.3599999999999999,0.883225293542075,0.17277083053316294
SmolLM2-360M,8,model.layers.8.mlp.down_proj,2560,2,0.2,3,0.4503921568627451,0.4879999999999999,0.8694172113289763,0.17277083053316294
SmolLM2-360M,8,model.layers.8.mlp.down_proj,2560,2,0.2,4,0.536902934675835,0.5903999999999999,0.862968582673758,0.17277083053316294
SmolLM2-360M,8,model.layers.8.mlp.down_proj,2560,2,0.2,6,0.6635262573964497,0.7378559999999998,0.8618036377700532,0.17277083053316294
SmolLM2-360M,8,model.layers.8.mlp.down_proj,2560,2,0.2,8,0.7502374690594059,0.8322278399999999,0.8703151526187236,0.17277083053316294
SmolLM2-360M,8,model.layers.8.mlp.down_proj,2560,2,0.3,1,0.29999999999999993,0.30000000000000004,-5.551115123125782e-08,0.2322933527959149
SmolLM2-360M,8,model.layers.8.mlp.down_proj,2560,2,0.3,2,0.4871720584637964,0.51,0.8912955164942686,0.2322933527959149
SmolLM2-360M,8,model.layers.8.mlp.down_proj,2560,2,0.3,3,0.6154924938725489,0.657,0.8837324758334703,0.2322933527959149
SmolLM2-360M,8,model.layers.8.mlp.down_proj,2560,2,0.3,4,0.7066736247544204,0.7599,0.8842653288854542,0.2322933527959149
SmolLM2-360M,8,model.layers.8.mlp.down_proj,2560,2,0.3,6,0.8226601023175544,0.882351,0.8975001370609036,0.2322933527959149
SmolLM2-360M,8,model.layers.8.mlp.down_proj,2560,2,0.3,8,0.888467667079208,0.94235199,0.9161140250833626,0.2322933527959149
SmolLM2-360M,8,model.layers.8.mlp.down_proj,2560,2,0.5,1,0.5,0.5,0.0,0.37522292730410894
SmolLM2-360M,8,model.layers.8.mlp.down_proj,2560,2,0.5,2,0.7273383989726028,0.75,0.9093535958904111,0.37522292730410894
SmolLM2-360M,8,model.layers.8.mlp.down_proj,2560,2,0.5,3,0.8447579656862746,0.875,0.9193545751633989,0.37522292730410894
SmolLM2-360M,8,model.layers.8.mlp.down_proj,2560,2,0.5,4,0.9085822384577603,0.9375,0.9339022593320235,0.37522292730410894
SmolLM2-360M,8,model.layers.8.mlp.down_proj,2560,2,0.5,6,0.9653900086291913,0.984375,0.9608051791054273,0.37522292730410894
SmolLM2-360M,8,model.layers.8.mlp.down_proj,2560,2,0.5,8,0.9858361695544554,0.99609375,0.979323302408981,0.37522292730410894
SmolLM2-360M,9,model.layers.9.mlp.down_proj,2560,2,0.1,1,0.10000000000000002,0.09999999999999998,1.3877787807814455e-08,0.12724622390445928
SmolLM2-360M,9,model.layers.9.mlp.down_proj,2560,2,0.1,2,0.17766251834637964,0.18999999999999995,0.8629168705153298,0.12724622390445928
SmolLM2-360M,9,model.layers.9.mlp.down_proj,2560,2,0.1,3,0.2437216605392157,0.2709999999999999,0.8404775470129578,0.12724622390445928
SmolLM2-360M,9,model.layers.9.mlp.down_proj,2560,2,0.1,4,0.3009600626227898,0.3439,0.8239444961984002,0.12724622390445928
SmolLM2-360M,9,model.layers.9.mlp.down_proj,2560,2,0.1,6,0.39642427884615383,0.46855899999999995,0.8042790403874384,0.12724622390445928
SmolLM2-360M,9,model.layers.9.mlp.down_proj,2560,2,0.1,8,0.4735241336633664,0.5695327899999999,0.7955229999237463,0.12724622390445928
SmolLM2-360M,9,model.layers.9.mlp.down_proj,2560,2,0.2,1,0.20000000000000004,0.19999999999999996,2.775557561562891e-08,0.175916521002826
SmolLM2-360M,9,model.layers.9.mlp.down_proj,2560,2,0.2,2,0.3404851088551859,0.3599999999999999,0.8780319303449126,0.175916521002826
SmolLM2-360M,9,model.layers.9.mlp.down_proj,2560,2,0.2,3,0.44849954044117646,0.4879999999999999,0.862845626531863,0.175916521002826
SmolLM2-360M,9,model.layers.9.mlp.down_proj,2560,2,0.2,4,0.5335615176817289,0.5903999999999999,0.8544096252093467,0.175916521002826
SmolLM2-360M,9,model.layers.9.mlp.down_proj,2560,2,0.2,6,0.6587632519723866,0.7378559999999998,0.8529480975807404,0.175916521002826
SmolLM2-360M,9,model.layers.9.mlp.down_proj,2560,2,0.2,8,0.7441104579207921,0.8322278399999999,0.8606240084599757,0.175916521002826
SmolLM2-360M,9,model.layers.9.mlp.down_proj,2560,2,0.3,1,0.29999999999999993,0.30000000000000004,-5.551115123125782e-08,0.23567248528444265
SmolLM2-360M,9,model.layers.9.mlp.down_proj,2560,2,0.3,2,0.4858962206457926,0.51,0.885220098313298,0.23567248528444265
SmolLM2-360M,9,model.layers.9.mlp.down_proj,2560,2,0.3,3,0.6130935968137254,0.657,0.8770128762289228,0.23567248528444265
SmolLM2-360M,9,model.layers.9.mlp.down_proj,2560,2,0.3,4,0.7033091846758349,0.7599,0.8769497383688517,0.23567248528444265
SmolLM2-360M,9,model.layers.9.mlp.down_proj,2560,2,0.3,6,0.8190119575936885,0.882351,0.8912356252392258,0.23567248528444265
SmolLM2-360M,9,model.layers.9.mlp.down_proj,2560,2,0.3,8,0.8855128403465347,0.94235199,0.9115140132850441,0.23567248528444265
SmolLM2-360M,9,model.layers.9.mlp.down_proj,2560,2,0.5,1,0.5,0.5,0.0,0.37691397941262594
SmolLM2-360M,9,model.layers.9.mlp.down_proj,2560,2,0.5,2,0.7264829990215265,0.75,0.9059319960861059,0.37691397941262594
SmolLM2-360M,9,model.layers.9.mlp.down_proj,2560,2,0.5,3,0.8430805759803922,0.875,0.9148815359477126,0.37691397941262594
SmolLM2-360M,9,model.layers.9.mlp.down_proj,2560,2,0.5,4,0.9069284135559921,0.9375,0.9301220881279819,0.37691397941262594
SmolLM2-360M,9,model.layers.9.mlp.down_proj,2560,2,0.5,6,0.9653237487672582,0.984375,0.960668384551759,0.37691397941262594
SmolLM2-360M,9,model.layers.9.mlp.down_proj,2560,2,0.5,8,0.9859529702970297,0.99609375,0.9795587432759023,0.37691397941262594
SmolLM2-360M,10,model.layers.10.mlp.down_proj,2560,2,0.1,1,0.10000000000000002,0.09999999999999998,1.3877787807814455e-08,0.11633347368218849
SmolLM2-360M,10,model.layers.10.mlp.down_proj,2560,2,0.1,2,0.1793832558708415,0.18999999999999995,0.8820361763426838,0.11633347368218849
SmolLM2-360M,10,model.layers.10.mlp.down_proj,2560,2,0.1,3,0.24706878063725493,0.2709999999999999,0.8600513487558773,0.11633347368218849
SmolLM2-360M,10,model.layers.10.mlp.down_proj,2560,2,0.1,4,0.30507505525540274,0.3439,0.8408161347084984,0.11633347368218849
SmolLM2-360M,10,model.layers.10.mlp.down_proj,2560,2,0.1,6,0.4014538646449704,0.46855899999999995,0.8179256635843118,0.11633347368218849
SmolLM2-360M,10,model.layers.10.mlp.down_proj,2560,2,0.1,8,0.47939665841584156,0.5695327899999999,0.8080301663614199,0.11633347368218849
SmolLM2-360M,10,model.layers.10.mlp.down_proj,2560,2,0.2,1,0.20000000000000004,0.19999999999999996,2.775557561562891e-08,0.16770504951959128
SmolLM2-360M,10,model.layers.10.mlp.down_proj,2560,2,0.2,2,0.3429481103228963,0.3599999999999999,0.8934256895181025,0.16770504951959128
SmolLM2-360M,10,model.layers.10.mlp.down_proj,2560,2,0.2,3,0.4539943321078431,0.4879999999999999,0.8819247642633445,0.16770504951959128
SmolLM2-360M,10,model.layers.10.mlp.down_proj,2560,2,0.2,4,0.5405659074165029,0.5903999999999999,0.8723511972758785,0.16770504951959128
SmolLM2-360M,10,model.layers.10.mlp.down_proj,2560,2,0.2,6,0.6671281743096646,0.7378559999999998,0.8685004430733593,0.16770504951959128
SmolLM2-360M,10,model.layers.10.mlp.down_proj,2560,2,0.2,8,0.7532588180693068,0.8322278399999999,0.8750940453196538,0.16770504951959128
SmolLM2-360M,10,model.layers.10.mlp.down_proj,2560,2,0.3,1,0.29999999999999993,0.30000000000000004,-5.551115123125782e-08,0.22829244446769756
SmolLM2-360M,10,model.layers.10.mlp.down_proj,2560,2,0.3,2,0.4889378975048923,0.51,0.8997042738328205,0.22829244446769756
SmolLM2-360M,10,model.layers.10.mlp.down_proj,2560,2,0.3,3,0.6193221507352941,0.657,0.8944598059812158,0.22829244446769756
SmolLM2-360M,10,model.layers.10.mlp.down_proj,2560,2,0.3,4,0.7111262892927308,0.7599,0.893947139144881,0.22829244446769756
SmolLM2-360M,10,model.layers.10.mlp.down_proj,2560,2,0.3,6,0.8272505239151874,0.882351,0.9053827054734814,0.22829244446769756
SmolLM2-360M,10,model.layers.10.mlp.down_proj,2560,2,0.3,8,0.8930925123762377,0.94235199,0.9233138864818299,0.22829244446769756
SmolLM2-360M,10,model.layers.10.mlp.down_proj,2560,2,0.5,1,0.5,0.5,0.0,0.37140669701780266
SmolLM2-360M,10,model.layers.10.mlp.down_proj,2560,2,0.5,2,0.7294207130626222,0.75,0.917682852250489,0.37140669701780266
SmolLM2-360M,10,model.layers.10.mlp.down_proj,2560,2,0.5,3,0.8474969362745098,0.875,0.9266584967320263,0.37140669701780266
SmolLM2-360M,10,model.layers.10.mlp.down_proj,2560,2,0.5,4,0.9108338961198428,0.9375,0.9390489054167835,0.37140669701780266
SmolLM2-360M,10,model.layers.10.mlp.down_proj,2560,2,0.5,6,0.9674594736193294,0.984375,0.9650776229560348,0.37140669701780266
SmolLM2-360M,10,model.layers.10.mlp.down_proj,2560,2,0.5,8,0.9874102722772277,0.99609375,0.9824962968737817,0.37140669701780266
SmolLM2-360M,11,model.layers.11.mlp.down_proj,2560,2,0.1,1,0.10000000000000002,0.09999999999999998,1.3877787807814455e-08,0.13947707514182783
SmolLM2-360M,11,model.layers.11.mlp.down_proj,2560,2,0.1,2,0.1757185665362035,0.18999999999999995,0.841317405957817,0.13947707514182783
SmolLM2-360M,11,model.layers.11.mlp.down_proj,2560,2,0.1,3,0.23933517156862744,0.2709999999999999,0.8148255647288158,0.13947707514182783
SmolLM2-360M,11,model.layers.11.mlp.down_proj,2560,2,0.1,4,0.29434399557956775,0.3439,0.7968183500597285,0.13947707514182783
SmolLM2-360M,11,model.layers.11.mlp.down_proj,2560,2,0.1,6,0.38595907297830373,0.46855899999999995,0.7758841134751931,0.13947707514182783
SmolLM2-360M,11,model.layers.11.mlp.down_proj,2560,2,0.1,8,0.460521349009901,0.5695327899999999,0.7678299720236813,0.13947707514182783
SmolLM2-360M,11,model.layers.11.mlp.down_proj,2560,2,0.2,1,0.20000000000000004,0.19999999999999996,2.775557561562891e-08,0.18282204685707448
SmolLM2-360M,11,model.layers.11.mlp.down_proj,2560,2,0.2,2,0.33850828644814085,0.3599999999999999,0.865676790300881,0.18282204685707448
SmolLM2-360M,11,model.layers.11.mlp.down_proj,2560,2,0.2,3,0.44467447916666664,0.4879999999999999,0.8495641637731484,0.18282204685707448
SmolLM2-360M,11,model.layers.11.mlp.down_proj,2560,2,0.2,4,0.5288517620333988,0.5903999999999999,0.8423457019298126,0.18282204685707448
SmolLM2-360M,11,model.layers.11.mlp.down_proj,2560,2,0.2,6,0.6530803131163708,0.7378559999999998,0.8423821861546044,0.18282204685707448
SmolLM2-360M,11,model.layers.11.mlp.down_proj,2560,2,0.2,8,0.7389797339108911,0.8322278399999999,0.8525086998871976,0.18282204685707448
SmolLM2-360M,11,model.layers.11.mlp.down_proj,2560,2,0.3,1,0.29999999999999993,0.30000000000000004,-5.551115123125782e-08,0.23897758192813612
SmolLM2-360M,11,model.layers.11.mlp.down_proj,2560,2,0.3,2,0.48461044520547947,0.51,0.8790973581213307,0.23897758192813612
SmolLM2-360M,11,model.layers.11.mlp.down_proj,2560,2,0.3,3,0.6114001225490195,0.657,0.8722692508375897,0.23897758192813612
SmolLM2-360M,11,model.layers.11.mlp.down_proj,2560,2,0.3,4,0.7017474521119843,0.7599,0.873553929358522,0.23897758192813612
SmolLM2-360M,11,model.layers.11.mlp.down_proj,2560,2,0.3,6,0.8181228427021695,0.882351,0.8897088572049666,0.23897758192813612
SmolLM2-360M,11,model.layers.11.mlp.down_proj,2560,2,0.3,8,0.8857951732673267,0.94235199,0.911953543208182,0.23897758192813612
SmolLM2-360M,11,model.layers.11.mlp.down_proj,2560,2,0.5,1,0.5,0.5,0.0,0.37491814356257763
SmolLM2-360M,11,model.layers.11.mlp.down_proj,2560,2,0.5,2,0.7275478534735812,0.75,0.9101914138943248,0.37491814356257763
SmolLM2-360M,11,model.layers.11.mlp.down_proj,2560,2,0.5,3,0.8446262254901961,0.875,0.9190032679738561,0.37491814356257763
SmolLM2-360M,11,model.layers.11.mlp.down_proj,2560,2,0.5,4,0.9078071279469547,0.9375,0.932130578164468,0.37491814356257763
SmolLM2-360M,11,model.layers.11.mlp.down_proj,2560,2,0.5,6,0.9656134430473372,0.984375,0.9612664630654704,0.37491814356257763
SmolLM2-360M,11,model.layers.11.mlp.down_proj,2560,2,0.5,8,0.9863985148514852,0.99609375,0.9804568488344899,0.37491814356257763
SmolLM2-360M,12,model.layers.12.mlp.down_proj,2560,2,0.1,1,0.10000000000000002,0.09999999999999998,1.3877787807814455e-08,0.1563027820310244
SmolLM2-360M,12,model.layers.12.mlp.down_proj,2560,2,0.1,2,0.17318829500978475,0.18999999999999995,0.8132032778864977,0.1563027820310244
SmolLM2-360M,12,model.layers.12.mlp.down_proj,2560,2,0.1,3,0.2336910232843137,0.2709999999999999,0.7818188496158701,0.1563027820310244
SmolLM2-360M,12,model.layers.12.mlp.down_proj,2560,2,0.1,4,0.2851800405206287,0.3439,0.7592457585921636,0.1563027820310244
SmolLM2-360M,12,model.layers.12.mlp.down_proj,2560,2,0.1,6,0.3694626787475345,0.46855899999999995,0.7311249453887559,0.1563027820310244
SmolLM2-360M,12,model.layers.12.mlp.down_proj,2560,2,0.1,8,0.43766089108910894,0.5695327899999999,0.7191423011992601,0.1563027820310244
SmolLM2-360M,12,model.layers.12.mlp.down_proj,2560,2,0.2,1,0.20000000000000004,0.19999999999999996,2.775557561562891e-08,0.20111794232093722
SmolLM2-360M,12,model.layers.12.mlp.down_proj,2560,2,0.2,2,0.33338811766144816,0.3599999999999999,0.8336757353840516,0.20111794232093722
SmolLM2-360M,12,model.layers.12.mlp.down_proj,2560,2,0.2,3,0.4340923713235294,0.4879999999999999,0.8128207337622552,0.20111794232093722
SmolLM2-360M,12,model.layers.12.mlp.down_proj,2560,2,0.2,4,0.5128184860019647,0.5903999999999999,0.8012768596361801,0.20111794232093722
SmolLM2-360M,12,model.layers.12.mlp.down_proj,2560,2,0.2,6,0.6279100406804734,0.7378559999999998,0.7955847674479294,0.20111794232093722
SmolLM2-360M,12,model.layers.12.mlp.down_proj,2560,2,0.2,8,0.7088637066831682,0.8322278399999999,0.8048739307069559,0.20111794232093722
SmolLM2-360M,12,model.layers.12.mlp.down_proj,2560,2,0.3,1,0.29999999999999993,0.30000000000000004,-5.551115123125782e-08,0.25293806312660244
SmolLM2-360M,12,model.layers.12.mlp.down_proj,2560,2,0.3,2,0.4792563600782778,0.51,0.8536017146584658,0.25293806312660244
SmolLM2-360M,12,model.layers.12.mlp.down_proj,2560,2,0.3,3,0.6010983455882353,0.657,0.8434127327401547,0.25293806312660244
SmolLM2-360M,12,model.layers.12.mlp.down_proj,2560,2,0.3,4,0.6870924914047152,0.7599,0.8416883918345622,0.25293806312660244
SmolLM2-360M,12,model.layers.12.mlp.down_proj,2560,2,0.3,6,0.7977363782051282,0.882351,0.854701680266932,0.25293806312660244
SmolLM2-360M,12,model.layers.12.mlp.down_proj,2560,2,0.3,8,0.8642001856435644,0.94235199,0.8783349229502103,0.25293806312660244
SmolLM2-360M,12,model.layers.12.mlp.down_proj,2560,2,0.5,1,0.5,0.5,0.0,0.39043352278002497
SmolLM2-360M,12,model.layers.12.mlp.down_proj,2560,2,0.5,2,0.7194662732387477,0.75,0.8778650929549907,0.39043352278002497
SmolLM2-360M,12,model.layers.12.mlp.down_proj,2560,2,0.5,3,0.8331839767156862,0.875,0.8884906045751633,0.39043352278002497
SmolLM2-360M,12,model.layers.12.mlp.down_proj,2560,2,0.5,4,0.8961313543713163,0.9375,0.9054430957058658,0.39043352278002497
SmolLM2-360M,12,model.layers.12.mlp.down_proj,2560,2,0.5,6,0.9563586353550295,0.984375,0.9421597633136093,0.39043352278002497
SmolLM2-360M,12,model.layers.12.mlp.down_proj,2560,2,0.5,8,0.9801400061881188,0.99609375,0.967841272316208,0.39043352278002497
SmolLM2-360M,13,model.layers.13.mlp.down_proj,2560,2,0.1,1,0.10000000000000002,0.09999999999999998,1.3877787807814455e-08,0.19976324063258338
SmolLM2-360M,13,model.layers.13.mlp.down_proj,2560,2,0.1,2,0.1673518529843444,0.18999999999999995,0.7483539220482717,0.19976324063258338
SmolLM2-360M,13,model.layers.13.mlp.down_proj,2560,2,0.1,3,0.2223498774509804,0.2709999999999999,0.7154963593624588,0.19976324063258338
SmolLM2-360M,13,model.layers.13.mlp.down_proj,2560,2,0.1,4,0.26919050834970537,0.3439,0.6936880211140032,0.19976324063258338
SmolLM2-360M,13,model.layers.13.mlp.down_proj,2560,2,0.1,6,0.347468256903353,0.46855899999999995,0.6714481450822066,0.19976324063258338
SmolLM2-360M,13,model.layers.13.mlp.down_proj,2560,2,0.1,8,0.41169709158415846,0.5695327899999999,0.6638452057505048,0.19976324063258338
SmolLM2-360M,13,model.layers.13.mlp.down_proj,2560,2,0.2,1,0.20000000000000004,0.19999999999999996,2.775557561562891e-08,0.24085717723004638
SmolLM2-360M,13,model.layers.13.mlp.down_proj,2560,2,0.2,2,0.3232418052837573,0.3599999999999999,0.7702612830234836,0.24085717723004638
SmolLM2-360M,13,model.layers.13.mlp.down_proj,2560,2,0.2,3,0.4157705269607843,0.4879999999999999,0.7492032186138348,0.24085717723004638
SmolLM2-360M,13,model.layers.13.mlp.down_proj,2560,2,0.2,4,0.48902796537328097,0.5903999999999999,0.7403380260586092,0.24085717723004638
SmolLM2-360M,13,model.layers.13.mlp.down_proj,2560,2,0.2,6,0.5987256533530573,0.7378559999999998,0.74132417106634,0.24085717723004638
SmolLM2-360M,13,model.layers.13.mlp.down_proj,2560,2,0.2,8,0.6766823948019802,0.8322278399999999,0.7539724837203947,0.24085717723004638
SmolLM2-360M,13,model.layers.13.mlp.down_proj,2560,2,0.3,1,0.29999999999999993,0.30000000000000004,-5.551115123125782e-08,0.2898326511161405
SmolLM2-360M,13,model.layers.13.mlp.down_proj,2560,2,0.3,2,0.46601333170254405,0.51,0.7905396747740193,0.2898326511161405
SmolLM2-360M,13,model.layers.13.mlp.down_proj,2560,2,0.3,3,0.5788465073529412,0.657,0.7810826536496951,0.2898326511161405
SmolLM2-360M,13,model.layers.13.mlp.down_proj,2560,2,0.3,4,0.6606259209233792,0.7599,0.784139858498324,0.2898326511161405
SmolLM2-360M,13,model.layers.13.mlp.down_proj,2560,2,0.3,6,0.7700212647928995,0.882351,0.8071099127380212,0.2898326511161405
SmolLM2-360M,13,model.layers.13.mlp.down_proj,2560,2,0.3,8,0.8371209777227723,0.94235199,0.8361785844592343,0.2898326511161405
SmolLM2-360M,13,model.layers.13.mlp.down_proj,2560,2,0.5,1,0.5,0.5,0.0,0.4122202225447964
SmolLM2-360M,13,model.layers.13.mlp.down_proj,2560,2,0.5,2,0.708643438111546,0.75,0.8345737524461838,0.4122202225447964
SmolLM2-360M,13,model.layers.13.mlp.down_proj,2560,2,0.5,3,0.8188610600490196,0.875,0.850296160130719,0.4122202225447964
SmolLM2-360M,13,model.layers.13.mlp.down_proj,2560,2,0.5,4,0.8817542055500982,0.9375,0.8725810412573674,0.4122202225447964
SmolLM2-360M,13,model.layers.13.mlp.down_proj,2560,2,0.5,6,0.9458564472386588,0.984375,0.9204778265572311,0.4122202225447964
SmolLM2-360M,13,model.layers.13.mlp.down_proj,2560,2,0.5,8,0.9729006806930693,0.99609375,0.9532486162002027,0.4122202225447964
SmolLM2-360M,14,model.layers.14.mlp.down_proj,2560,2,0.1,1,0.10000000000000002,0.09999999999999998,1.3877787807814455e-08,0.2201161482436537
SmolLM2-360M,14,model.layers.14.mlp.down_proj,2560,2,0.1,2,0.1645593811154599,0.18999999999999995,0.7173264568384436,0.2201161482436537
SmolLM2-360M,14,model.layers.14.mlp.down_proj,2560,2,0.1,3,0.21670266544117647,0.2709999999999999,0.6824717277261786,0.2201161482436537
SmolLM2-360M,14,model.layers.14.mlp.down_proj,2560,2,0.1,4,0.2610610572200393,0.3439,0.660356938171543,0.2201161482436537
SmolLM2-360M,14,model.layers.14.mlp.down_proj,2560,2,0.1,6,0.33461846646942806,0.46855899999999995,0.6365831969085766,0.2201161482436537
SmolLM2-360M,14,model.layers.14.mlp.down_proj,2560,2,0.1,8,0.3947292698019802,0.5695327899999999,0.6277075341255299,0.2201161482436537
SmolLM2-360M,14,model.layers.14.mlp.down_proj,2560,2,0.2,1,0.20000000000000004,0.19999999999999996,2.775557561562891e-08,0.25999195924825275
SmolLM2-360M,14,model.layers.14.mlp.down_proj,2560,2,0.2,2,0.31849009295499026,0.3599999999999999,0.7405630809686896,0.25999195924825275
SmolLM2-360M,14,model.layers.14.mlp.down_proj,2560,2,0.2,3,0.40808823529411764,0.4879999999999999,0.7225285947712421,0.25999195924825275
SmolLM2-360M,14,model.layers.14.mlp.down_proj,2560,2,0.2,4,0.47861308939096264,0.5903999999999999,0.7136605773334085,0.25999195924825275
SmolLM2-360M,14,model.layers.14.mlp.down_proj,2560,2,0.2,6,0.5856863288954636,0.7378559999999998,0.7170810196325106,0.25999195924825275
SmolLM2-360M,14,model.layers.14.mlp.down_proj,2560,2,0.2,8,0.6632750618811882,0.8322278399999999,0.7327659944256619,0.25999195924825275
SmolLM2-360M,14,model.layers.14.mlp.down_proj,2560,2,0.3,1,0.29999999999999993,0.30000000000000004,-5.551115123125782e-08,0.30468869360040113
SmolLM2-360M,14,model.layers.14.mlp.down_proj,2560,2,0.3,2,0.4609122737279843,0.51,0.7662489225142111,0.30468869360040113
SmolLM2-360M,14,model.layers.14.mlp.down_proj,2560,2,0.3,3,0.5714667585784314,0.657,0.76041108845499,0.30468869360040113
SmolLM2-360M,14,model.layers.14.mlp.down_proj,2560,2,0.3,4,0.6511312008840865,0.7599,0.7634946746772917,0.30468869360040113
SmolLM2-360M,14,model.layers.14.mlp.down_proj,2560,2,0.3,6,0.7594851762820514,0.882351,0.7890175792297967,0.30468869360040113
SmolLM2-360M,14,model.layers.14.mlp.down_proj,2560,2,0.3,8,0.8282093131188119,0.94235199,0.8223050933784947,0.30468869360040113
SmolLM2-360M,14,model.layers.14.mlp.down_proj,2560,2,0.5,1,0.5,0.5,0.0,0.42485052373036636
SmolLM2-360M,14,model.layers.14.mlp.down_proj,2560,2,0.5,2,0.7025035163894324,0.75,0.8100140655577297,0.42485052373036636
SmolLM2-360M,14,model.layers.14.mlp.down_proj,2560,2,0.5,3,0.8113158700980392,0.875,0.8301756535947712,0.42485052373036636
SmolLM2-360M,14,model.layers.14.mlp.down_proj,2560,2,0.5,4,0.87497774435167,0.9375,0.8570919870895314,0.42485052373036636
SmolLM2-360M,14,model.layers.14.mlp.down_proj,2560,2,0.5,6,0.9399215668145957,0.984375,0.908225170197875,0.42485052373036636
SmolLM2-360M,14,model.layers.14.mlp.down_proj,2560,2,0.5,8,0.968909344059406,0.99609375,0.9452030872378577,0.42485052373036636
SmolLM2-360M,15,model.layers.15.mlp.down_proj,2560,2,0.1,1,0.10000000000000002,0.09999999999999998,1.3877787807814455e-08,0.28633649694624375
SmolLM2-360M,15,model.layers.15.mlp.down_proj,2560,2,0.1,2,0.1561299840998043,0.18999999999999995,0.6236664899978259,0.28633649694624375
SmolLM2-360M,15,model.layers.15.mlp.down_proj,2560,2,0.1,3,0.20004289215686274,0.2709999999999999,0.5850461529641099,0.28633649694624375
SmolLM2-360M,15,model.layers.15.mlp.down_proj,2560,2,0.1,4,0.23648621684675836,0.3439,0.55959908506256,0.28633649694624375
SmolLM2-360M,15,model.layers.15.mlp.down_proj,2560,2,0.1,6,0.2972871979783038,0.46855899999999995,0.5352933939431781,0.28633649694624375
SmolLM2-360M,15,model.layers.15.mlp.down_proj,2560,2,0.1,8,0.3480182549504951,0.5695327899999999,0.5282235026663317,0.28633649694624375
SmolLM2-360M,15,model.layers.15.mlp.down_proj,2560,2,0.2,1,0.20000000000000004,0.19999999999999996,2.775557561562891e-08,0.29813534471360814
SmolLM2-360M,15,model.layers.15.mlp.down_proj,2560,2,0.2,2,0.3089973703522505,0.3599999999999999,0.6812335647015662,0.29813534471360814
SmolLM2-360M,15,model.layers.15.mlp.down_proj,2560,2,0.2,3,0.3903347120098039,0.4879999999999999,0.6608844167007083,0.29813534471360814
SmolLM2-360M,15,model.layers.15.mlp.down_proj,2560,2,0.2,4,0.45442810658153243,0.5903999999999999,0.6517113385797451,0.29813534471360814
SmolLM2-360M,15,model.layers.15.mlp.down_proj,2560,2,0.2,6,0.5524015347633137,0.7378559999999998,0.655196808743072,0.29813534471360814
SmolLM2-360M,15,model.layers.15.mlp.down_proj,2560,2,0.2,8,0.6255515160891089,0.8322278399999999,0.6730983502547261,0.29813534471360814
SmolLM2-360M,15,model.layers.15.mlp.down_proj,2560,2,0.3,1,0.29999999999999993,0.30000000000000004,-5.551115123125782e-08,0.3364601253739103
SmolLM2-360M,15,model.layers.15.mlp.down_proj,2560,2,0.3,2,0.44989833047945205,0.51,0.7138015737116764,0.3364601253739103
SmolLM2-360M,15,model.layers.15.mlp.down_proj,2560,2,0.3,3,0.5525245098039216,0.657,0.7073515680782119,0.3364601253739103
SmolLM2-360M,15,model.layers.15.mlp.down_proj,2560,2,0.3,4,0.6273621684675835,0.7599,0.7118116296316233,0.3364601253739103
SmolLM2-360M,15,model.layers.15.mlp.down_proj,2560,2,0.3,6,0.7310049926035503,0.882351,0.7401120502987893,0.3364601253739103
SmolLM2-360M,15,model.layers.15.mlp.down_proj,2560,2,0.3,8,0.799089573019802,0.94235199,0.7769720975252243,0.3364601253739103
SmolLM2-360M,15,model.layers.15.mlp.down_proj,2560,2,0.5,1,0.5,0.5,0.0,0.44528412442114107
SmolLM2-360M,15,model.layers.15.mlp.down_proj,2560,2,0.5,2,0.6925085616438356,0.75,0.7700342465753423,0.44528412442114107
SmolLM2-360M,15,model.layers.15.mlp.down_proj,2560,2,0.5,3,0.7970381433823529,0.875,0.7921017156862744,0.44528412442114107
SmolLM2-360M,15,model.layers.15.mlp.down_proj,2560,2,0.5,4,0.8598139734774066,0.9375,0.8224319393769294,0.44528412442114107
SmolLM2-360M,15,model.layers.15.mlp.down_proj,2560,2,0.5,6,0.926821375739645,0.984375,0.8811796144302347,0.44528412442114107
SmolLM2-360M,15,model.layers.15.mlp.down_proj,2560,2,0.5,8,0.958834313118812,0.99609375,0.9248943634520934,0.44528412442114107
SmolLM2-360M,16,model.layers.16.mlp.down_proj,2560,2,0.1,1,0.10000000000000002,0.09999999999999998,1.3877787807814455e-08,0.32455538123082783
SmolLM2-360M,16,model.layers.16.mlp.down_proj,2560,2,0.1,2,0.15156097113502934,0.18999999999999995,0.572899679278104,0.32455538123082783
SmolLM2-360M,16,model.layers.16.mlp.down_proj,2560,2,0.1,3,0.1910677083333333,0.2709999999999999,0.5325596978557506,0.32455538123082783
SmolLM2-360M,16,model.layers.16.mlp.down_proj,2560,2,0.1,4,0.22314587426326132,0.3439,0.5049031335107066,0.32455538123082783
SmolLM2-360M,16,model.layers.16.mlp.down_proj,2560,2,0.1,6,0.27495146079881655,0.46855899999999995,0.4746905130489733,0.32455538123082783
SmolLM2-360M,16,model.layers.16.mlp.down_proj,2560,2,0.1,8,0.31683941831683166,0.5695327899999999,0.4618195426070918,0.32455538123082783
SmolLM2-360M,16,model.layers.16.mlp.down_proj,2560,2,0.2,1,0.20000000000000004,0.19999999999999996,2.775557561562891e-08,0.34826444621475044
SmolLM2-360M,16,model.layers.16.mlp.down_proj,2560,2,0.2,2,0.29758821550880626,0.3599999999999999,0.6099263469300396,0.34826444621475044
SmolLM2-360M,16,model.layers.16.mlp.down_proj,2560,2,0.2,3,0.3683501838235294,0.4879999999999999,0.5845492493872552,0.34826444621475044
SmolLM2-360M,16,model.layers.16.mlp.down_proj,2560,2,0.2,4,0.4234942902750491,0.5903999999999999,0.5724751287783021,0.34826444621475044
SmolLM2-360M,16,model.layers.16.mlp.down_proj,2560,2,0.2,6,0.507284732495069,0.7378559999999998,0.5713141296091687,0.34826444621475044
SmolLM2-360M,16,model.layers.16.mlp.down_proj,2560,2,0.2,8,0.5697749071782178,0.8322278399999999,0.5848760269370894,0.34826444621475044
SmolLM2-360M,16,model.layers.16.mlp.down_proj,2560,2,0.3,1,0.29999999999999993,0.30000000000000004,-5.551115123125782e-08,0.3834008308677417
SmolLM2-360M,16,model.layers.16.mlp.down_proj,2560,2,0.3,2,0.4347778559197652,0.51,0.6417993139036438,0.3834008308677417
SmolLM2-360M,16,model.layers.16.mlp.down_proj,2560,2,0.3,3,0.5260883884803922,0.657,0.6333008080683254,0.3834008308677417
SmolLM2-360M,16,model.layers.16.mlp.down_proj,2560,2,0.3,4,0.5928705181728879,0.7599,0.636813477218717,0.3834008308677417
SmolLM2-360M,16,model.layers.16.mlp.down_proj,2560,2,0.3,6,0.6861147066074951,0.882351,0.6630274638619922,0.3834008308677417
SmolLM2-360M,16,model.layers.16.mlp.down_proj,2560,2,0.3,8,0.7488435952970297,0.94235199,0.6987502215055481,0.3834008308677417
SmolLM2-360M,16,model.layers.16.mlp.down_proj,2560,2,0.5,1,0.5,0.5,0.0,0.4777184824974879
SmolLM2-360M,16,model.layers.16.mlp.down_proj,2560,2,0.5,2,0.6774721746575343,0.75,0.7098886986301371,0.4777184824974879
SmolLM2-360M,16,model.layers.16.mlp.down_proj,2560,2,0.5,3,0.7748521752450981,0.875,0.7329391339869282,0.4777184824974879
SmolLM2-360M,16,model.layers.16.mlp.down_proj,2560,2,0.5,4,0.8347172765225933,0.9375,0.7650680606230704,0.4777184824974879
SmolLM2-360M,16,model.layers.16.mlp.down_proj,2560,2,0.5,6,0.9022882766272189,0.984375,0.8305306356174842,0.4777184824974879
SmolLM2-360M,16,model.layers.16.mlp.down_proj,2560,2,0.5,8,0.9375572400990099,0.99609375,0.8820051453964294,0.4777184824974879
SmolLM2-360M,17,model.layers.17.mlp.down_proj,2560,2,0.1,1,0.10000000000000002,0.09999999999999998,1.3877787807814455e-08,0.3718631816930921
SmolLM2-360M,17,model.layers.17.mlp.down_proj,2560,2,0.1,2,0.14646602862035224,0.18999999999999995,0.5162892068928029,0.3718631816930921
SmolLM2-360M,17,model.layers.17.mlp.down_proj,2560,2,0.1,3,0.18075827205882353,0.2709999999999999,0.47227059683522554,0.3718631816930921
SmolLM2-360M,17,model.layers.17.mlp.down_proj,2560,2,0.1,4,0.20824303167976427,0.3439,0.4438008678957125,0.3718631816930921
SmolLM2-360M,17,model.layers.17.mlp.down_proj,2560,2,0.1,6,0.2520763991617357,0.46855899999999995,0.41262429939775097,0.3718631816930921
SmolLM2-360M,17,model.layers.17.mlp.down_proj,2560,2,0.1,8,0.2872207611386139,0.5695327899999999,0.39873841641307717,0.3718631816930921
SmolLM2-360M,17,model.layers.17.mlp.down_proj,2560,2,0.2,1,0.20000000000000004,0.19999999999999996,2.775557561562891e-08,0.38590212837521776
SmolLM2-360M,17,model.layers.17.mlp.down_proj,2560,2,0.2,2,0.2896335310665362,0.3599999999999999,0.5602095691658517,0.38590212837521776
SmolLM2-360M,17,model.layers.17.mlp.down_proj,2560,2,0.2,3,0.3536894914215686,0.4879999999999999,0.5336440674360022,0.38590212837521776
SmolLM2-360M,17,model.layers.17.mlp.down_proj,2560,2,0.2,4,0.40348569499017684,0.5903999999999999,0.52122360397074,0.38590212837521776
SmolLM2-360M,17,model.layers.17.mlp.down_proj,2560,2,0.2,6,0.47912352071005915,0.7378559999999998,0.518955855675235,0.38590212837521776
SmolLM2-360M,17,model.layers.17.mlp.down_proj,2560,2,0.2,8,0.5365864789603961,0.8322278399999999,0.5323816157168849,0.38590212837521776
SmolLM2-360M,17,model.layers.17.mlp.down_proj,2560,2,0.3,1,0.29999999999999993,0.30000000000000004,-5.551115123125782e-08,0.4104424931502305
SmolLM2-360M,17,model.layers.17.mlp.down_proj,2560,2,0.3,2,0.42646465264187866,0.51,0.6022126316279937,0.4104424931502305
SmolLM2-360M,17,model.layers.17.mlp.down_proj,2560,2,0.3,3,0.5113020833333334,0.657,0.5918825863678806,0.4104424931502305
SmolLM2-360M,17,model.layers.17.mlp.down_proj,2560,2,0.3,4,0.5738189157662082,0.7599,0.595387944697126,0.4104424931502305
SmolLM2-360M,17,model.layers.17.mlp.down_proj,2560,2,0.3,6,0.6628212832840237,0.882351,0.6230285228050156,0.4104424931502305
SmolLM2-360M,17,model.layers.17.mlp.down_proj,2560,2,0.3,8,0.724451577970297,0.94235199,0.6607772445295872,0.4104424931502305
SmolLM2-360M,17,model.layers.17.mlp.down_proj,2560,2,0.5,1,0.5,0.5,0.0,0.4954789433068069
SmolLM2-360M,17,model.layers.17.mlp.down_proj,2560,2,0.5,2,0.6694777397260273,0.75,0.6779109589041092,0.4954789433068069
SmolLM2-360M,17,model.layers.17.mlp.down_proj,2560,2,0.5,3,0.7637155330882354,0.875,0.7032414215686277,0.4954789433068069
SmolLM2-360M,17,model.layers.17.mlp.down_proj,2560,2,0.5,4,0.8223738334970531,0.9375,0.7368544765646927,0.4954789433068069
SmolLM2-360M,17,model.layers.17.mlp.down_proj,2560,2,0.5,6,0.8908222386587772,0.984375,0.80685881529554,0.4954789433068069
SmolLM2-360M,17,model.layers.17.mlp.down_proj,2560,2,0.5,8,0.9275611076732674,0.99609375,0.861855461136665,0.4954789433068069
SmolLM2-360M,18,model.layers.18.mlp.down_proj,2560,2,0.1,1,0.10000000000000002,0.09999999999999998,1.3877787807814455e-08,0.3751467118197271
SmolLM2-360M,18,model.layers.18.mlp.down_proj,2560,2,0.1,2,0.14605247064579258,0.18999999999999995,0.5116941182865844,0.3751467118197271
SmolLM2-360M,18,model.layers.18.mlp.down_proj,2560,2,0.1,3,0.17984375000000002,0.2709999999999999,0.46692251461988343,0.3751467118197271
SmolLM2-360M,18,model.layers.18.mlp.down_proj,2560,2,0.1,4,0.20701052922396856,0.3439,0.43874755729384407,0.3751467118197271
SmolLM2-360M,18,model.layers.18.mlp.down_proj,2560,2,0.1,6,0.24987056213017755,0.46855899999999995,0.4066392684215487,0.3751467118197271
SmolLM2-360M,18,model.layers.18.mlp.down_proj,2560,2,0.1,8,0.28439433787128715,0.5695327899999999,0.3927187659700767,0.3751467118197271
SmolLM2-360M,18,model.layers.18.mlp.down_proj,2560,2,0.2,1,0.20000000000000004,0.19999999999999996,2.775557561562891e-08,0.3934918578319508
SmolLM2-360M,18,model.layers.18.mlp.down_proj,2560,2,0.2,2,0.2880213429549902,0.3599999999999999,0.5501333934686892,0.3934918578319508
SmolLM2-360M,18,model.layers.18.mlp.down_proj,2560,2,0.2,3,0.3503837316176471,0.4879999999999999,0.522165734783497,0.3934918578319508
SmolLM2-360M,18,model.layers.18.mlp.down_proj,2560,2,0.2,4,0.3987644277996071,0.5903999999999999,0.5091301941588297,0.3934918578319508
SmolLM2-360M,18,model.layers.18.mlp.down_proj,2560,2,0.2,6,0.47172553007889545,0.7378559999999998,0.5052012621945196,0.3934918578319508
SmolLM2-360M,18,model.layers.18.mlp.down_proj,2560,2,0.2,8,0.5264340965346535,0.8322278399999999,0.5163235085228982,0.3934918578319508
SmolLM2-360M,18,model.layers.18.mlp.down_proj,2560,2,0.3,1,0.29999999999999993,0.30000000000000004,-5.551115123125782e-08,0.4251312476694016
SmolLM2-360M,18,model.layers.18.mlp.down_proj,2560,2,0.3,2,0.42212726272015655,0.51,0.5815583939055073,0.4251312476694016
SmolLM2-360M,18,model.layers.18.mlp.down_proj,2560,2,0.3,3,0.5036925551470588,0.657,0.5705673813643103,0.4251312476694016
SmolLM2-360M,18,model.layers.18.mlp.down_proj,2560,2,0.3,4,0.5635114808447936,0.7599,0.572975605228949,0.4251312476694016
SmolLM2-360M,18,model.layers.18.mlp.down_proj,2560,2,0.3,6,0.6481431829388561,0.882351,0.5978236200141428,0.4251312476694016
SmolLM2-360M,18,model.layers.18.mlp.down_proj,2560,2,0.3,8,0.7067079207920793,0.94235199,0.6331542940998428,0.4251312476694016
SmolLM2-360M,18,model.layers.18.mlp.down_proj,2560,2,0.5,1,0.5,0.5,0.0,0.5093613833748584
SmolLM2-360M,18,model.layers.18.mlp.down_proj,2560,2,0.5,2,0.6633959148727985,0.75,0.6535836594911939,0.5093613833748584
SmolLM2-360M,18,model.layers.18.mlp.down_proj,2560,2,0.5,3,0.754797794117647,0.875,0.6794607843137254,0.5093613833748584
SmolLM2-360M,18,model.layers.18.mlp.down_proj,2560,2,0.5,4,0.8123480476424362,0.9375,0.7139383946112827,0.5093613833748584
SmolLM2-360M,18,model.layers.18.mlp.down_proj,2560,2,0.5,6,0.8785056089743589,0.984375,0.781430934656741,0.5093613833748584
SmolLM2-360M,18,model.layers.18.mlp.down_proj,2560,2,0.5,8,0.915573948019802,0.99609375,0.837692367661963,0.5093613833748584
SmolLM2-360M,19,model.layers.19.mlp.down_proj,2560,2,0.1,1,0.10000000000000002,0.09999999999999998,1.3877787807814455e-08,0.4097347871443629
SmolLM2-360M,19,model.layers.19.mlp.down_proj,2560,2,0.1,2,0.1424978595890411,0.18999999999999995,0.4721984398782347,0.4097347871443629
SmolLM2-360M,19,model.layers.19.mlp.down_proj,2560,2,0.1,3,0.1744921875,0.2709999999999999,0.4356268274853804,0.4097347871443629
SmolLM2-360M,19,model.layers.19.mlp.down_proj,2560,2,0.1,4,0.20048655451866404,0.3439,0.41199899351645775,0.4097347871443629
SmolLM2-360M,19,model.layers.19.mlp.down_proj,2560,2,0.1,6,0.2412560096153846,0.46855899999999995,0.38326566334124146,0.4097347871443629
SmolLM2-360M,19,model.layers.19.mlp.down_proj,2560,2,0.1,8,0.27361618193069304,0.5695327899999999,0.3697637004876551,0.4097347871443629
SmolLM2-360M,19,model.layers.19.mlp.down_proj,2560,2,0.2,1,0.20000000000000004,0.19999999999999996,2.775557561562891e-08,0.41161572787837786
SmolLM2-360M,19,model.layers.19.mlp.down_proj,2560,2,0.2,2,0.2842343444227006,0.3599999999999999,0.5264646526418792,0.41161572787837786
SmolLM2-360M,19,model.layers.19.mlp.down_proj,2560,2,0.2,3,0.34523284313725483,0.4879999999999999,0.5042807053376905,0.41161572787837786
SmolLM2-360M,19,model.layers.19.mlp.down_proj,2560,2,0.2,4,0.3930147961689587,0.5903999999999999,0.4944026541213082,0.41161572787837786
SmolLM2-360M,19,model.layers.19.mlp.down_proj,2560,2,0.2,6,0.4653299124753452,0.7378559999999998,0.4933103144249488,0.41161572787837786
SmolLM2-360M,19,model.layers.19.mlp.down_proj,2560,2,0.2,8,0.5199040841584159,0.8322278399999999,0.5059949339757261,0.41161572787837786
SmolLM2-360M,19,model.layers.19.mlp.down_proj,2560,2,0.3,1,0.29999999999999993,0.30000000000000004,-5.551115123125782e-08,0.4334562280411966
SmolLM2-360M,19,model.layers.19.mlp.down_proj,2560,2,0.3,2,0.41953048556751465,0.51,0.5691927884167365,0.4334562280411966
SmolLM2-360M,19,model.layers.19.mlp.down_proj,2560,2,0.3,3,0.5008203125,0.657,0.5625218837535014,0.4334562280411966
SmolLM2-360M,19,model.layers.19.mlp.down_proj,2560,2,0.3,4,0.5614777750491159,0.7599,0.5685535443555466,0.4334562280411966
SmolLM2-360M,19,model.layers.19.mlp.down_proj,2560,2,0.3,6,0.6473080004930966,0.882351,0.5963894635590847,0.4334562280411966
SmolLM2-360M,19,model.layers.19.mlp.down_proj,2560,2,0.3,8,0.7069577660891089,0.94235199,0.6335432479770302,0.4334562280411966
SmolLM2-360M,19,model.layers.19.mlp.down_proj,2560,2,0.5,1,0.5,0.5,0.0,0.5113704095477415
SmolLM2-360M,19,model.layers.19.mlp.down_proj,2560,2,0.5,2,0.6623562866927593,0.75,0.649425146771037,0.5113704095477415
SmolLM2-360M,19,model.layers.19.mlp.down_proj,2560,2,0.5,3,0.7548851102941175,0.875,0.67969362745098,0.5113704095477415
SmolLM2-360M,19,model.layers.19.mlp.down_proj,2560,2,0.5,4,0.8143625675343812,0.9375,0.718543011507157,0.5113704095477415
SmolLM2-360M,19,model.layers.19.mlp.down_proj,2560,2,0.5,6,0.8844250801282052,0.984375,0.7936517783291979,0.5113704095477415
SmolLM2-360M,19,model.layers.19.mlp.down_proj,2560,2,0.5,8,0.9229385829207921,0.99609375,0.8525376159663212,0.5113704095477415
SmolLM2-360M,20,model.layers.20.mlp.down_proj,2560,2,0.1,1,0.10000000000000002,0.09999999999999998,1.3877787807814455e-08,0.3606643272002027
SmolLM2-360M,20,model.layers.20.mlp.down_proj,2560,2,0.1,2,0.14739404965753425,0.18999999999999995,0.5266005517503808,0.3606643272002027
SmolLM2-360M,20,model.layers.20.mlp.down_proj,2560,2,0.1,3,0.18264169730392155,0.2709999999999999,0.483284779555097,0.3606643272002027
SmolLM2-360M,20,model.layers.20.mlp.down_proj,2560,2,0.1,4,0.21114470776031435,0.3439,0.4556978587958768,0.3606643272002027
SmolLM2-360M,20,model.layers.20.mlp.down_proj,2560,2,0.1,6,0.2565435465976332,0.46855899999999995,0.424744875576592,0.3606643272002027
SmolLM2-360M,20,model.layers.20.mlp.down_proj,2560,2,0.1,8,0.29319461633663363,0.5695327899999999,0.4114613940735293,0.3606643272002027
SmolLM2-360M,20,model.layers.20.mlp.down_proj,2560,2,0.2,1,0.20000000000000004,0.19999999999999996,2.775557561562891e-08,0.3793817546238924
SmolLM2-360M,20,model.layers.20.mlp.down_proj,2560,2,0.2,2,0.29065022627201564,0.3599999999999999,0.5665639142000982,0.3793817546238924
SmolLM2-360M,20,model.layers.20.mlp.down_proj,2560,2,0.2,3,0.35584865196078436,0.4879999999999999,0.5411411526416126,0.3793817546238924
SmolLM2-360M,20,model.layers.20.mlp.down_proj,2560,2,0.2,4,0.40715480722003927,0.5903999999999999,0.5306219447234614,0.3793817546238924
SmolLM2-360M,20,model.layers.20.mlp.down_proj,2560,2,0.2,6,0.48582809418145956,0.7378559999999998,0.5314212246055814,0.3793817546238924
SmolLM2-360M,20,model.layers.20.mlp.down_proj,2560,2,0.2,8,0.5457580445544554,0.8322278399999999,0.5468883568215779,0.3793817546238924
SmolLM2-360M,20,model.layers.20.mlp.down_proj,2560,2,0.3,1,0.29999999999999993,0.30000000000000004,-5.551115123125782e-08,0.4115097579814889
SmolLM2-360M,20,model.layers.20.mlp.down_proj,2560,2,0.3,2,0.4258683953033268,0.51,0.599373310968223,0.4115097579814889
SmolLM2-360M,20,model.layers.20.mlp.down_proj,2560,2,0.3,3,0.5118864889705882,0.657,0.5935195769484263,0.4115097579814889
SmolLM2-360M,20,model.layers.20.mlp.down_proj,2560,2,0.3,4,0.5763330365913556,0.7599,0.6008546131579813,0.4115097579814889
SmolLM2-360M,20,model.layers.20.mlp.down_proj,2560,2,0.3,6,0.6686806582840237,0.882351,0.6330901093739405,0.4115097579814889
SmolLM2-360M,20,model.layers.20.mlp.down_proj,2560,2,0.3,8,0.7330646658415843,0.94235199,0.6741859176642143,0.4115097579814889
SmolLM2-360M,20,model.layers.20.mlp.down_proj,2560,2,0.5,1,0.5,0.5,0.0,0.49295826268519016
SmolLM2-360M,20,model.layers.20.mlp.down_proj,2560,2,0.5,2,0.6703537793542075,0.75,0.6814151174168299,0.49295826268519016
SmolLM2-360M,20,model.layers.20.mlp.down_proj,2560,2,0.5,3,0.767100949754902,0.875,0.7122691993464052,0.49295826268519016
SmolLM2-360M,20,model.layers.20.mlp.down_proj,2560,2,0.5,4,0.8286345776031434,0.9375,0.751164748807185,0.49295826268519016
SmolLM2-360M,20,model.layers.20.mlp.down_proj,2560,2,0.5,6,0.8994306274654832,0.984375,0.8246309728319653,0.49295826268519016
SmolLM2-360M,20,model.layers.20.mlp.down_proj,2560,2,0.5,8,0.9373793316831683,0.99609375,0.8816465268574102,0.49295826268519016
SmolLM2-360M,21,model.layers.21.mlp.down_proj,2560,2,0.1,1,0.10000000000000002,0.09999999999999998,1.3877787807814455e-08,0.34731297737036454
SmolLM2-360M,21,model.layers.21.mlp.down_proj,2560,2,0.1,2,0.14895578522504893,0.18999999999999995,0.5439531691672106,0.34731297737036454
SmolLM2-360M,21,model.layers.21.mlp.down_proj,2560,2,0.1,3,0.1860278799019608,0.2709999999999999,0.5030870169705312,0.34731297737036454
SmolLM2-360M,21,model.layers.21.mlp.down_proj,2560,2,0.1,4,0.2163763199901768,0.3439,0.47714768343655933,0.34731297737036454
SmolLM2-360M,21,model.layers.21.mlp.down_proj,2560,2,0.1,6,0.2646911982248521,0.46855899999999995,0.4468516525843952,0.34731297737036454
SmolLM2-360M,21,model.layers.21.mlp.down_proj,2560,2,0.1,8,0.30360844678217824,0.5695327899999999,0.4336405276022965,0.34731297737036454
SmolLM2-360M,21,model.layers.21.mlp.down_proj,2560,2,0.2,1,0.20000000000000004,0.19999999999999996,2.775557561562891e-08,0.3647495025490445
SmolLM2-360M,21,model.layers.21.mlp.down_proj,2560,2,0.2,2,0.29382414995107625,0.3599999999999999,0.586400937194227,0.3647495025490445
SmolLM2-360M,21,model.layers.21.mlp.down_proj,2560,2,0.2,3,0.362039675245098,0.4879999999999999,0.5626377612677016,0.3647495025490445
SmolLM2-360M,21,model.layers.21.mlp.down_proj,2560,2,0.2,4,0.4157301387524558,0.5903999999999999,0.5525874455749381,0.3647495025490445
SmolLM2-360M,21,model.layers.21.mlp.down_proj,2560,2,0.2,6,0.4979667467948718,0.7378559999999998,0.5539898165956536,0.3647495025490445
SmolLM2-360M,21,model.layers.21.mlp.down_proj,2560,2,0.2,8,0.5607069925742574,0.8322278399999999,0.570533231460129,0.3647495025490445
SmolLM2-360M,21,model.layers.21.mlp.down_proj,2560,2,0.3,1,0.29999999999999993,0.30000000000000004,-5.551115123125782e-08,0.39309989990704086
SmolLM2-360M,21,model.layers.21.mlp.down_proj,2560,2,0.3,2,0.4314800941780822,0.51,0.6260956865622962,0.39309989990704086
SmolLM2-360M,21,model.layers.21.mlp.down_proj,2560,2,0.3,3,0.521032475490196,0.657,0.6191385868072719,0.39309989990704086
SmolLM2-360M,21,model.layers.21.mlp.down_proj,2560,2,0.3,4,0.587728695972495,0.7599,0.6256331723689824,0.39309989990704086
SmolLM2-360M,21,model.layers.21.mlp.down_proj,2560,2,0.3,6,0.6829165125739646,0.882351,0.6575355972153641,0.39309989990704086
SmolLM2-360M,21,model.layers.21.mlp.down_proj,2560,2,0.3,8,0.7488590655940595,0.94235199,0.6987743053369531,0.39309989990704086
SmolLM2-360M,21,model.layers.21.mlp.down_proj,2560,2,0.5,1,0.5,0.5,0.0,0.47947089332889425
SmolLM2-360M,21,model.layers.21.mlp.down_proj,2560,2,0.5,2,0.6764493639921721,0.75,0.7057974559686886,0.47947089332889425
SmolLM2-360M,21,model.layers.21.mlp.down_proj,2560,2,0.5,3,0.7757291666666668,0.875,0.7352777777777781,0.47947089332889425
SmolLM2-360M,21,model.layers.21.mlp.down_proj,2560,2,0.5,4,0.8377148821218076,0.9375,0.7719197305641315,0.47947089332889425
SmolLM2-360M,21,model.layers.21.mlp.down_proj,2560,2,0.5,6,0.907193817800789,0.984375,0.8406582044919515,0.47947089332889425
SmolLM2-360M,21,model.layers.21.mlp.down_proj,2560,2,0.5,8,0.9434784962871287,0.99609375,0.8939409059016137,0.47947089332889425
SmolLM2-360M,22,model.layers.22.mlp.down_proj,2560,2,0.1,1,0.10000000000000002,0.09999999999999998,1.3877787807814455e-08,0.3827559075883725
SmolLM2-360M,22,model.layers.22.mlp.down_proj,2560,2,0.1,2,0.14515732020547947,0.18999999999999995,0.5017480022831056,0.3827559075883725
SmolLM2-360M,22,model.layers.22.mlp.down_proj,2560,2,0.1,3,0.17725566789215685,0.2709999999999999,0.45178753153308127,0.3827559075883725
SmolLM2-360M,22,model.layers.22.mlp.down_proj,2560,2,0.1,4,0.2024857256876228,0.3439,0.42019567727602625,0.3827559075883725
SmolLM2-360M,22,model.layers.22.mlp.down_proj,2560,2,0.1,6,0.24065273668639053,0.46855899999999995,0.38162882112874885,0.3827559075883725
SmolLM2-360M,22,model.layers.22.mlp.down_proj,2560,2,0.1,8,0.2704122834158416,0.5695327899999999,0.3629401120544566,0.3827559075883725
SmolLM2-360M,22,model.layers.22.mlp.down_proj,2560,2,0.2,1,0.20000000000000004,0.19999999999999996,2.775557561562891e-08,0.40125771876464517
SmolLM2-360M,22,model.layers.22.mlp.down_proj,2560,2,0.2,2,0.2861889982876713,0.3599999999999999,0.538681239297946,0.40125771876464517
SmolLM2-360M,22,model.layers.22.mlp.down_proj,2560,2,0.2,3,0.34470971200980394,0.4879999999999999,0.5024642778118195,0.40125771876464517
SmolLM2-360M,22,model.layers.22.mlp.down_proj,2560,2,0.2,4,0.38990898207269153,0.5903999999999999,0.48644718768619766,0.40125771876464517
SmolLM2-360M,22,model.layers.22.mlp.down_proj,2560,2,0.2,6,0.4572115384615384,0.7378559999999998,0.47821635988357186,0.40125771876464517
SmolLM2-360M,22,model.layers.22.mlp.down_proj,2560,2,0.2,8,0.5076461943069307,0.8322278399999999,0.4866065282840609,0.40125771876464517
SmolLM2-360M,22,model.layers.22.mlp.down_proj,2560,2,0.3,1,0.29999999999999993,0.30000000000000004,-5.551115123125782e-08,0.42754114854518915
SmolLM2-360M,22,model.layers.22.mlp.down_proj,2560,2,0.3,2,0.42119236179060665,0.51,0.5771064847171745,0.42754114854518915
SmolLM2-360M,22,model.layers.22.mlp.down_proj,2560,2,0.3,3,0.5009122242647058,0.657,0.5627793396770471,0.42754114854518915
SmolLM2-360M,22,model.layers.22.mlp.down_proj,2560,2,0.3,4,0.5599421353143417,0.7599,0.5652144712205733,0.42754114854518915
SmolLM2-360M,22,model.layers.22.mlp.down_proj,2560,2,0.3,6,0.6435304178994083,0.882351,0.5899026839473244,0.42754114854518915
SmolLM2-360M,22,model.layers.22.mlp.down_proj,2560,2,0.3,8,0.7020969987623763,0.94235199,0.6259761081496397,0.42754114854518915
SmolLM2-360M,22,model.layers.22.mlp.down_proj,2560,2,0.5,1,0.5,0.5,0.0,0.5031142812068516
SmolLM2-360M,22,model.layers.22.mlp.down_proj,2560,2,0.5,2,0.6659277152641878,0.75,0.6637108610567513,0.5031142812068516
SmolLM2-360M,22,model.layers.22.mlp.down_proj,2560,2,0.5,3,0.7588733149509804,0.875,0.6903288398692812,0.5031142812068516
SmolLM2-360M,22,model.layers.22.mlp.down_proj,2560,2,0.5,4,0.8181199349214144,0.9375,0.7271312798203758,0.5031142812068516
SmolLM2-360M,22,model.layers.22.mlp.down_proj,2560,2,0.5,6,0.8868112056213018,0.984375,0.7985779728955907,0.5031142812068516
SmolLM2-360M,22,model.layers.22.mlp.down_proj,2560,2,0.5,8,0.9247439665841584,0.99609375,0.8561768145318468,0.5031142812068516
SmolLM2-360M,23,model.layers.23.mlp.down_proj,2560,2,0.1,1,0.10000000000000002,0.09999999999999998,1.3877787807814455e-08,0.3695889695479807
SmolLM2-360M,23,model.layers.23.mlp.down_proj,2560,2,0.1,2,0.14639493639921722,0.18999999999999995,0.5154992933246361,0.3695889695479807
SmolLM2-360M,23,model.layers.23.mlp.down_proj,2560,2,0.1,3,0.17986519607843135,0.2709999999999999,0.4670479302832245,0.3695889695479807
SmolLM2-360M,23,model.layers.23.mlp.down_proj,2560,2,0.1,4,0.20641806851669942,0.3439,0.43631844410290865,0.3695889695479807
SmolLM2-360M,23,model.layers.23.mlp.down_proj,2560,2,0.1,6,0.24812315088757397,0.46855899999999995,0.40189807028881125,0.3695889695479807
SmolLM2-360M,23,model.layers.23.mlp.down_proj,2560,2,0.1,8,0.2810032487623762,0.5695327899999999,0.38549650336960756,0.3695889695479807
SmolLM2-360M,23,model.layers.23.mlp.down_proj,2560,2,0.2,1,0.20000000000000004,0.19999999999999996,2.775557561562891e-08,0.3722992691282911
SmolLM2-360M,23,model.layers.23.mlp.down_proj,2560,2,0.2,2,0.2920093872309198,0.3599999999999999,0.5750586701932491,0.3722992691282911
SmolLM2-360M,23,model.layers.23.mlp.down_proj,2560,2,0.2,3,0.35692172181372545,0.4879999999999999,0.5448670896309914,0.3722992691282911
SmolLM2-360M,23,model.layers.23.mlp.down_proj,2560,2,0.2,4,0.4075231765717092,0.5903999999999999,0.5315655137595011,0.3722992691282911
SmolLM2-360M,23,model.layers.23.mlp.down_proj,2560,2,0.2,6,0.48494745438856013,0.7378559999999998,0.5297839094266127,0.3722992691282911
SmolLM2-360M,23,model.layers.23.mlp.down_proj,2560,2,0.2,8,0.54353650990099,0.8322278399999999,0.5433745370988251,0.3722992691282911
SmolLM2-360M,23,model.layers.23.mlp.down_proj,2560,2,0.3,1,0.29999999999999993,0.30000000000000004,-5.551115123125782e-08,0.3963150453251272
SmolLM2-360M,23,model.layers.23.mlp.down_proj,2560,2,0.3,2,0.4302654109589041,0.51,0.6203114807566861,0.3963150453251272
SmolLM2-360M,23,model.layers.23.mlp.down_proj,2560,2,0.3,3,0.5176286764705883,0.657,0.6096041357719559,0.3963150453251272
SmolLM2-360M,23,model.layers.23.mlp.down_proj,2560,2,0.3,4,0.5822906434184676,0.7599,0.613808748463726,0.3963150453251272
SmolLM2-360M,23,model.layers.23.mlp.down_proj,2560,2,0.3,6,0.6747750246548324,0.882351,0.6435552178236705,0.3963150453251272
SmolLM2-360M,23,model.layers.23.mlp.down_proj,2560,2,0.3,8,0.738933323019802,0.94235199,0.6833221191076281,0.3963150453251272
SmolLM2-360M,23,model.layers.23.mlp.down_proj,2560,2,0.5,1,0.5,0.5,0.0,0.47551920625696525
SmolLM2-360M,23,model.layers.23.mlp.down_proj,2560,2,0.5,2,0.6781517551369863,0.75,0.7126070205479453,0.47551920625696525
SmolLM2-360M,23,model.layers.23.mlp.down_proj,2560,2,0.5,3,0.7765632659313726,0.875,0.7375020424836602,0.47551920625696525
SmolLM2-360M,23,model.layers.23.mlp.down_proj,2560,2,0.5,4,0.8381062745579568,0.9375,0.7728143418467585,0.47551920625696525
SmolLM2-360M,23,model.layers.23.mlp.down_proj,2560,2,0.5,6,0.9070805596646943,0.984375,0.8404243812432397,0.47551920625696525
SmolLM2-360M,23,model.layers.23.mlp.down_proj,2560,2,0.5,8,0.9429277537128714,0.99609375,0.8928307476416936,0.47551920625696525
SmolLM2-360M,24,model.layers.24.mlp.down_proj,2560,2,0.1,1,0.10000000000000002,0.09999999999999998,1.3877787807814455e-08,0.2765391135924728
SmolLM2-360M,24,model.layers.24.mlp.down_proj,2560,2,0.1,2,0.1568707191780822,0.18999999999999995,0.6318968797564694,0.2765391135924728
SmolLM2-360M,24,model.layers.24.mlp.down_proj,2560,2,0.1,3,0.19992264093137255,0.2709999999999999,0.5843429294232316,0.2765391135924728
SmolLM2-360M,24,model.layers.24.mlp.down_proj,2560,2,0.1,4,0.23514320358546167,0.3439,0.5540926756271491,0.2765391135924728
SmolLM2-360M,24,model.layers.24.mlp.down_proj,2560,2,0.1,6,0.29266287598619334,0.46855899999999995,0.5227463607894349,0.2765391135924728
SmolLM2-360M,24,model.layers.24.mlp.down_proj,2560,2,0.1,8,0.33929068688118813,0.5695327899999999,0.509635731470827,0.2765391135924728
SmolLM2-360M,24,model.layers.24.mlp.down_proj,2560,2,0.2,1,0.20000000000000004,0.19999999999999996,2.775557561562891e-08,0.2847803573851088
SmolLM2-360M,24,model.layers.24.mlp.down_proj,2560,2,0.2,2,0.31160255626223093,0.3599999999999999,0.6975159766389438,0.2847803573851088
SmolLM2-360M,24,model.layers.24.mlp.down_proj,2560,2,0.2,3,0.39380055147058823,0.4879999999999999,0.6729185814950983,0.2847803573851088
SmolLM2-360M,24,model.layers.24.mlp.down_proj,2560,2,0.2,4,0.4583926817288801,0.5903999999999999,0.6618665003301233,0.2847803573851088
SmolLM2-360M,24,model.layers.24.mlp.down_proj,2560,2,0.2,6,0.5566591161242603,0.7378559999999998,0.663112647482338,0.2847803573851088
SmolLM2-360M,24,model.layers.24.mlp.down_proj,2560,2,0.2,8,0.6289325495049505,0.8322278399999999,0.6784461587533863,0.2847803573851088
SmolLM2-360M,24,model.layers.24.mlp.down_proj,2560,2,0.3,1,0.29999999999999993,0.30000000000000004,-5.551115123125782e-08,0.31646305320802626
SmolLM2-360M,24,model.layers.24.mlp.down_proj,2560,2,0.3,2,0.45605889187866927,0.51,0.7431375803746155,0.31646305320802626
SmolLM2-360M,24,model.layers.24.mlp.down_proj,2560,2,0.3,3,0.5620105698529412,0.657,0.733923164854177,0.31646305320802626
SmolLM2-360M,24,model.layers.24.mlp.down_proj,2560,2,0.3,4,0.6391691736247543,0.7599,0.737484613230603,0.31646305320802626
SmolLM2-360M,24,model.layers.24.mlp.down_proj,2560,2,0.3,6,0.7455937191814596,0.882351,0.7651634824727004,0.31646305320802626
SmolLM2-360M,24,model.layers.24.mlp.down_proj,2560,2,0.3,8,0.8138428217821783,0.94235199,0.7999396433444196,0.31646305320802626
SmolLM2-360M,24,model.layers.24.mlp.down_proj,2560,2,0.5,1,0.5,0.5,0.0,0.4235800102756172
SmolLM2-360M,24,model.layers.24.mlp.down_proj,2560,2,0.5,2,0.702663282778865,0.75,0.8106531311154601,0.4235800102756172
SmolLM2-360M,24,model.layers.24.mlp.down_proj,2560,2,0.5,3,0.811374080882353,0.875,0.8303308823529413,0.4235800102756172
SmolLM2-360M,24,model.layers.24.mlp.down_proj,2560,2,0.5,4,0.8746899557956779,0.9375,0.8564341846758351,0.4235800102756172
SmolLM2-360M,24,model.layers.24.mlp.down_proj,2560,2,0.5,6,0.9398198656311637,0.984375,0.908015206464338,0.4235800102756172
SmolLM2-360M,24,model.layers.24.mlp.down_proj,2560,2,0.5,8,0.9689611695544554,0.99609375,0.9453075543774849,0.4235800102756172
SmolLM2-360M,25,model.layers.25.mlp.down_proj,2560,2,0.1,1,0.10000000000000002,0.09999999999999998,1.3877787807814455e-08,0.23882778762818993
SmolLM2-360M,25,model.layers.25.mlp.down_proj,2560,2,0.1,2,0.16172868762230924,0.18999999999999995,0.6858743069145475,0.23882778762818993
SmolLM2-360M,25,model.layers.25.mlp.down_proj,2560,2,0.1,3,0.20851026348039214,0.2709999999999999,0.634562944329779,0.23882778762818993
SmolLM2-360M,25,model.layers.25.mlp.down_proj,2560,2,0.1,4,0.24663325761296656,0.3439,0.6012023682368453,0.23882778762818993
SmolLM2-360M,25,model.layers.25.mlp.down_proj,2560,2,0.1,6,0.3086368959566075,0.46855899999999995,0.566088186576932,0.23882778762818993
SmolLM2-360M,25,model.layers.25.mlp.down_proj,2560,2,0.1,8,0.35880646658415843,0.5695327899999999,0.5511999845296395,0.23882778762818993
SmolLM2-360M,25,model.layers.25.mlp.down_proj,2560,2,0.2,1,0.20000000000000004,0.19999999999999996,2.775557561562891e-08,0.2632128748722559
SmolLM2-360M,25,model.layers.25.mlp.down_proj,2560,2,0.2,2,0.3170200892857143,0.3599999999999999,0.7313755580357149,0.2632128748722559
SmolLM2-360M,25,model.layers.25.mlp.down_proj,2560,2,0.2,3,0.40249540441176473,0.4879999999999999,0.7031090430964057,0.2632128748722559
SmolLM2-360M,25,model.layers.25.mlp.down_proj,2560,2,0.2,4,0.46966324901768175,0.5903999999999999,0.6907357812952915,0.2632128748722559
SmolLM2-360M,25,model.layers.25.mlp.down_proj,2560,2,0.2,6,0.5726631841715977,0.7378559999999998,0.6928679501048566,0.2632128748722559
SmolLM2-360M,25,model.layers.25.mlp.down_proj,2560,2,0.2,8,0.6481133972772277,0.8322278399999999,0.7087846642078081,0.2632128748722559
SmolLM2-360M,25,model.layers.25.mlp.down_proj,2560,2,0.3,1,0.29999999999999993,0.30000000000000004,-5.551115123125782e-08,0.29879791809476797
SmolLM2-360M,25,model.layers.25.mlp.down_proj,2560,2,0.3,2,0.4623494068003914,0.51,0.7730924133351971,0.29879791809476797
SmolLM2-360M,25,model.layers.25.mlp.down_proj,2560,2,0.3,3,0.5719975490196079,0.657,0.7618978964134674,0.29879791809476797
SmolLM2-360M,25,model.layers.25.mlp.down_proj,2560,2,0.3,4,0.6516638015717093,0.7599,0.7646527540154584,0.29879791809476797
SmolLM2-360M,25,model.layers.25.mlp.down_proj,2560,2,0.3,6,0.7614051713510849,0.882351,0.7923145514493576,0.29879791809476797
SmolLM2-360M,25,model.layers.25.mlp.down_proj,2560,2,0.3,8,0.8312035891089109,0.94235199,0.8269665189468951,0.29879791809476797
SmolLM2-360M,25,model.layers.25.mlp.down_proj,2560,2,0.5,1,0.5,0.5,0.0,0.4091776882693827
SmolLM2-360M,25,model.layers.25.mlp.down_proj,2560,2,0.5,2,0.7098573568982388,0.75,0.8394294275929552,0.4091776882693827
SmolLM2-360M,25,model.layers.25.mlp.down_proj,2560,2,0.5,3,0.8206449142156862,0.875,0.8550531045751631,0.4091776882693827
SmolLM2-360M,25,model.layers.25.mlp.down_proj,2560,2,0.5,4,0.8847026952357564,0.9375,0.8793204462531575,0.4091776882693827
SmolLM2-360M,25,model.layers.25.mlp.down_proj,2560,2,0.5,6,0.9489282852564103,0.984375,0.9268196856906534,0.4091776882693827
SmolLM2-360M,25,model.layers.25.mlp.down_proj,2560,2,0.5,8,0.9759189356435644,0.99609375,0.9593326576752164,0.4091776882693827
SmolLM2-360M,26,model.layers.26.mlp.down_proj,2560,2,0.1,1,0.10000000000000002,0.09999999999999998,1.3877787807814455e-08,0.2033148107464444
SmolLM2-360M,26,model.layers.26.mlp.down_proj,2560,2,0.1,2,0.1664268896771037,0.18999999999999995,0.7380765519678193,0.2033148107464444
SmolLM2-360M,26,model.layers.26.mlp.down_proj,2560,2,0.1,3,0.2180859375,0.2709999999999999,0.6905610380116962,0.2033148107464444
SmolLM2-360M,26,model.layers.26.mlp.down_proj,2560,2,0.1,4,0.2608776399803536,0.3439,0.6596049199686496,0.2033148107464444
SmolLM2-360M,26,model.layers.26.mlp.down_proj,2560,2,0.1,6,0.3304934048323472,0.46855899999999995,0.6253907917927582,0.2033148107464444
SmolLM2-360M,26,model.layers.26.mlp.down_proj,2560,2,0.1,8,0.3860875618811881,0.5695327899999999,0.609302625874517,0.2033148107464444
SmolLM2-360M,26,model.layers.26.mlp.down_proj,2560,2,0.2,1,0.20000000000000004,0.19999999999999996,2.775557561562891e-08,0.2360983198662012
SmolLM2-360M,26,model.layers.26.mlp.down_proj,2560,2,0.2,2,0.32391374143835616,0.3599999999999999,0.7744608839897266,0.2360983198662012
SmolLM2-360M,26,model.layers.26.mlp.down_proj,2560,2,0.2,3,0.4151838235294118,0.4879999999999999,0.7471660539215691,0.2360983198662012
SmolLM2-360M,26,model.layers.26.mlp.down_proj,2560,2,0.2,4,0.4868476792730845,0.5903999999999999,0.7347532768265485,0.2360983198662012
SmolLM2-360M,26,model.layers.26.mlp.down_proj,2560,2,0.2,6,0.5947361932938856,0.7378559999999998,0.7339068324865498,0.2360983198662012
SmolLM2-360M,26,model.layers.26.mlp.down_proj,2560,2,0.2,8,0.6728194616336635,0.8322278399999999,0.74786245040026,0.2360983198662012
SmolLM2-360M,26,model.layers.26.mlp.down_proj,2560,2,0.3,1,0.29999999999999993,0.30000000000000004,-5.551115123125782e-08,0.2790549272756674
SmolLM2-360M,26,model.layers.26.mlp.down_proj,2560,2,0.3,2,0.46942117172211345,0.51,0.8067674843910164,0.2790549272756674
SmolLM2-360M,26,model.layers.26.mlp.down_proj,2560,2,0.3,3,0.5835171568627451,0.657,0.7941657054978853,0.2790549272756674
SmolLM2-360M,26,model.layers.26.mlp.down_proj,2560,2,0.3,4,0.6661929027504911,0.7599,0.796244624375932,0.2790549272756674
SmolLM2-360M,26,model.layers.26.mlp.down_proj,2560,2,0.3,6,0.7774439102564102,0.882351,0.8198559120812194,0.2790549272756674
SmolLM2-360M,26,model.layers.26.mlp.down_proj,2560,2,0.3,8,0.8471294863861386,0.94235199,0.851759619186575,0.2790549272756674
SmolLM2-360M,26,model.layers.26.mlp.down_proj,2560,2,0.5,1,0.5,0.5,0.0,0.3992736977713151
SmolLM2-360M,26,model.layers.26.mlp.down_proj,2560,2,0.5,2,0.7148383989726027,0.75,0.8593535958904108,0.3992736977713151
SmolLM2-360M,26,model.layers.26.mlp.down_proj,2560,2,0.5,3,0.8269048713235294,0.875,0.8717463235294117,0.3992736977713151
SmolLM2-360M,26,model.layers.26.mlp.down_proj,2560,2,0.5,4,0.8902597003929272,0.9375,0.8920221723266908,0.3992736977713151
SmolLM2-360M,26,model.layers.26.mlp.down_proj,2560,2,0.5,6,0.953139638806706,0.984375,0.9355140930202963,0.3992736977713151
SmolLM2-360M,26,model.layers.26.mlp.down_proj,2560,2,0.5,8,0.978592202970297,0.99609375,0.9647212910267404,0.3992736977713151
SmolLM2-360M,27,model.layers.27.mlp.down_proj,2560,2,0.1,1,0.10000000000000002,0.09999999999999998,1.3877787807814455e-08,0.21150193228072486
SmolLM2-360M,27,model.layers.27.mlp.down_proj,2560,2,0.1,2,0.16538726149706456,0.18999999999999995,0.7265251277451622,0.21150193228072486
SmolLM2-360M,27,model.layers.27.mlp.down_proj,2560,2,0.1,3,0.21539139093137255,0.2709999999999999,0.6748034557390211,0.21150193228072486
SmolLM2-360M,27,model.layers.27.mlp.down_proj,2560,2,0.1,4,0.25651860265225934,0.3439,0.6417326882011454,0.21150193228072486
SmolLM2-360M,27,model.layers.27.mlp.down_proj,2560,2,0.1,6,0.32398915187376726,0.46855899999999995,0.6077429987431247,0.21150193228072486
SmolLM2-360M,27,model.layers.27.mlp.down_proj,2560,2,0.1,8,0.37864712252475247,0.5695327899999999,0.593456151432475,0.21150193228072486
SmolLM2-360M,27,model.layers.27.mlp.down_proj,2560,2,0.2,1,0.20000000000000004,0.19999999999999996,2.775557561562891e-08,0.24298691769745473
SmolLM2-360M,27,model.layers.27.mlp.down_proj,2560,2,0.2,2,0.32217236423679063,0.3599999999999999,0.763577276479942,0.24298691769745473
SmolLM2-360M,27,model.layers.27.mlp.down_proj,2560,2,0.2,3,0.41146446078431376,0.4879999999999999,0.7342515999455341,0.24298691769745473
SmolLM2-360M,27,model.layers.27.mlp.down_proj,2560,2,0.2,4,0.48215634209233793,0.5903999999999999,0.7227365319988166,0.24298691769745473
SmolLM2-360M,27,model.layers.27.mlp.down_proj,2560,2,0.2,6,0.5893152120315582,0.7378559999999998,0.7238279614461088,0.24298691769745473
SmolLM2-360M,27,model.layers.27.mlp.down_proj,2560,2,0.2,8,0.6677482982673267,0.8322278399999999,0.7398413493896865,0.24298691769745473
SmolLM2-360M,27,model.layers.27.mlp.down_proj,2560,2,0.3,1,0.29999999999999993,0.30000000000000004,-5.551115123125782e-08,0.282006703576457
SmolLM2-360M,27,model.layers.27.mlp.down_proj,2560,2,0.3,2,0.46840065435420747,0.51,0.8019078778771784,0.282006703576457
SmolLM2-360M,27,model.layers.27.mlp.down_proj,2560,2,0.3,3,0.5818497242647058,0.657,0.7894950259515569,0.282006703576457
SmolLM2-360M,27,model.layers.27.mlp.down_proj,2560,2,0.3,4,0.6641783828585461,0.7599,0.7918642810579389,0.282006703576457
SmolLM2-360M,27,model.layers.27.mlp.down_proj,2560,2,0.3,6,0.7753991000986193,0.882351,0.8163446102069358,0.282006703576457
SmolLM2-360M,27,model.layers.27.mlp.down_proj,2560,2,0.3,8,0.8451539294554455,0.94235199,0.8486841139161808,0.282006703576457
SmolLM2-360M,27,model.layers.27.mlp.down_proj,2560,2,0.5,1,0.5,0.5,0.0,0.39874641874813876
SmolLM2-360M,27,model.layers.27.mlp.down_proj,2560,2,0.5,2,0.7151594606164385,0.75,0.8606378424657541,0.39874641874813876
SmolLM2-360M,27,model.layers.27.mlp.down_proj,2560,2,0.5,3,0.8279243259803922,0.875,0.8744648692810459,0.39874641874813876
SmolLM2-360M,27,model.layers.27.mlp.down_proj,2560,2,0.5,4,0.8918060842337917,0.9375,0.8955567639629525,0.39874641874813876
SmolLM2-360M,27,model.layers.27.mlp.down_proj,2560,2,0.5,6,0.9545642258382643,0.984375,0.9384551759241585,0.39874641874813876
SmolLM2-360M,27,model.layers.27.mlp.down_proj,2560,2,0.5,8,0.9796132425742574,0.99609375,0.9667794495985031,0.39874641874813876
SmolLM2-360M,28,model.layers.28.mlp.down_proj,2560,2,0.1,1,0.10000000000000002,0.09999999999999998,1.3877787807814455e-08,0.24822368237967854
SmolLM2-360M,28,model.layers.28.mlp.down_proj,2560,2,0.1,2,0.16045590753424657,0.18999999999999995,0.6717323059360734,0.24822368237967854
SmolLM2-360M,28,model.layers.28.mlp.down_proj,2560,2,0.1,3,0.2060018382352941,0.2709999999999999,0.6198937908496734,0.24822368237967854
SmolLM2-360M,28,model.layers.28.mlp.down_proj,2560,2,0.1,4,0.24312760928290766,0.3439,0.586829066350585,0.24822368237967854
SmolLM2-360M,28,model.layers.28.mlp.down_proj,2560,2,0.1,6,0.3030741494082841,0.46855899999999995,0.5509949544259782,0.24822368237967854
SmolLM2-360M,28,model.layers.28.mlp.down_proj,2560,2,0.1,8,0.3520706992574258,0.5695327899999999,0.5368543041635618,0.24822368237967854
SmolLM2-360M,28,model.layers.28.mlp.down_proj,2560,2,0.2,1,0.20000000000000004,0.19999999999999996,2.775557561562891e-08,0.2632816386502983
SmolLM2-360M,28,model.layers.28.mlp.down_proj,2560,2,0.2,2,0.3169107754403131,0.3599999999999999,0.7306923465019574,0.2632816386502983
SmolLM2-360M,28,model.layers.28.mlp.down_proj,2560,2,0.2,3,0.4021606924019608,0.4879999999999999,0.7019468486179197,0.2632816386502983
SmolLM2-360M,28,model.layers.28.mlp.down_proj,2560,2,0.2,4,0.469688574410609,0.5903999999999999,0.6908006516665192,0.2632816386502983
SmolLM2-360M,28,model.layers.28.mlp.down_proj,2560,2,0.2,6,0.5731216099605523,0.7378559999999998,0.6937202707798228,0.2632816386502983
SmolLM2-360M,28,model.layers.28.mlp.down_proj,2560,2,0.2,8,0.6489897896039604,0.8322278399999999,0.7101708611945347,0.2632816386502983
SmolLM2-360M,28,model.layers.28.mlp.down_proj,2560,2,0.3,1,0.29999999999999993,0.30000000000000004,-5.551115123125782e-08,0.29736503992242763
SmolLM2-360M,28,model.layers.28.mlp.down_proj,2560,2,0.3,2,0.46279889310176126,0.51,0.7752328242941012,0.29736503992242763
SmolLM2-360M,28,model.layers.28.mlp.down_proj,2560,2,0.3,3,0.572990962009804,0.657,0.7646805658537927,0.29736503992242763
SmolLM2-360M,28,model.layers.28.mlp.down_proj,2560,2,0.3,4,0.6538026461198428,0.7599,0.7693034270925045,0.29736503992242763
SmolLM2-360M,28,model.layers.28.mlp.down_proj,2560,2,0.3,6,0.7641195142998028,0.882351,0.7969755599282955,0.29736503992242763
SmolLM2-360M,28,model.layers.28.mlp.down_proj,2560,2,0.3,8,0.8338389542079208,0.94235199,0.8310691996267041,0.29736503992242763
SmolLM2-360M,28,model.layers.28.mlp.down_proj,2560,2,0.5,1,0.5,0.5,0.0,0.40640539994258745
SmolLM2-360M,28,model.layers.28.mlp.down_proj,2560,2,0.5,2,0.711257032778865,0.75,0.8450281311154599,0.40640539994258745
SmolLM2-360M,28,model.layers.28.mlp.down_proj,2560,2,0.5,3,0.8232444852941175,0.875,0.8619852941176468,0.40640539994258745
SmolLM2-360M,28,model.layers.28.mlp.down_proj,2560,2,0.5,4,0.8883741097740667,0.9375,0.8877122509121526,0.40640539994258745
SmolLM2-360M,28,model.layers.28.mlp.down_proj,2560,2,0.5,6,0.9519523545364892,0.984375,0.9330629254946874,0.40640539994258745
SmolLM2-360M,28,model.layers.28.mlp.down_proj,2560,2,0.5,8,0.9779826732673268,0.99609375,0.9634926327278398,0.40640539994258745
SmolLM2-360M,29,model.layers.29.mlp.down_proj,2560,2,0.1,1,0.10000000000000002,0.09999999999999998,1.3877787807814455e-08,0.2468147440176841
SmolLM2-360M,29,model.layers.29.mlp.down_proj,2560,2,0.1,2,0.16064548679060667,0.18999999999999995,0.6738387421178522,0.2468147440176841
SmolLM2-360M,29,model.layers.29.mlp.down_proj,2560,2,0.1,3,0.20587086397058824,0.2709999999999999,0.6191278594771245,0.2468147440176841
SmolLM2-360M,29,model.layers.29.mlp.down_proj,2560,2,0.1,4,0.24242463777013754,0.3439,0.5839468543261072,0.2468147440176841
SmolLM2-360M,29,model.layers.29.mlp.down_proj,2560,2,0.1,6,0.3011880547337278,0.46855899999999995,0.5458774707271503,0.2468147440176841
SmolLM2-360M,29,model.layers.29.mlp.down_proj,2560,2,0.1,8,0.34880027846534656,0.5695327899999999,0.5298890381337299,0.2468147440176841
SmolLM2-360M,29,model.layers.29.mlp.down_proj,2560,2,0.2,1,0.20000000000000004,0.19999999999999996,2.775557561562891e-08,0.278732565517524
SmolLM2-360M,29,model.layers.29.mlp.down_proj,2560,2,0.2,2,0.3131428877201566,0.3599999999999999,0.7071430482509792,0.278732565517524
SmolLM2-360M,29,model.layers.29.mlp.down_proj,2560,2,0.2,3,0.3938082107843137,0.4879999999999999,0.6729451763344229,0.278732565517524
SmolLM2-360M,29,model.layers.29.mlp.down_proj,2560,2,0.2,4,0.45619244228880157,0.5903999999999999,0.6562306411086107,0.278732565517524
SmolLM2-360M,29,model.layers.29.mlp.down_proj,2560,2,0.2,6,0.5516303007889547,0.7378559999999998,0.6537629045487171,0.278732565517524
SmolLM2-360M,29,model.layers.29.mlp.down_proj,2560,2,0.2,8,0.6225827660891089,0.8322278399999999,0.6684026538424961,0.278732565517524
SmolLM2-360M,29,model.layers.29.mlp.down_proj,2560,2,0.3,1,0.29999999999999993,0.30000000000000004,-5.551115123125782e-08,0.31403279126978656
SmolLM2-360M,29,model.layers.29.mlp.down_proj,2560,2,0.3,2,0.45699761497064584,0.51,0.7476076903364087,0.31403279126978656
SmolLM2-360M,29,model.layers.29.mlp.down_proj,2560,2,0.3,3,0.5612423406862745,0.657,0.7317712624265393,0.31403279126978656
SmolLM2-360M,29,model.layers.29.mlp.down_proj,2560,2,0.3,4,0.6374293958742633,0.7599,0.7337016653060736,0.31403279126978656
SmolLM2-360M,29,model.layers.29.mlp.down_proj,2560,2,0.3,6,0.7429363905325443,0.882351,0.7606003776632037,0.31403279126978656
SmolLM2-360M,29,model.layers.29.mlp.down_proj,2560,2,0.3,8,0.8118958849009902,0.94235199,0.7969086931621246,0.31403279126978656
SmolLM2-360M,29,model.layers.29.mlp.down_proj,2560,2,0.5,1,0.5,0.5,0.0,0.41753961941164214
SmolLM2-360M,29,model.layers.29.mlp.down_proj,2560,2,0.5,2,0.7057569410469667,0.75,0.8230277641878669,0.41753961941164214
SmolLM2-360M,29,model.layers.29.mlp.down_proj,2560,2,0.5,3,0.8144132965686274,0.875,0.8384354575163396,0.41753961941164214
SmolLM2-360M,29,model.layers.29.mlp.down_proj,2560,2,0.5,4,0.8785048808939098,0.9375,0.8651540134717938,0.41753961941164214
SmolLM2-360M,29,model.layers.29.mlp.down_proj,2560,2,0.5,6,0.9439634183925049,0.984375,0.9165696379716229,0.41753961941164214
SmolLM2-360M,29,model.layers.29.mlp.down_proj,2560,2,0.5,8,0.9724211014851486,0.99609375,0.9522819053558901,0.41753961941164214
SmolLM2-360M,30,model.layers.30.mlp.down_proj,2560,2,0.1,1,0.10000000000000002,0.09999999999999998,1.3877787807814455e-08,0.27967116877955156
SmolLM2-360M,30,model.layers.30.mlp.down_proj,2560,2,0.1,2,0.1565641817514677,0.18999999999999995,0.6284909083496414,0.27967116877955156
SmolLM2-360M,30,model.layers.30.mlp.down_proj,2560,2,0.1,3,0.19804917279411766,0.2709999999999999,0.5733869754041971,0.27967116877955156
SmolLM2-360M,30,model.layers.30.mlp.down_proj,2560,2,0.1,4,0.23105507121807464,0.3439,0.5373311653057591,0.27967116877955156
SmolLM2-360M,30,model.layers.30.mlp.down_proj,2560,2,0.1,6,0.28435727933925053,0.46855899999999995,0.5002110363313622,0.27967116877955156
SmolLM2-360M,30,model.layers.30.mlp.down_proj,2560,2,0.1,8,0.3263103341584158,0.5695327899999999,0.48199047857427774,0.27967116877955156
SmolLM2-360M,30,model.layers.30.mlp.down_proj,2560,2,0.2,1,0.20000000000000004,0.19999999999999996,2.775557561562891e-08,0.316561110365912
SmolLM2-360M,30,model.layers.30.mlp.down_proj,2560,2,0.2,2,0.304199792074364,0.3599999999999999,0.6512487004647753,0.316561110365912
SmolLM2-360M,30,model.layers.30.mlp.down_proj,2560,2,0.2,3,0.37599877450980396,0.4879999999999999,0.6111068559368196,0.316561110365912
SmolLM2-360M,30,model.layers.30.mlp.down_proj,2560,2,0.2,4,0.4304111922888016,0.5903999999999999,0.5901926031987746,0.316561110365912
SmolLM2-360M,30,model.layers.30.mlp.down_proj,2560,2,0.2,6,0.5118867110453649,0.7378559999999998,0.5798702832084516,0.316561110365912
SmolLM2-360M,30,model.layers.30.mlp.down_proj,2560,2,0.2,8,0.5724350247524752,0.8322278399999999,0.5890835568906223,0.316561110365912
SmolLM2-360M,30,model.layers.30.mlp.down_proj,2560,2,0.3,1,0.29999999999999993,0.30000000000000004,-5.551115123125782e-08,0.35080672736774454
SmolLM2-360M,30,model.layers.30.mlp.down_proj,2560,2,0.3,2,0.4446466793052838,0.51,0.6887937109775418,0.35080672736774454
SmolLM2-360M,30,model.layers.30.mlp.down_proj,2560,2,0.3,3,0.5388097426470588,0.657,0.6689348533531059,0.35080672736774454
SmolLM2-360M,30,model.layers.30.mlp.down_proj,2560,2,0.3,4,0.6067626473477407,0.7599,0.6670203247395969,0.35080672736774454
SmolLM2-360M,30,model.layers.30.mlp.down_proj,2560,2,0.3,6,0.7013983912721894,0.882351,0.6892722623850381,0.35080672736774454
SmolLM2-360M,30,model.layers.30.mlp.down_proj,2560,2,0.3,8,0.7662507735148516,0.94235199,0.7258493486022384,0.35080672736774454
SmolLM2-360M,30,model.layers.30.mlp.down_proj,2560,2,0.5,1,0.5,0.5,0.0,0.4433263651174943
SmolLM2-360M,30,model.layers.30.mlp.down_proj,2560,2,0.5,2,0.6932202482876713,0.75,0.772880993150685,0.4433263651174943
SmolLM2-360M,30,model.layers.30.mlp.down_proj,2560,2,0.5,3,0.7980254289215686,0.875,0.7947344771241829,0.4433263651174943
SmolLM2-360M,30,model.layers.30.mlp.down_proj,2560,2,0.5,4,0.8606535486247545,0.9375,0.8243509682851532,0.4433263651174943
SmolLM2-360M,30,model.layers.30.mlp.down_proj,2560,2,0.5,6,0.9289232001972386,0.984375,0.8855188649233313,0.4433263651174943
SmolLM2-360M,30,model.layers.30.mlp.down_proj,2560,2,0.5,8,0.9616267017326733,0.99609375,0.9305231153036564,0.4433263651174943
SmolLM2-360M,31,model.layers.31.mlp.down_proj,2560,2,0.1,1,0.10000000000000002,0.09999999999999998,1.3877787807814455e-08,0.4061262736048617
SmolLM2-360M,31,model.layers.31.mlp.down_proj,2560,2,0.1,2,0.14255366316046966,0.18999999999999995,0.4728184795607743,0.4061262736048617
SmolLM2-360M,31,model.layers.31.mlp.down_proj,2560,2,0.1,3,0.17211933210784314,0.2709999999999999,0.42175048016282557,0.4061262736048617
SmolLM2-360M,31,model.layers.31.mlp.down_proj,2560,2,0.1,4,0.1952457330550098,0.3439,0.3905114106396466,0.4061262736048617
SmolLM2-360M,31,model.layers.31.mlp.down_proj,2560,2,0.1,6,0.23171998274161737,0.46855899999999995,0.3573918497218013,0.4061262736048617
SmolLM2-360M,31,model.layers.31.mlp.down_proj,2560,2,0.1,8,0.2609754022277228,0.5695327899999999,0.34284166229950164,0.4061262736048617
SmolLM2-360M,31,model.layers.31.mlp.down_proj,2560,2,0.2,1,0.20000000000000004,0.19999999999999996,2.775557561562891e-08,0.3999257846245613
SmolLM2-360M,31,model.layers.31.mlp.down_proj,2560,2,0.2,2,0.28624480185909984,0.3599999999999999,0.5390300116193744,0.3999257846245613
SmolLM2-360M,31,model.layers.31.mlp.down_proj,2560,2,0.2,3,0.3432613357843138,0.4879999999999999,0.49743519369553413,0.3999257846245613
SmolLM2-360M,31,model.layers.31.mlp.down_proj,2560,2,0.2,4,0.38592598845776027,0.5903999999999999,0.4762448474840172,0.3999257846245613
SmolLM2-360M,31,model.layers.31.mlp.down_proj,2560,2,0.2,6,0.44963711168639053,0.7378559999999998,0.46413373037837374,0.3999257846245613
SmolLM2-360M,31,model.layers.31.mlp.down_proj,2560,2,0.2,8,0.49785426980198016,0.8322278399999999,0.47111856036263794,0.3999257846245613
SmolLM2-360M,31,model.layers.31.mlp.down_proj,2560,2,0.3,1,0.29999999999999993,0.30000000000000004,-5.551115123125782e-08,0.427303870178254
SmolLM2-360M,31,model.layers.31.mlp.down_proj,2560,2,0.3,2,0.42092786815068495,0.51,0.5758469911937378,0.427303870178254
SmolLM2-360M,31,model.layers.31.mlp.down_proj,2560,2,0.3,3,0.49746629901960787,0.657,0.553126888010106,0.427303870178254
SmolLM2-360M,31,model.layers.31.mlp.down_proj,2560,2,0.3,4,0.5523000061394892,0.7599,0.5485975345498786,0.427303870178254
SmolLM2-360M,31,model.layers.31.mlp.down_proj,2560,2,0.3,6,0.6301282051282052,0.882351,0.5668887065158387,0.427303870178254
SmolLM2-360M,31,model.layers.31.mlp.down_proj,2560,2,0.3,8,0.6855785891089109,0.94235199,0.6002605971671557,0.427303870178254
SmolLM2-360M,31,model.layers.31.mlp.down_proj,2560,2,0.5,1,0.5,0.5,0.0,0.49946717777086364
SmolLM2-360M,31,model.layers.31.mlp.down_proj,2560,2,0.5,2,0.6672593566536204,0.75,0.6690374266144814,0.49946717777086364
SmolLM2-360M,31,model.layers.31.mlp.down_proj,2560,2,0.5,3,0.7587300857843138,0.875,0.6899468954248368,0.49946717777086364
SmolLM2-360M,31,model.layers.31.mlp.down_proj,2560,2,0.5,4,0.8168905022102162,0.9375,0.7243211479090655,0.49946717777086364
SmolLM2-360M,31,model.layers.31.mlp.down_proj,2560,2,0.5,6,0.8866193602071005,0.984375,0.7981819049436915,0.49946717777086364
SmolLM2-360M,31,model.layers.31.mlp.down_proj,2560,2,0.5,8,0.9259653465346533,0.99609375,0.8586388087627658,0.49946717777086364
SmolLM2-360M,0,model.layers.0.mlp.down_proj,2560,3,0.1,1,0.10000000000000002,0.09999999999999998,1.3877787807814455e-08,0.10260527474168168
SmolLM2-360M,0,model.layers.0.mlp.down_proj,2560,3,0.1,2,0.18198997064579253,0.18999999999999995,0.9109996738421398,0.10260527474168168
SmolLM2-360M,0,model.layers.0.mlp.down_proj,2560,3,0.1,3,0.2523636642156863,0.2709999999999999,0.8910155802086922,0.10260527474168168
SmolLM2-360M,0,model.layers.0.mlp.down_proj,2560,3,0.1,4,0.3156303720530451,0.3439,0.8840933663511485,0.10260527474168168
SmolLM2-360M,0,model.layers.0.mlp.down_proj,2560,3,0.1,6,0.41732541296844183,0.46855899999999995,0.860989456147976,0.10260527474168168
SmolLM2-360M,0,model.layers.0.mlp.down_proj,2560,3,0.1,8,0.49819616336633665,0.5695327899999999,0.8480689141355532,0.10260527474168168
SmolLM2-360M,0,model.layers.0.mlp.down_proj,2560,3,0.2,1,0.20000000000000004,0.19999999999999996,2.775557561562891e-08,0.14628435982141047
SmolLM2-360M,0,model.layers.0.mlp.down_proj,2560,3,0.2,2,0.3495589224559687,0.3599999999999999,0.9347432653498051,0.14628435982141047
SmolLM2-360M,0,model.layers.0.mlp.down_proj,2560,3,0.2,3,0.4655767463235294,0.4879999999999999,0.9221414802900331,0.14628435982141047
SmolLM2-360M,0,model.layers.0.mlp.down_proj,2560,3,0.2,4,0.5598446709233792,0.5903999999999999,0.921733275930787,0.14628435982141047
SmolLM2-360M,0,model.layers.0.mlp.down_proj,2560,3,0.2,6,0.6901758197731755,0.7378559999999998,0.9113514021841824,0.14628435982141047
SmolLM2-360M,0,model.layers.0.mlp.down_proj,2560,3,0.2,8,0.7754540532178219,0.8322278399999999,0.9102004322015018,0.14628435982141047
SmolLM2-360M,0,model.layers.0.mlp.down_proj,2560,3,0.3,1,0.29999999999999993,0.30000000000000004,-5.551115123125782e-08,0.20225953234513652
SmolLM2-360M,0,model.layers.0.mlp.down_proj,2560,3,0.3,2,0.49967129403131116,0.51,0.9508156858633865,0.20225953234513652
SmolLM2-360M,0,model.layers.0.mlp.down_proj,2560,3,0.3,3,0.6361573223039216,0.657,0.9416171493107048,0.20225953234513652
SmolLM2-360M,0,model.layers.0.mlp.down_proj,2560,3,0.3,4,0.7340127701375244,0.7599,0.9437111766417143,0.20225953234513652
SmolLM2-360M,0,model.layers.0.mlp.down_proj,2560,3,0.3,6,0.8503004807692308,0.882351,0.944963571401493,0.20225953234513652
SmolLM2-360M,0,model.layers.0.mlp.down_proj,2560,3,0.3,8,0.9118966584158416,0.94235199,0.9525877835543742,0.20225953234513652
SmolLM2-360M,0,model.layers.0.mlp.down_proj,2560,3,0.5,1,0.5,0.5,0.0,0.34777541869524164
SmolLM2-360M,0,model.layers.0.mlp.down_proj,2560,3,0.5,2,0.7423174535225049,0.75,0.9692698140900196,0.34777541869524164
SmolLM2-360M,0,model.layers.0.mlp.down_proj,2560,3,0.5,3,0.8629136029411765,0.875,0.9677696078431373,0.34777541869524164
SmolLM2-360M,0,model.layers.0.mlp.down_proj,2560,3,0.5,4,0.92604908521611,0.9375,0.9738264804939656,0.34777541869524164
SmolLM2-360M,0,model.layers.0.mlp.down_proj,2560,3,0.5,6,0.9763313609467456,0.984375,0.9833937774384425,0.34777541869524164
SmolLM2-360M,0,model.layers.0.mlp.down_proj,2560,3,0.5,8,0.9916893564356436,0.99609375,0.9911218523427147,0.34777541869524164
SmolLM2-360M,1,model.layers.1.mlp.down_proj,2560,3,0.1,1,0.10000000000000002,0.09999999999999998,1.3877787807814455e-08,0.08694659397315202
SmolLM2-360M,1,model.layers.1.mlp.down_proj,2560,3,0.1,2,0.18406922700587083,0.18999999999999995,0.9341025222874543,0.08694659397315202
SmolLM2-360M,1,model.layers.1.mlp.down_proj,2560,3,0.1,3,0.25734987745098037,0.2709999999999999,0.9201747219355582,0.08694659397315202
SmolLM2-360M,1,model.layers.1.mlp.down_proj,2560,3,0.1,4,0.32188497666994104,0.3439,0.9097375017217755,0.08694659397315202
SmolLM2-360M,1,model.layers.1.mlp.down_proj,2560,3,0.1,6,0.42985623150887575,0.46855899999999995,0.8949889475195988,0.08694659397315202
SmolLM2-360M,1,model.layers.1.mlp.down_proj,2560,3,0.1,8,0.518258818069307,0.5695327899999999,0.8907978888318046,0.08694659397315202
SmolLM2-360M,1,model.layers.1.mlp.down_proj,2560,3,0.2,1,0.20000000000000004,0.19999999999999996,2.775557561562891e-08,0.13499057096065803
SmolLM2-360M,1,model.layers.1.mlp.down_proj,2560,3,0.2,2,0.3524813478473581,0.3599999999999999,0.9530084240459887,0.13499057096065803
SmolLM2-360M,1,model.layers.1.mlp.down_proj,2560,3,0.2,3,0.4725880821078432,0.4879999999999999,0.9464863962077893,0.13499057096065803
SmolLM2-360M,1,model.layers.1.mlp.down_proj,2560,3,0.2,4,0.5680263077111983,0.5903999999999999,0.9426903373749959,0.13499057096065803
SmolLM2-360M,1,model.layers.1.mlp.down_proj,2560,3,0.2,6,0.7054764546351086,0.7378559999999998,0.9397988581239376,0.13499057096065803
SmolLM2-360M,1,model.layers.1.mlp.down_proj,2560,3,0.2,8,0.7985867883663366,0.8322278399999999,0.9467896705819482,0.13499057096065803
SmolLM2-360M,1,model.layers.1.mlp.down_proj,2560,3,0.3,1,0.29999999999999993,0.30000000000000004,-5.551115123125782e-08,0.1954858203060493
SmolLM2-360M,1,model.layers.1.mlp.down_proj,2560,3,0.3,2,0.5019393652152643,0.51,0.9616160248345917,0.1954858203060493
SmolLM2-360M,1,model.layers.1.mlp.down_proj,2560,3,0.3,3,0.642873774509804,0.657,0.9604307409238206,0.1954858203060493
SmolLM2-360M,1,model.layers.1.mlp.down_proj,2560,3,0.3,4,0.7418797581041257,0.7599,0.9608170430618083,0.1954858203060493
SmolLM2-360M,1,model.layers.1.mlp.down_proj,2560,3,0.3,6,0.8621386526134123,0.882351,0.9652918130361452,0.1954858203060493
SmolLM2-360M,1,model.layers.1.mlp.down_proj,2560,3,0.3,8,0.9260450185643565,0.94235199,0.9746136515656414,0.1954858203060493
SmolLM2-360M,1,model.layers.1.mlp.down_proj,2560,3,0.5,1,0.5,0.5,0.0,0.3441511789659592
SmolLM2-360M,1,model.layers.1.mlp.down_proj,2560,3,0.5,2,0.744017551369863,0.75,0.9760702054794521,0.3441511789659592
SmolLM2-360M,1,model.layers.1.mlp.down_proj,2560,3,0.5,3,0.8675911458333333,0.875,0.9802430555555555,0.3441511789659592
SmolLM2-360M,1,model.layers.1.mlp.down_proj,2560,3,0.5,4,0.9301940078585462,0.9375,0.9833005893909628,0.3441511789659592
SmolLM2-360M,1,model.layers.1.mlp.down_proj,2560,3,0.5,6,0.9796559109960552,0.984375,0.9902573646370172,0.3441511789659592
SmolLM2-360M,1,model.layers.1.mlp.down_proj,2560,3,0.5,8,0.9940222772277229,0.99609375,0.9958244328369846,0.3441511789659592
SmolLM2-360M,2,model.layers.2.mlp.down_proj,2560,3,0.1,1,0.10000000000000002,0.09999999999999998,1.3877787807814455e-08,0.09767680350114356
SmolLM2-360M,2,model.layers.2.mlp.down_proj,2560,3,0.1,2,0.1822712818003914,0.18999999999999995,0.9141253533376827,0.09767680350114356
SmolLM2-360M,2,model.layers.2.mlp.down_proj,2560,3,0.1,3,0.2539070159313726,0.2709999999999999,0.9000410288384367,0.09767680350114356
SmolLM2-360M,2,model.layers.2.mlp.down_proj,2560,3,0.1,4,0.31608622912573675,0.3439,0.8859623990395111,0.09767680350114356
SmolLM2-360M,2,model.layers.2.mlp.down_proj,2560,3,0.1,6,0.4197446683925049,0.46855899999999995,0.8675535488008839,0.09767680350114356
SmolLM2-360M,2,model.layers.2.mlp.down_proj,2560,3,0.1,8,0.5045900371287129,0.5695327899999999,0.8616864375514923,0.09767680350114356
SmolLM2-360M,2,model.layers.2.mlp.down_proj,2560,3,0.2,1,0.20000000000000004,0.19999999999999996,2.775557561562891e-08,0.1503331975155862
SmolLM2-360M,2,model.layers.2.mlp.down_proj,2560,3,0.2,2,0.3478297761741683,0.3599999999999999,0.9239361010885527,0.1503331975155862
SmolLM2-360M,2,model.layers.2.mlp.down_proj,2560,3,0.2,3,0.46341835171568624,0.4879999999999999,0.9146470545683554,0.1503331975155862
SmolLM2-360M,2,model.layers.2.mlp.down_proj,2560,3,0.2,4,0.5548801264734774,0.5903999999999999,0.9090167174013255,0.1503331975155862
SmolLM2-360M,2,model.layers.2.mlp.down_proj,2560,3,0.2,6,0.6870646881163708,0.7378559999999998,0.9055670813681931,0.1503331975155862
SmolLM2-360M,2,model.layers.2.mlp.down_proj,2560,3,0.2,8,0.77693224009901,0.8322278399999999,0.9125384926089464,0.1503331975155862
SmolLM2-360M,2,model.layers.2.mlp.down_proj,2560,3,0.3,1,0.29999999999999993,0.30000000000000004,-5.551115123125782e-08,0.2110649404730023
SmolLM2-360M,2,model.layers.2.mlp.down_proj,2560,3,0.3,2,0.49552119006849316,0.51,0.9310532860404436,0.2110649404730023
SmolLM2-360M,2,model.layers.2.mlp.down_proj,2560,3,0.3,3,0.6314744178921567,0.657,0.9284997700060412,0.2110649404730023
SmolLM2-360M,2,model.layers.2.mlp.down_proj,2560,3,0.3,4,0.7276883288310414,0.7599,0.9299594016765413,0.2110649404730023
SmolLM2-360M,2,model.layers.2.mlp.down_proj,2560,3,0.3,6,0.8464658838757396,0.882351,0.9383788881202911,0.2110649404730023
SmolLM2-360M,2,model.layers.2.mlp.down_proj,2560,3,0.3,8,0.9111285581683168,0.94235199,0.9513920213251253,0.2110649404730023
SmolLM2-360M,2,model.layers.2.mlp.down_proj,2560,3,0.5,1,0.5,0.5,0.0,0.3587285933257089
SmolLM2-360M,2,model.layers.2.mlp.down_proj,2560,3,0.5,2,0.7360468138454012,0.75,0.9441872553816046,0.3587285933257089
SmolLM2-360M,2,model.layers.2.mlp.down_proj,2560,3,0.5,3,0.8566567095588236,0.875,0.9510845588235295,0.3587285933257089
SmolLM2-360M,2,model.layers.2.mlp.down_proj,2560,3,0.5,4,0.9202441981827112,0.9375,0.9605581672747684,0.3587285933257089
SmolLM2-360M,2,model.layers.2.mlp.down_proj,2560,3,0.5,6,0.9738566321499013,0.984375,0.9782846599223768,0.3587285933257089
SmolLM2-360M,2,model.layers.2.mlp.down_proj,2560,3,0.5,8,0.9908353960396039,0.99609375,0.9894004833554221,0.3587285933257089
SmolLM2-360M,3,model.layers.3.mlp.down_proj,2560,3,0.1,1,0.10000000000000002,0.09999999999999998,1.3877787807814455e-08,0.08890226192533575
SmolLM2-360M,3,model.layers.3.mlp.down_proj,2560,3,0.1,2,0.18373669887475538,0.18999999999999995,0.9304077652750603,0.08890226192533575
SmolLM2-360M,3,model.layers.3.mlp.down_proj,2560,3,0.1,3,0.25695848651960784,0.2709999999999999,0.9178858860795786,0.08890226192533575
SmolLM2-360M,3,model.layers.3.mlp.down_proj,2560,3,0.1,4,0.32129405083497053,0.3439,0.9073146815701949,0.08890226192533575
SmolLM2-360M,3,model.layers.3.mlp.down_proj,2560,3,0.1,6,0.4292013375246548,0.46855899999999995,0.8932120434575055,0.08890226192533575
SmolLM2-360M,3,model.layers.3.mlp.down_proj,2560,3,0.1,8,0.5163822710396039,0.5695327899999999,0.8868012626756141,0.08890226192533575
SmolLM2-360M,3,model.layers.3.mlp.down_proj,2560,3,0.2,1,0.20000000000000004,0.19999999999999996,2.775557561562891e-08,0.14215451866261514
SmolLM2-360M,3,model.layers.3.mlp.down_proj,2560,3,0.2,2,0.35029507093933465,0.3599999999999999,0.9393441933708423,0.14215451866261514
SmolLM2-360M,3,model.layers.3.mlp.down_proj,2560,3,0.2,3,0.46869332107843137,0.4879999999999999,0.9329629204112204,0.14215451866261514
SmolLM2-360M,3,model.layers.3.mlp.down_proj,2560,3,0.2,4,0.5627256262278979,0.5903999999999999,0.9291127721001485,0.14215451866261514
SmolLM2-360M,3,model.layers.3.mlp.down_proj,2560,3,0.2,6,0.698218688362919,0.7378559999999998,0.926304974496741,0.14215451866261514
SmolLM2-360M,3,model.layers.3.mlp.down_proj,2560,3,0.2,8,0.7876616646039604,0.8322278399999999,0.9295093120289679,0.14215451866261514
SmolLM2-360M,3,model.layers.3.mlp.down_proj,2560,3,0.3,1,0.29999999999999993,0.30000000000000004,-5.551115123125782e-08,0.20450611093398485
SmolLM2-360M,3,model.layers.3.mlp.down_proj,2560,3,0.3,2,0.4982104635518591,0.51,0.9438593502469481,0.20450611093398485
SmolLM2-360M,3,model.layers.3.mlp.down_proj,2560,3,0.3,3,0.6358586090686276,0.657,0.9407804175591807,0.20450611093398485
SmolLM2-360M,3,model.layers.3.mlp.down_proj,2560,3,0.3,4,0.7325024557956779,0.7599,0.9404271706798822,0.20450611093398485
SmolLM2-360M,3,model.layers.3.mlp.down_proj,2560,3,0.3,6,0.851288985453649,0.882351,0.9466610093459938,0.20450611093398485
SmolLM2-360M,3,model.layers.3.mlp.down_proj,2560,3,0.3,8,0.9139364170792079,0.94235199,0.955763236725098,0.20450611093398485
SmolLM2-360M,3,model.layers.3.mlp.down_proj,2560,3,0.5,1,0.5,0.5,0.0,0.3552989169634225
SmolLM2-360M,3,model.layers.3.mlp.down_proj,2560,3,0.5,2,0.7379059136497064,0.75,0.9516236545988255,0.3552989169634225
SmolLM2-360M,3,model.layers.3.mlp.down_proj,2560,3,0.5,3,0.859670649509804,0.875,0.9591217320261439,0.3552989169634225
SmolLM2-360M,3,model.layers.3.mlp.down_proj,2560,3,0.5,4,0.9235710338899804,0.9375,0.968162363177098,0.3552989169634225
SmolLM2-360M,3,model.layers.3.mlp.down_proj,2560,3,0.5,6,0.9762512327416174,0.984375,0.983228351466565,0.3552989169634225
SmolLM2-360M,3,model.layers.3.mlp.down_proj,2560,3,0.5,8,0.9924930383663366,0.99609375,0.992741872612458,0.3552989169634225
SmolLM2-360M,4,model.layers.4.mlp.down_proj,2560,3,0.1,1,0.10000000000000002,0.09999999999999998,1.3877787807814455e-08,0.08707432959331239
SmolLM2-360M,4,model.layers.4.mlp.down_proj,2560,3,0.1,2,0.18404247186888453,0.18999999999999995,0.9338052429876065,0.08707432959331239
SmolLM2-360M,4,model.layers.4.mlp.down_proj,2560,3,0.1,3,0.25719745710784314,0.2709999999999999,0.9192833748996679,0.08707432959331239
SmolLM2-360M,4,model.layers.4.mlp.down_proj,2560,3,0.1,4,0.3215227468074656,0.3439,0.9082523444340534,0.08707432959331239
SmolLM2-360M,4,model.layers.4.mlp.down_proj,2560,3,0.1,6,0.42974990754437875,0.46855899999999995,0.8947004619189295,0.08707432959331239
SmolLM2-360M,4,model.layers.4.mlp.down_proj,2560,3,0.1,8,0.5169933477722772,0.5695327899999999,0.8881027196679434,0.08707432959331239
SmolLM2-360M,4,model.layers.4.mlp.down_proj,2560,3,0.2,1,0.20000000000000004,0.19999999999999996,2.775557561562891e-08,0.14352542407115587
SmolLM2-360M,4,model.layers.4.mlp.down_proj,2560,3,0.2,2,0.34988762842465754,0.3599999999999999,0.9367976776541104,0.14352542407115587
SmolLM2-360M,4,model.layers.4.mlp.down_proj,2560,3,0.2,3,0.4666023284313726,0.4879999999999999,0.9257025292755997,0.14352542407115587
SmolLM2-360M,4,model.layers.4.mlp.down_proj,2560,3,0.2,4,0.5590818393909627,0.5903999999999999,0.9197793017186545,0.14352542407115587
SmolLM2-360M,4,model.layers.4.mlp.down_proj,2560,3,0.2,6,0.6937099358974359,0.7378559999999998,0.9179221499758968,0.14352542407115587
SmolLM2-360M,4,model.layers.4.mlp.down_proj,2560,3,0.2,8,0.7841197400990099,0.8322278399999999,0.9239070207648717,0.14352542407115587
SmolLM2-360M,4,model.layers.4.mlp.down_proj,2560,3,0.3,1,0.29999999999999993,0.30000000000000004,-5.551115123125782e-08,0.20575942628336819
SmolLM2-360M,4,model.layers.4.mlp.down_proj,2560,3,0.3,2,0.4976967649217221,0.51,0.9414131662939147,0.20575942628336819
SmolLM2-360M,4,model.layers.4.mlp.down_proj,2560,3,0.3,3,0.6341061580882352,0.657,0.935871591283572,0.20575942628336819
SmolLM2-360M,4,model.layers.4.mlp.down_proj,2560,3,0.3,4,0.7306437254420431,0.7599,0.9363855739118138,0.20575942628336819
SmolLM2-360M,4,model.layers.4.mlp.down_proj,2560,3,0.3,6,0.8506772374260355,0.882351,0.9456105294333409,0.20575942628336819
SmolLM2-360M,4,model.layers.4.mlp.down_proj,2560,3,0.3,8,0.915474938118812,0.94235199,0.9581583737583065,0.20575942628336819
SmolLM2-360M,4,model.layers.4.mlp.down_proj,2560,3,0.5,1,0.5,0.5,0.0,0.35522201632232914
SmolLM2-360M,4,model.layers.4.mlp.down_proj,2560,3,0.5,2,0.7379502507338551,0.75,0.9518010029354205,0.35522201632232914
SmolLM2-360M,4,model.layers.4.mlp.down_proj,2560,3,0.5,3,0.8587691482843138,0.875,0.9567177287581702,0.35522201632232914
SmolLM2-360M,4,model.layers.4.mlp.down_proj,2560,3,0.5,4,0.9217414661100197,0.9375,0.9639804939657594,0.35522201632232914
SmolLM2-360M,4,model.layers.4.mlp.down_proj,2560,3,0.5,6,0.974147867357002,0.984375,0.9788859197047783,0.35522201632232914
SmolLM2-360M,4,model.layers.4.mlp.down_proj,2560,3,0.5,8,0.9908601485148515,0.99609375,0.989450378108677,0.35522201632232914
SmolLM2-360M,5,model.layers.5.mlp.down_proj,2560,3,0.1,1,0.10000000000000002,0.09999999999999998,1.3877787807814455e-08,0.09654410702140882
SmolLM2-360M,5,model.layers.5.mlp.down_proj,2560,3,0.1,2,0.18249678938356165,0.18999999999999995,0.9166309931506855,0.09654410702140882
SmolLM2-360M,5,model.layers.5.mlp.down_proj,2560,3,0.1,3,0.2543956801470588,0.2709999999999999,0.902898714310286,0.09654410702140882
SmolLM2-360M,5,model.layers.5.mlp.down_proj,2560,3,0.1,4,0.31761726424361497,0.3439,0.8922397057958794,0.09654410702140882
SmolLM2-360M,5,model.layers.5.mlp.down_proj,2560,3,0.1,6,0.4238288954635108,0.46855899999999995,0.8786351587222421,0.09654410702140882
SmolLM2-360M,5,model.layers.5.mlp.down_proj,2560,3,0.1,8,0.5090269183168317,0.5695327899999999,0.8711360037641498,0.09654410702140882
SmolLM2-360M,5,model.layers.5.mlp.down_proj,2560,3,0.2,1,0.20000000000000004,0.19999999999999996,2.775557561562891e-08,0.15126279384237565
SmolLM2-360M,5,model.layers.5.mlp.down_proj,2560,3,0.2,2,0.34758210004892365,0.3599999999999999,0.9223881253057735,0.15126279384237565
SmolLM2-360M,5,model.layers.5.mlp.down_proj,2560,3,0.2,3,0.4637614889705882,0.4879999999999999,0.9158385033700984,0.15126279384237565
SmolLM2-360M,5,model.layers.5.mlp.down_proj,2560,3,0.2,4,0.5558586075638507,0.5903999999999999,0.9115230726533063,0.15126279384237565
SmolLM2-360M,5,model.layers.5.mlp.down_proj,2560,3,0.2,6,0.6891927083333333,0.7378559999999998,0.9095235682661036,0.15126279384237565
SmolLM2-360M,5,model.layers.5.mlp.down_proj,2560,3,0.2,8,0.778719832920792,0.8322278399999999,0.9153659429499217,0.15126279384237565
SmolLM2-360M,5,model.layers.5.mlp.down_proj,2560,3,0.3,1,0.29999999999999993,0.30000000000000004,-5.551115123125782e-08,0.213796130420991
SmolLM2-360M,5,model.layers.5.mlp.down_proj,2560,3,0.3,2,0.494505259295499,0.51,0.9262155204547571,0.213796130420991
SmolLM2-360M,5,model.layers.5.mlp.down_proj,2560,3,0.3,3,0.6303048406862746,0.657,0.9252236433789203,0.213796130420991
SmolLM2-360M,5,model.layers.5.mlp.down_proj,2560,3,0.3,4,0.7265801510314341,0.7599,0.9275497956760907,0.213796130420991
SmolLM2-360M,5,model.layers.5.mlp.down_proj,2560,3,0.3,6,0.8457524346646942,0.882351,0.9371537692297157,0.213796130420991
SmolLM2-360M,5,model.layers.5.mlp.down_proj,2560,3,0.3,8,0.9108384900990099,0.94235199,0.9509404494862851,0.213796130420991
SmolLM2-360M,5,model.layers.5.mlp.down_proj,2560,3,0.5,1,0.5,0.5,0.0,0.3599930893273416
SmolLM2-360M,5,model.layers.5.mlp.down_proj,2560,3,0.5,2,0.7354505565068493,0.75,0.9418022260273973,0.3599930893273416
SmolLM2-360M,5,model.layers.5.mlp.down_proj,2560,3,0.5,3,0.8571338848039215,0.875,0.9523570261437907,0.3599930893273416
SmolLM2-360M,5,model.layers.5.mlp.down_proj,2560,3,0.5,4,0.9216831409626719,0.9375,0.96384717934325,0.3599930893273416
SmolLM2-360M,5,model.layers.5.mlp.down_proj,2560,3,0.5,6,0.9752072546844182,0.984375,0.9810730419291214,0.3599930893273416
SmolLM2-360M,5,model.layers.5.mlp.down_proj,2560,3,0.5,8,0.9916034962871287,0.99609375,0.9909487799173619,0.3599930893273416
SmolLM2-360M,6,model.layers.6.mlp.down_proj,2560,3,0.1,1,0.10000000000000002,0.09999999999999998,1.3877787807814455e-08,0.11884656102570941
SmolLM2-360M,6,model.layers.6.mlp.down_proj,2560,3,0.1,2,0.1788963123776908,0.18999999999999995,0.8766256930854538,0.11884656102570941
SmolLM2-360M,6,model.layers.6.mlp.down_proj,2560,3,0.1,3,0.24618106617647056,0.2709999999999999,0.8548600361197114,0.11884656102570941
SmolLM2-360M,6,model.layers.6.mlp.down_proj,2560,3,0.1,4,0.3050113580550098,0.3439,0.840554973575276,0.11884656102570941
SmolLM2-360M,6,model.layers.6.mlp.down_proj,2560,3,0.1,6,0.40361963757396446,0.46855899999999995,0.8238019898414216,0.11884656102570941
SmolLM2-360M,6,model.layers.6.mlp.down_proj,2560,3,0.1,8,0.4842674814356436,0.5695327899999999,0.8184039317800226,0.11884656102570941
SmolLM2-360M,6,model.layers.6.mlp.down_proj,2560,3,0.2,1,0.20000000000000004,0.19999999999999996,2.775557561562891e-08,0.1677540890237924
SmolLM2-360M,6,model.layers.6.mlp.down_proj,2560,3,0.2,2,0.34273712695694714,0.3599999999999999,0.8921070434809203,0.1677540890237924
SmolLM2-360M,6,model.layers.6.mlp.down_proj,2560,3,0.2,3,0.45341528799019604,0.4879999999999999,0.8799141944104033,0.1677540890237924
SmolLM2-360M,6,model.layers.6.mlp.down_proj,2560,3,0.2,4,0.5408460216110019,0.5903999999999999,0.8730687028970338,0.1677540890237924
SmolLM2-360M,6,model.layers.6.mlp.down_proj,2560,3,0.2,6,0.6704419378698224,0.7378559999999998,0.8746615039524008,0.1677540890237924
SmolLM2-360M,6,model.layers.6.mlp.down_proj,2560,3,0.2,8,0.7593757735148515,0.8322278399999999,0.8847692843055623,0.1677540890237924
SmolLM2-360M,6,model.layers.6.mlp.down_proj,2560,3,0.3,1,0.29999999999999993,0.30000000000000004,-5.551115123125782e-08,0.2234631474751133
SmolLM2-360M,6,model.layers.6.mlp.down_proj,2560,3,0.3,2,0.49057760518591,0.51,0.9075124056471904,0.2234631474751133
SmolLM2-360M,6,model.layers.6.mlp.down_proj,2560,3,0.3,3,0.6226639093137255,0.657,0.9038204742681386,0.2234631474751133
SmolLM2-360M,6,model.layers.6.mlp.down_proj,2560,3,0.3,4,0.7165290397838899,0.7599,0.9056948027481843,0.2234631474751133
SmolLM2-360M,6,model.layers.6.mlp.down_proj,2560,3,0.3,6,0.8366270648422091,0.882351,0.9214838900288813,0.2234631474751133
SmolLM2-360M,6,model.layers.6.mlp.down_proj,2560,3,0.3,8,0.9031861076732672,0.94235199,0.9390273822818967,0.2234631474751133
SmolLM2-360M,6,model.layers.6.mlp.down_proj,2560,3,0.5,1,0.5,0.5,0.0,0.3654097703261635
SmolLM2-360M,6,model.layers.6.mlp.down_proj,2560,3,0.5,2,0.7324792074363993,0.75,0.9299168297455971,0.3654097703261635
SmolLM2-360M,6,model.layers.6.mlp.down_proj,2560,3,0.5,3,0.8528209252450981,0.875,0.940855800653595,0.3654097703261635
SmolLM2-360M,6,model.layers.6.mlp.down_proj,2560,3,0.5,4,0.9168398514243615,0.9375,0.9527768032556835,0.3654097703261635
SmolLM2-360M,6,model.layers.6.mlp.down_proj,2560,3,0.5,6,0.9721307938856015,0.984375,0.9747216389896289,0.3654097703261635
SmolLM2-360M,6,model.layers.6.mlp.down_proj,2560,3,0.5,8,0.9904347153465346,0.99609375,0.9885928120371091,0.3654097703261635
SmolLM2-360M,7,model.layers.7.mlp.down_proj,2560,3,0.1,1,0.10000000000000002,0.09999999999999998,1.3877787807814455e-08,0.11129156130057895
SmolLM2-360M,7,model.layers.7.mlp.down_proj,2560,3,0.1,2,0.1801178754892368,0.18999999999999995,0.8901986165470761,0.11129156130057895
SmolLM2-360M,7,model.layers.7.mlp.down_proj,2560,3,0.1,3,0.24863893995098038,0.2709999999999999,0.869233566964798,0.11129156130057895
SmolLM2-360M,7,model.layers.7.mlp.down_proj,2560,3,0.1,4,0.3085223784381139,0.3439,0.8549503010992782,0.11129156130057895
SmolLM2-360M,7,model.layers.7.mlp.down_proj,2560,3,0.1,6,0.4086831237672584,0.46855899999999995,0.8375405939544507,0.11129156130057895
SmolLM2-360M,7,model.layers.7.mlp.down_proj,2560,3,0.1,8,0.4899481745049505,0.5695327899999999,0.8305025395669395,0.11129156130057895
SmolLM2-360M,7,model.layers.7.mlp.down_proj,2560,3,0.2,1,0.20000000000000004,0.19999999999999996,2.775557561562891e-08,0.16643510912826834
SmolLM2-360M,7,model.layers.7.mlp.down_proj,2560,3,0.2,2,0.34315297822896285,0.3599999999999999,0.8947061139310185,0.16643510912826834
SmolLM2-360M,7,model.layers.7.mlp.down_proj,2560,3,0.2,3,0.453851868872549,0.4879999999999999,0.8814301002519067,0.16643510912826834
SmolLM2-360M,7,model.layers.7.mlp.down_proj,2560,3,0.2,4,0.5418022470530451,0.5903999999999999,0.8755180508530871,0.16643510912826834
SmolLM2-360M,7,model.layers.7.mlp.down_proj,2560,3,0.2,6,0.6706615199704142,0.7378559999999998,0.8750697583933512,0.16643510912826834
SmolLM2-360M,7,model.layers.7.mlp.down_proj,2560,3,0.2,8,0.7579586943069306,0.8322278399999999,0.8825278784099901,0.16643510912826834
SmolLM2-360M,7,model.layers.7.mlp.down_proj,2560,3,0.3,1,0.29999999999999993,0.30000000000000004,-5.551115123125782e-08,0.2236393525711191
SmolLM2-360M,7,model.layers.7.mlp.down_proj,2560,3,0.3,2,0.4905416768590998,0.51,0.9073413183766655,0.2236393525711191
SmolLM2-360M,7,model.layers.7.mlp.down_proj,2560,3,0.3,3,0.6219255514705883,0.657,0.9017522450156533,0.2236393525711191
SmolLM2-360M,7,model.layers.7.mlp.down_proj,2560,3,0.3,4,0.7155467215127702,0.7599,0.9035588639112202,0.2236393525711191
SmolLM2-360M,7,model.layers.7.mlp.down_proj,2560,3,0.3,6,0.8331414879191322,0.882351,0.9154985359673672,0.2236393525711191
SmolLM2-360M,7,model.layers.7.mlp.down_proj,2560,3,0.3,8,0.8983253403465347,0.94235199,0.9314602424545063,0.2236393525711191
SmolLM2-360M,7,model.layers.7.mlp.down_proj,2560,3,0.5,1,0.5,0.5,0.0,0.36851358518465854
SmolLM2-360M,7,model.layers.7.mlp.down_proj,2560,3,0.5,2,0.7308555528375734,0.75,0.9234222113502937,0.36851358518465854
SmolLM2-360M,7,model.layers.7.mlp.down_proj,2560,3,0.5,3,0.849914981617647,0.875,0.9331066176470587,0.36851358518465854
SmolLM2-360M,7,model.layers.7.mlp.down_proj,2560,3,0.5,4,0.9141116159135559,0.9375,0.9465408363738421,0.36851358518465854
SmolLM2-360M,7,model.layers.7.mlp.down_proj,2560,3,0.5,6,0.970084442800789,0.984375,0.9704969141693708,0.36851358518465854
SmolLM2-360M,7,model.layers.7.mlp.down_proj,2560,3,0.5,8,0.988700495049505,0.99609375,0.9850970608871911,0.36851358518465854
SmolLM2-360M,8,model.layers.8.mlp.down_proj,2560,3,0.1,1,0.10000000000000002,0.09999999999999998,1.3877787807814455e-08,0.12098707361493141
SmolLM2-360M,8,model.layers.8.mlp.down_proj,2560,3,0.1,2,0.17859206824853227,0.18999999999999995,0.8732452027614702,0.12098707361493141
SmolLM2-360M,8,model.layers.8.mlp.down_proj,2560,3,0.1,3,0.24546338848039215,0.2709999999999999,0.8506630905286096,0.12098707361493141
SmolLM2-360M,8,model.layers.8.mlp.down_proj,2560,3,0.1,4,0.303601577848723,0.3439,0.8347748169279336,0.12098707361493141
SmolLM2-360M,8,model.layers.8.mlp.down_proj,2560,3,0.1,6,0.39997226331360947,0.46855899999999995,0.8139056794532477,0.12098707361493141
SmolLM2-360M,8,model.layers.8.mlp.down_proj,2560,3,0.1,8,0.47737623762376236,0.5695327899999999,0.8037271212171624,0.12098707361493141
SmolLM2-360M,8,model.layers.8.mlp.down_proj,2560,3,0.2,1,0.20000000000000004,0.19999999999999996,2.775557561562891e-08,0.1734838359355564
SmolLM2-360M,8,model.layers.8.mlp.down_proj,2560,3,0.2,2,0.3411310543052838,0.3599999999999999,0.8820690894080243,0.1734838359355564
SmolLM2-360M,8,model.layers.8.mlp.down_proj,2560,3,0.2,3,0.45001302083333333,0.4879999999999999,0.8681007667824078,0.1734838359355564
SmolLM2-360M,8,model.layers.8.mlp.down_proj,2560,3,0.2,4,0.5364524496561885,0.5903999999999999,0.8618146763734339,0.1734838359355564
SmolLM2-360M,8,model.layers.8.mlp.down_proj,2560,3,0.2,6,0.6629522620808678,0.7378559999999998,0.8607364463366921,0.1734838359355564
SmolLM2-360M,8,model.layers.8.mlp.down_proj,2560,3,0.2,8,0.7496333539603961,0.8322278399999999,0.8693596187735045,0.1734838359355564
SmolLM2-360M,8,model.layers.8.mlp.down_proj,2560,3,0.3,1,0.29999999999999993,0.30000000000000004,-5.551115123125782e-08,0.23240080311414538
SmolLM2-360M,8,model.layers.8.mlp.down_proj,2560,3,0.3,2,0.487128485812133,0.51,0.8910880276768239,0.23240080311414538
SmolLM2-360M,8,model.layers.8.mlp.down_proj,2560,3,0.3,3,0.6153454350490196,0.657,0.8833205463557972,0.23240080311414538
SmolLM2-360M,8,model.layers.8.mlp.down_proj,2560,3,0.3,4,0.7064564403241651,0.7599,0.8837930861582194,0.23240080311414538
SmolLM2-360M,8,model.layers.8.mlp.down_proj,2560,3,0.3,6,0.8221831854043392,0.882351,0.8966811860962534,0.23240080311414538
SmolLM2-360M,8,model.layers.8.mlp.down_proj,2560,3,0.3,8,0.8881814665841584,0.94235199,0.9156684742023737,0.23240080311414538
SmolLM2-360M,8,model.layers.8.mlp.down_proj,2560,3,0.5,1,0.5,0.5,0.0,0.37480074237172273
SmolLM2-360M,8,model.layers.8.mlp.down_proj,2560,3,0.5,2,0.7275577910958904,0.75,0.9102311643835614,0.37480074237172273
SmolLM2-360M,8,model.layers.8.mlp.down_proj,2560,3,0.5,3,0.8449800857843137,0.875,0.9199468954248365,0.37480074237172273
SmolLM2-360M,8,model.layers.8.mlp.down_proj,2560,3,0.5,4,0.90869428413556,0.9375,0.9341583637384228,0.37480074237172273
SmolLM2-360M,8,model.layers.8.mlp.down_proj,2560,3,0.5,6,0.9655487241124261,0.984375,0.9611328497804926,0.37480074237172273
SmolLM2-360M,8,model.layers.8.mlp.down_proj,2560,3,0.5,8,0.9858740717821781,0.99609375,0.9793997037499024,0.37480074237172273
SmolLM2-360M,9,model.layers.9.mlp.down_proj,2560,3,0.1,1,0.10000000000000002,0.09999999999999998,1.3877787807814455e-08,0.12643449692962708
SmolLM2-360M,9,model.layers.9.mlp.down_proj,2560,3,0.1,2,0.1778016450587084,0.18999999999999995,0.8644627228745384,0.12643449692962708
SmolLM2-360M,9,model.layers.9.mlp.down_proj,2560,3,0.1,3,0.24395143995098043,0.2709999999999999,0.8418212862630439,0.12643449692962708
SmolLM2-360M,9,model.layers.9.mlp.down_proj,2560,3,0.1,4,0.301147317043222,0.3439,0.8247122469996803,0.12643449692962708
SmolLM2-360M,9,model.layers.9.mlp.down_proj,2560,3,0.1,6,0.3966931706114399,0.46855899999999995,0.80500861629058,0.12643449692962708
SmolLM2-360M,9,model.layers.9.mlp.down_proj,2560,3,0.1,8,0.4739634900990099,0.5695327899999999,0.7964587310270916,0.12643449692962708
SmolLM2-360M,9,model.layers.9.mlp.down_proj,2560,3,0.2,1,0.20000000000000004,0.19999999999999996,2.775557561562891e-08,0.17525979809561568
SmolLM2-360M,9,model.layers.9.mlp.down_proj,2560,3,0.2,2,0.34068691903131115,0.3599999999999999,0.8792932439456954,0.17525979809561568
SmolLM2-360M,9,model.layers.9.mlp.down_proj,2560,3,0.2,3,0.44878216911764707,0.4879999999999999,0.8638269761029416,0.17525979809561568
SmolLM2-360M,9,model.layers.9.mlp.down_proj,2560,3,0.2,4,0.5340695604125736,0.5903999999999999,0.8557109641715513,0.17525979809561568
SmolLM2-360M,9,model.layers.9.mlp.down_proj,2560,3,0.2,6,0.6596176960059172,0.7378559999999998,0.8545367087211397,0.17525979809561568
SmolLM2-360M,9,model.layers.9.mlp.down_proj,2560,3,0.2,8,0.7452846534653464,0.8322278399999999,0.8624812432577257,0.17525979809561568
SmolLM2-360M,9,model.layers.9.mlp.down_proj,2560,3,0.3,1,0.29999999999999993,0.30000000000000004,-5.551115123125782e-08,0.23516091256165933
SmolLM2-360M,9,model.layers.9.mlp.down_proj,2560,3,0.3,2,0.4860949730919765,0.51,0.8861665385332215,0.23516091256165933
SmolLM2-360M,9,model.layers.9.mlp.down_proj,2560,3,0.3,3,0.6137936580882353,0.657,0.8789738321799306,0.23516091256165933
SmolLM2-360M,9,model.layers.9.mlp.down_proj,2560,3,0.3,4,0.7045086873772102,0.7599,0.879557919933051,0.23516091256165933
SmolLM2-360M,9,model.layers.9.mlp.down_proj,2560,3,0.3,6,0.8204380855522683,0.882351,0.8936845399978163,0.23516091256165933
SmolLM2-360M,9,model.layers.9.mlp.down_proj,2560,3,0.3,8,0.8864936571782178,0.94235199,0.9130409281961089,0.23516091256165933
SmolLM2-360M,9,model.layers.9.mlp.down_proj,2560,3,0.5,1,0.5,0.5,0.0,0.37647789390650643
SmolLM2-360M,9,model.layers.9.mlp.down_proj,2560,3,0.5,2,0.7267184442270058,0.75,0.9068737769080233,0.37647789390650643
SmolLM2-360M,9,model.layers.9.mlp.down_proj,2560,3,0.5,3,0.8431901041666667,0.875,0.9151736111111113,0.37647789390650643
SmolLM2-360M,9,model.layers.9.mlp.down_proj,2560,3,0.5,4,0.9070834356581533,0.9375,0.9304764243614932,0.37647789390650643
SmolLM2-360M,9,model.layers.9.mlp.down_proj,2560,3,0.5,6,0.9655232988165682,0.984375,0.9610803588471085,0.37647789390650643
SmolLM2-360M,9,model.layers.9.mlp.down_proj,2560,3,0.5,8,0.9861417079207921,0.99609375,0.9799391907694708,0.37647789390650643
SmolLM2-360M,10,model.layers.10.mlp.down_proj,2560,3,0.1,1,0.10000000000000002,0.09999999999999998,1.3877787807814455e-08,0.11719461028617587
SmolLM2-360M,10,model.layers.10.mlp.down_proj,2560,3,0.1,2,0.17922807607632094,0.18999999999999995,0.8803119564035665,0.11719461028617587
SmolLM2-360M,10,model.layers.10.mlp.down_proj,2560,3,0.1,3,0.2466498161764706,0.2709999999999999,0.857601264189887,0.11719461028617587
SmolLM2-360M,10,model.layers.10.mlp.down_proj,2560,3,0.1,4,0.30456931483300587,0.3439,0.8387425782411065,0.11719461028617587
SmolLM2-360M,10,model.layers.10.mlp.down_proj,2560,3,0.1,6,0.40069572855029584,0.46855899999999995,0.8158686358230184,0.11719461028617587
SmolLM2-360M,10,model.layers.10.mlp.down_proj,2560,3,0.1,8,0.47841970915841586,0.5695327899999999,0.8059494825876078,0.11719461028617587
SmolLM2-360M,10,model.layers.10.mlp.down_proj,2560,3,0.2,1,0.20000000000000004,0.19999999999999996,2.775557561562891e-08,0.1680400761364504
SmolLM2-360M,10,model.layers.10.mlp.down_proj,2560,3,0.2,2,0.34284185420743646,0.3599999999999999,0.8927615887964786,0.1680400761364504
SmolLM2-360M,10,model.layers.10.mlp.down_proj,2560,3,0.2,3,0.45375153186274514,0.4879999999999999,0.8810817078567543,0.1680400761364504
SmolLM2-360M,10,model.layers.10.mlp.down_proj,2560,3,0.2,4,0.5404001412082514,0.5903999999999999,0.8719265912096605,0.1680400761364504
SmolLM2-360M,10,model.layers.10.mlp.down_proj,2560,3,0.2,6,0.6673439040927022,0.7378559999999998,0.8689015351556965,0.1680400761364504
SmolLM2-360M,10,model.layers.10.mlp.down_proj,2560,3,0.2,8,0.753702042079208,0.8322278399999999,0.8757950963994375,0.1680400761364504
SmolLM2-360M,10,model.layers.10.mlp.down_proj,2560,3,0.3,1,0.29999999999999993,0.30000000000000004,-5.551115123125782e-08,0.22799674127785025
SmolLM2-360M,10,model.layers.10.mlp.down_proj,2560,3,0.3,2,0.4890517979452055,0.51,0.9002466568819308,0.22799674127785025
SmolLM2-360M,10,model.layers.10.mlp.down_proj,2560,3,0.3,3,0.6194393382352941,0.657,0.8947880622837369,0.22799674127785025
SmolLM2-360M,10,model.layers.10.mlp.down_proj,2560,3,0.3,4,0.7113066367878192,0.7599,0.89433928416573,0.22799674127785025
SmolLM2-360M,10,model.layers.10.mlp.down_proj,2560,3,0.3,6,0.8274169440335305,0.882351,0.9056684783464448,0.22799674127785025
SmolLM2-360M,10,model.layers.10.mlp.down_proj,2560,3,0.3,8,0.8933493193069305,0.94235199,0.9237136780831495,0.22799674127785025
SmolLM2-360M,10,model.layers.10.mlp.down_proj,2560,3,0.5,1,0.5,0.5,0.0,0.37169629191942355
SmolLM2-360M,10,model.layers.10.mlp.down_proj,2560,3,0.5,2,0.7292617111056752,0.75,0.9170468444227007,0.37169629191942355
SmolLM2-360M,10,model.layers.10.mlp.down_proj,2560,3,0.5,3,0.8475229779411765,0.875,0.9267279411764706,0.37169629191942355
SmolLM2-360M,10,model.layers.10.mlp.down_proj,2560,3,0.5,4,0.9111101731335953,0.9375,0.9396803957339321,0.37169629191942355
SmolLM2-360M,10,model.layers.10.mlp.down_proj,2560,3,0.5,6,0.9678208210059172,0.984375,0.9658236304638289,0.37169629191942355
SmolLM2-360M,10,model.layers.10.mlp.down_proj,2560,3,0.5,8,0.9875727103960396,0.99609375,0.9828237311920167,0.37169629191942355
SmolLM2-360M,11,model.layers.11.mlp.down_proj,2560,3,0.1,1,0.10000000000000002,0.09999999999999998,1.3877787807814455e-08,0.14062150231895254
SmolLM2-360M,11,model.layers.11.mlp.down_proj,2560,3,0.1,2,0.1755404537671233,0.18999999999999995,0.8393383751902593,0.14062150231895254
SmolLM2-360M,11,model.layers.11.mlp.down_proj,2560,3,0.1,3,0.23900428921568626,0.2709999999999999,0.812890580208692,0.14062150231895254
SmolLM2-360M,11,model.layers.11.mlp.down_proj,2560,3,0.1,4,0.2939433939096267,0.3439,0.7951758667881375,0.14062150231895254
SmolLM2-360M,11,model.layers.11.mlp.down_proj,2560,3,0.1,6,0.385425141765286,0.46855899999999995,0.7744354140457458,0.14062150231895254
SmolLM2-360M,11,model.layers.11.mlp.down_proj,2560,3,0.1,8,0.4597137995049505,0.5695327899999999,0.7661100718971099,0.14062150231895254
SmolLM2-360M,11,model.layers.11.mlp.down_proj,2560,3,0.2,1,0.20000000000000004,0.19999999999999996,2.775557561562891e-08,0.18331585168984824
SmolLM2-360M,11,model.layers.11.mlp.down_proj,2560,3,0.2,2,0.3383729818982388,0.3599999999999999,0.864831136863993,0.18331585168984824
SmolLM2-360M,11,model.layers.11.mlp.down_proj,2560,3,0.2,3,0.4442846200980392,0.4879999999999999,0.8482104864515254,0.18331585168984824
SmolLM2-360M,11,model.layers.11.mlp.down_proj,2560,3,0.2,4,0.5282838592829077,0.5903999999999999,0.8408910329992514,0.18331585168984824
SmolLM2-360M,11,model.layers.11.mlp.down_proj,2560,3,0.2,6,0.6521079881656804,0.7378559999999998,0.8405744068406422,0.18331585168984824
SmolLM2-360M,11,model.layers.11.mlp.down_proj,2560,3,0.2,8,0.7378550433168316,0.8322278399999999,0.8507297674788123,0.18331585168984824
SmolLM2-360M,11,model.layers.11.mlp.down_proj,2560,3,0.3,1,0.29999999999999993,0.30000000000000004,-5.551115123125782e-08,0.23847639279275534
SmolLM2-360M,11,model.layers.11.mlp.down_proj,2560,3,0.3,2,0.4848069043542074,0.51,0.8800328778771782,0.23847639279275534
SmolLM2-360M,11,model.layers.11.mlp.down_proj,2560,3,0.3,3,0.6116092218137255,0.657,0.8728549630636567,0.23847639279275534
SmolLM2-360M,11,model.layers.11.mlp.down_proj,2560,3,0.3,4,0.702157263015717,0.7599,0.8744450163420678,0.23847639279275534
SmolLM2-360M,11,model.layers.11.mlp.down_proj,2560,3,0.3,6,0.8187800480769232,0.882351,0.8908373954486608,0.23847639279275534
SmolLM2-360M,11,model.layers.11.mlp.down_proj,2560,3,0.3,8,0.8862376237623761,0.94235199,0.9126423407863592,0.23847639279275534
SmolLM2-360M,11,model.layers.11.mlp.down_proj,2560,3,0.5,1,0.5,0.5,0.0,0.37542114809541055
SmolLM2-360M,11,model.layers.11.mlp.down_proj,2560,3,0.5,2,0.7272787732387477,0.75,0.9091150929549907,0.37542114809541055
SmolLM2-360M,11,model.layers.11.mlp.down_proj,2560,3,0.5,3,0.8440984987745098,0.875,0.9175959967320262,0.37542114809541055
SmolLM2-360M,11,model.layers.11.mlp.down_proj,2560,3,0.5,4,0.9074648514243614,0.9375,0.9313482318271118,0.37542114809541055
SmolLM2-360M,11,model.layers.11.mlp.down_proj,2560,3,0.5,6,0.9654007951183432,0.984375,0.960827447986257,0.37542114809541055
SmolLM2-360M,11,model.layers.11.mlp.down_proj,2560,3,0.5,8,0.9862414913366336,0.99609375,0.9801403289935292,0.37542114809541055
SmolLM2-360M,12,model.layers.12.mlp.down_proj,2560,3,0.1,1,0.10000000000000002,0.09999999999999998,1.3877787807814455e-08,0.15791258763694951
SmolLM2-360M,12,model.layers.12.mlp.down_proj,2560,3,0.1,2,0.17294979207436398,0.18999999999999995,0.8105532452707114,0.15791258763694951
SmolLM2-360M,12,model.layers.12.mlp.down_proj,2560,3,0.1,3,0.23314874387254902,0.2709999999999999,0.7786476249856672,0.15791258763694951
SmolLM2-360M,12,model.layers.12.mlp.down_proj,2560,3,0.1,4,0.2844532784872299,0.3439,0.7562660044576872,0.15791258763694951
SmolLM2-360M,12,model.layers.12.mlp.down_proj,2560,3,0.1,6,0.3685365816074951,0.46855899999999995,0.7286121939974198,0.15791258763694951
SmolLM2-360M,12,model.layers.12.mlp.down_proj,2560,3,0.1,8,0.43663056930693067,0.5695327899999999,0.7169479458653585,0.15791258763694951
SmolLM2-360M,12,model.layers.12.mlp.down_proj,2560,3,0.2,1,0.20000000000000004,0.19999999999999996,2.775557561562891e-08,0.201846724798522
SmolLM2-360M,12,model.layers.12.mlp.down_proj,2560,3,0.2,2,0.33318248532289635,0.3599999999999999,0.8323905332681029,0.201846724798522
SmolLM2-360M,12,model.layers.12.mlp.down_proj,2560,3,0.2,3,0.4336067708333333,0.4879999999999999,0.8111346209490744,0.201846724798522
SmolLM2-360M,12,model.layers.12.mlp.down_proj,2560,3,0.2,4,0.5121270260314341,0.5903999999999999,0.7995057019247802,0.201846724798522
SmolLM2-360M,12,model.layers.12.mlp.down_proj,2560,3,0.2,6,0.6271873459072977,0.7378559999999998,0.7942411089721,0.201846724798522
SmolLM2-360M,12,model.layers.12.mlp.down_proj,2560,3,0.2,8,0.708077042079208,0.8322278399999999,0.8036296568009534,0.201846724798522
SmolLM2-360M,12,model.layers.12.mlp.down_proj,2560,3,0.3,1,0.29999999999999993,0.30000000000000004,-5.551115123125782e-08,0.25387845008300763
SmolLM2-360M,12,model.layers.12.mlp.down_proj,2560,3,0.3,2,0.47890013454011743,0.51,0.8519054025719878,0.25387845008300763
SmolLM2-360M,12,model.layers.12.mlp.down_proj,2560,3,0.3,3,0.6002244178921569,0.657,0.8409647560004393,0.25387845008300763
SmolLM2-360M,12,model.layers.12.mlp.down_proj,2560,3,0.3,4,0.6861416380157173,0.7599,0.8396208697884697,0.25387845008300763
SmolLM2-360M,12,model.layers.12.mlp.down_proj,2560,3,0.3,6,0.796788708086785,0.882351,0.853074362518112,0.25387845008300763
SmolLM2-360M,12,model.layers.12.mlp.down_proj,2560,3,0.3,8,0.8633152846534653,0.94235199,0.8769573277938552,0.25387845008300763
SmolLM2-360M,12,model.layers.12.mlp.down_proj,2560,3,0.5,1,0.5,0.5,0.0,0.3900428188103566
SmolLM2-360M,12,model.layers.12.mlp.down_proj,2560,3,0.5,2,0.7196642612524461,0.75,0.8786570450097844,0.3900428188103566
SmolLM2-360M,12,model.layers.12.mlp.down_proj,2560,3,0.5,3,0.833452818627451,0.875,0.8892075163398694,0.3900428188103566
SmolLM2-360M,12,model.layers.12.mlp.down_proj,2560,3,0.5,4,0.8965311886051079,0.9375,0.906357002525961,0.3900428188103566
SmolLM2-360M,12,model.layers.12.mlp.down_proj,2560,3,0.5,6,0.9566683616863905,0.984375,0.94279919832029,0.3900428188103566
SmolLM2-360M,12,model.layers.12.mlp.down_proj,2560,3,0.5,8,0.9803581373762376,0.99609375,0.9682809698292663,0.3900428188103566
SmolLM2-360M,13,model.layers.13.mlp.down_proj,2560,3,0.1,1,0.10000000000000002,0.09999999999999998,1.3877787807814455e-08,0.20224779872456722
SmolLM2-360M,13,model.layers.13.mlp.down_proj,2560,3,0.1,2,0.16700862279843445,0.18999999999999995,0.7445402533159388,0.20224779872456722
SmolLM2-360M,13,model.layers.13.mlp.down_proj,2560,3,0.1,3,0.22149433210784317,0.2709999999999999,0.7104931702213054,0.20224779872456722
SmolLM2-360M,13,model.layers.13.mlp.down_proj,2560,3,0.1,4,0.2678375184184676,0.3439,0.6881407069227864,0.20224779872456722
SmolLM2-360M,13,model.layers.13.mlp.down_proj,2560,3,0.1,6,0.3455367048816568,0.46855899999999995,0.6662073233367162,0.20224779872456722
SmolLM2-360M,13,model.layers.13.mlp.down_proj,2560,3,0.1,8,0.4092690284653466,0.5695327899999999,0.6586739734733895,0.20224779872456722
SmolLM2-360M,13,model.layers.13.mlp.down_proj,2560,3,0.2,1,0.20000000000000004,0.19999999999999996,2.775557561562891e-08,0.24178290788552084
SmolLM2-360M,13,model.layers.13.mlp.down_proj,2560,3,0.2,2,0.3230010090508806,0.3599999999999999,0.7687563065680042,0.24178290788552084
SmolLM2-360M,13,model.layers.13.mlp.down_proj,2560,3,0.2,3,0.41510569852941176,0.4879999999999999,0.7468947865604578,0.24178290788552084
SmolLM2-360M,13,model.layers.13.mlp.down_proj,2560,3,0.2,4,0.4880395076129666,0.5903999999999999,0.7378061158119023,0.24178290788552084
SmolLM2-360M,13,model.layers.13.mlp.down_proj,2560,3,0.2,6,0.5973842763806706,0.7378559999999998,0.7388302377972369,0.24178290788552084
SmolLM2-360M,13,model.layers.13.mlp.down_proj,2560,3,0.2,8,0.6751879641089109,0.8322278399999999,0.7516087303414398,0.24178290788552084
SmolLM2-360M,13,model.layers.13.mlp.down_proj,2560,3,0.3,1,0.29999999999999993,0.30000000000000004,-5.551115123125782e-08,0.2906925039074713
SmolLM2-360M,13,model.layers.13.mlp.down_proj,2560,3,0.3,2,0.46571138087084146,0.51,0.7891018136706736,0.2906925039074713
SmolLM2-360M,13,model.layers.13.mlp.down_proj,2560,3,0.3,3,0.5781901041666667,0.657,0.7792439892623717,0.2906925039074713
SmolLM2-360M,13,model.layers.13.mlp.down_proj,2560,3,0.3,4,0.6596244167485265,0.7599,0.7819622021059501,0.2906925039074713
SmolLM2-360M,13,model.layers.13.mlp.down_proj,2560,3,0.3,6,0.7686583148422091,0.882351,0.8047694858293523,0.2906925039074713
SmolLM2-360M,13,model.layers.13.mlp.down_proj,2560,3,0.3,8,0.8358601485148515,0.94235199,0.8342157521997424,0.2906925039074713
SmolLM2-360M,13,model.layers.13.mlp.down_proj,2560,3,0.5,1,0.5,0.5,0.0,0.41324087091036427
SmolLM2-360M,13,model.layers.13.mlp.down_proj,2560,3,0.5,2,0.7081542013209394,0.75,0.8326168052837577,0.41324087091036427
SmolLM2-360M,13,model.layers.13.mlp.down_proj,2560,3,0.5,3,0.818148743872549,0.875,0.8483966503267973,0.41324087091036427
SmolLM2-360M,13,model.layers.13.mlp.down_proj,2560,3,0.5,4,0.8809568393909626,0.9375,0.8707584900364859,0.41324087091036427
SmolLM2-360M,13,model.layers.13.mlp.down_proj,2560,3,0.5,6,0.9452685835798815,0.984375,0.9192641725520134,0.41324087091036427
SmolLM2-360M,13,model.layers.13.mlp.down_proj,2560,3,0.5,8,0.9724241955445545,0.99609375,0.9522881422000469,0.41324087091036427
SmolLM2-360M,14,model.layers.14.mlp.down_proj,2560,3,0.1,1,0.10000000000000002,0.09999999999999998,1.3877787807814455e-08,0.22064690828860173
SmolLM2-360M,14,model.layers.14.mlp.down_proj,2560,3,0.1,2,0.16448523116438354,0.18999999999999995,0.7165025684931509,0.22064690828860173
SmolLM2-360M,14,model.layers.14.mlp.down_proj,2560,3,0.1,3,0.21637944240196078,0.2709999999999999,0.6805815345143909,0.22064690828860173
SmolLM2-360M,14,model.layers.14.mlp.down_proj,2560,3,0.1,4,0.2603788064833006,0.3439,0.6575596821783543,0.22064690828860173
SmolLM2-360M,14,model.layers.14.mlp.down_proj,2560,3,0.1,6,0.333411150147929,0.46855899999999995,0.633307422008224,0.22064690828860173
SmolLM2-360M,14,model.layers.14.mlp.down_proj,2560,3,0.1,8,0.3929648824257426,0.5695327899999999,0.623949782986919,0.22064690828860173
SmolLM2-360M,14,model.layers.14.mlp.down_proj,2560,3,0.2,1,0.20000000000000004,0.19999999999999996,2.775557561562891e-08,0.2603773377555009
SmolLM2-360M,14,model.layers.14.mlp.down_proj,2560,3,0.2,2,0.31839377446183953,0.3599999999999999,0.7399610903864976,0.2603773377555009
SmolLM2-360M,14,model.layers.14.mlp.down_proj,2560,3,0.2,3,0.4077458639705882,0.4879999999999999,0.7213398054534316,0.2603773377555009
SmolLM2-360M,14,model.layers.14.mlp.down_proj,2560,3,0.2,4,0.4780306053536346,0.5903999999999999,0.7121685587951708,0.2603773377555009
SmolLM2-360M,14,model.layers.14.mlp.down_proj,2560,3,0.2,6,0.5845452724358974,0.7378559999999998,0.714959529011292,0.2603773377555009
SmolLM2-360M,14,model.layers.14.mlp.down_proj,2560,3,0.2,8,0.6616800742574257,0.8322278399999999,0.7302431893183093,0.2603773377555009
SmolLM2-360M,14,model.layers.14.mlp.down_proj,2560,3,0.3,1,0.29999999999999993,0.30000000000000004,-5.551115123125782e-08,0.305625082371383
SmolLM2-360M,14,model.layers.14.mlp.down_proj,2560,3,0.3,2,0.46059274094911934,0.51,0.7647273378529492,0.305625082371383
SmolLM2-360M,14,model.layers.14.mlp.down_proj,2560,3,0.3,3,0.570602787990196,0.657,0.7579910027736583,0.305625082371383
SmolLM2-360M,14,model.layers.14.mlp.down_proj,2560,3,0.3,4,0.649987721021611,0.7599,0.7610083083748879,0.305625082371383
SmolLM2-360M,14,model.layers.14.mlp.down_proj,2560,3,0.3,6,0.7576923076923077,0.882351,0.7859389057326382,0.305625082371383
SmolLM2-360M,14,model.layers.14.mlp.down_proj,2560,3,0.3,8,0.8261084467821781,0.94235199,0.8190345090737216,0.305625082371383
SmolLM2-360M,14,model.layers.14.mlp.down_proj,2560,3,0.5,1,0.5,0.5,0.0,0.4258615336170274
SmolLM2-360M,14,model.layers.14.mlp.down_proj,2560,3,0.5,2,0.7020234527886496,0.75,0.8080938111545986,0.4258615336170274
SmolLM2-360M,14,model.layers.14.mlp.down_proj,2560,3,0.5,3,0.8108172487745097,0.875,0.8288459967320257,0.4258615336170274
SmolLM2-360M,14,model.layers.14.mlp.down_proj,2560,3,0.5,4,0.8743707023575639,0.9375,0.8557044625315745,0.4258615336170274
SmolLM2-360M,14,model.layers.14.mlp.down_proj,2560,3,0.5,6,0.9395163030078895,0.984375,0.9073884965324169,0.4258615336170274
SmolLM2-360M,14,model.layers.14.mlp.down_proj,2560,3,0.5,8,0.9687237004950494,0.99609375,0.944828876588446,0.4258615336170274
SmolLM2-360M,15,model.layers.15.mlp.down_proj,2560,3,0.1,1,0.10000000000000002,0.09999999999999998,1.3877787807814455e-08,0.28654214821598695
SmolLM2-360M,15,model.layers.15.mlp.down_proj,2560,3,0.1,2,0.15610552226027397,0.18999999999999995,0.6233946917808222,0.28654214821598695
SmolLM2-360M,15,model.layers.15.mlp.down_proj,2560,3,0.1,3,0.19986136642156863,0.2709999999999999,0.583984598956542,0.28654214821598695
SmolLM2-360M,15,model.layers.15.mlp.down_proj,2560,3,0.1,4,0.23612705672888015,0.3439,0.5581265138535472,0.28654214821598695
SmolLM2-360M,15,model.layers.15.mlp.down_proj,2560,3,0.1,6,0.2966546474358974,0.46855899999999995,0.533577113666733,0.28654214821598695
SmolLM2-360M,15,model.layers.15.mlp.down_proj,2560,3,0.1,8,0.3471612004950495,0.5695327899999999,0.5263981680492422,0.28654214821598695
SmolLM2-360M,15,model.layers.15.mlp.down_proj,2560,3,0.2,1,0.20000000000000004,0.19999999999999996,2.775557561562891e-08,0.2994615833135845
SmolLM2-360M,15,model.layers.15.mlp.down_proj,2560,3,0.2,2,0.30871376590019567,0.3599999999999999,0.6794610368762234,0.2994615833135845
SmolLM2-360M,15,model.layers.15.mlp.down_proj,2560,3,0.2,3,0.3895105698529412,0.4879999999999999,0.6580228119893794,0.2994615833135845
SmolLM2-360M,15,model.layers.15.mlp.down_proj,2560,3,0.2,4,0.4531603020628684,0.5903999999999999,0.6484638884807081,0.2994615833135845
SmolLM2-360M,15,model.layers.15.mlp.down_proj,2560,3,0.2,6,0.5505354721400395,0.7378559999999998,0.6517273622308565,0.2994615833135845
SmolLM2-360M,15,model.layers.15.mlp.down_proj,2560,3,0.2,8,0.6234158415841585,0.8322278399999999,0.6697203362385284,0.2994615833135845
SmolLM2-360M,15,model.layers.15.mlp.down_proj,2560,3,0.3,1,0.29999999999999993,0.30000000000000004,-5.551115123125782e-08,0.33712299614851887
SmolLM2-360M,15,model.layers.15.mlp.down_proj,2560,3,0.3,2,0.44968734711350294,0.51,0.7127968910166806,0.33712299614851887
SmolLM2-360M,15,model.layers.15.mlp.down_proj,2560,3,0.3,3,0.5517386642156863,0.657,0.7051503199318944,0.33712299614851887
SmolLM2-360M,15,model.layers.15.mlp.down_proj,2560,3,0.3,4,0.6262854555500982,0.7599,0.7094704404220443,0.33712299614851887
SmolLM2-360M,15,model.layers.15.mlp.down_proj,2560,3,0.3,6,0.7298215606508875,0.882351,0.738079887646604,0.33712299614851887
SmolLM2-360M,15,model.layers.15.mlp.down_proj,2560,3,0.3,8,0.7980399133663367,0.94235199,0.7753380095644082,0.33712299614851887
SmolLM2-360M,15,model.layers.15.mlp.down_proj,2560,3,0.5,1,0.5,0.5,0.0,0.4460573200148218
SmolLM2-360M,15,model.layers.15.mlp.down_proj,2560,3,0.5,2,0.6921538649706457,0.75,0.7686154598825827,0.4460573200148218
SmolLM2-360M,15,model.layers.15.mlp.down_proj,2560,3,0.5,3,0.7964292279411764,0.875,0.7904779411764705,0.4460573200148218
SmolLM2-360M,15,model.layers.15.mlp.down_proj,2560,3,0.5,4,0.8591063973477406,0.9375,0.8208146225091214,0.4460573200148218
SmolLM2-360M,15,model.layers.15.mlp.down_proj,2560,3,0.5,6,0.9262897559171598,0.984375,0.8800820767322008,0.4460573200148218
SmolLM2-360M,15,model.layers.15.mlp.down_proj,2560,3,0.5,8,0.9584305383663367,0.99609375,0.9240804552896237,0.4460573200148218
SmolLM2-360M,16,model.layers.16.mlp.down_proj,2560,3,0.1,1,0.10000000000000002,0.09999999999999998,1.3877787807814455e-08,0.3268598887740425
SmolLM2-360M,16,model.layers.16.mlp.down_proj,2560,3,0.1,2,0.1513117661448141,0.18999999999999995,0.5701307349423791,0.3268598887740425
SmolLM2-360M,16,model.layers.16.mlp.down_proj,2560,3,0.1,3,0.19056219362745097,0.2709999999999999,0.5296034715055615,0.3268598887740425
SmolLM2-360M,16,model.layers.16.mlp.down_proj,2560,3,0.1,4,0.22238150785854618,0.3439,0.5017691999120385,0.3268598887740425
SmolLM2-360M,16,model.layers.16.mlp.down_proj,2560,3,0.1,6,0.2737356693786982,0.46855899999999995,0.47139174291958197,0.3268598887740425
SmolLM2-360M,16,model.layers.16.mlp.down_proj,2560,3,0.1,8,0.31524288366336634,0.5695327899999999,0.4584192802878929,0.3268598887740425
SmolLM2-360M,16,model.layers.16.mlp.down_proj,2560,3,0.2,1,0.20000000000000004,0.19999999999999996,2.775557561562891e-08,0.3486326189595674
SmolLM2-360M,16,model.layers.16.mlp.down_proj,2560,3,0.2,2,0.29752094545009783,0.3599999999999999,0.6095059090631119,0.3486326189595674
SmolLM2-360M,16,model.layers.16.mlp.down_proj,2560,3,0.2,3,0.3680261948529412,0.4879999999999999,0.5834242876838238,0.3486326189595674
SmolLM2-360M,16,model.layers.16.mlp.down_proj,2560,3,0.2,4,0.42291717829076625,0.5903999999999999,0.5709968706218399,0.3486326189595674
SmolLM2-360M,16,model.layers.16.mlp.down_proj,2560,3,0.2,6,0.5062353611932939,0.7378559999999998,0.5693631031229437,0.3486326189595674
SmolLM2-360M,16,model.layers.16.mlp.down_proj,2560,3,0.2,8,0.5685535272277228,0.8322278399999999,0.5829441601744758,0.3486326189595674
SmolLM2-360M,16,model.layers.16.mlp.down_proj,2560,3,0.3,1,0.29999999999999993,0.30000000000000004,-5.551115123125782e-08,0.38363384986499954
SmolLM2-360M,16,model.layers.16.mlp.down_proj,2560,3,0.3,2,0.4347021771037182,0.51,0.6414389385891344,0.38363384986499954
SmolLM2-360M,16,model.layers.16.mlp.down_proj,2560,3,0.3,3,0.5256027879901961,0.657,0.6319405826055913,0.38363384986499954
SmolLM2-360M,16,model.layers.16.mlp.down_proj,2560,3,0.3,4,0.5920739194499018,0.7599,0.6350813643181166,0.38363384986499954
SmolLM2-360M,16,model.layers.16.mlp.down_proj,2560,3,0.3,6,0.6848126232741618,0.882351,0.6607915557355646,0.38363384986499954
SmolLM2-360M,16,model.layers.16.mlp.down_proj,2560,3,0.3,8,0.7471975556930693,0.94235199,0.6961877018440766,0.38363384986499954
SmolLM2-360M,16,model.layers.16.mlp.down_proj,2560,3,0.5,1,0.5,0.5,0.0,0.4787462219749795
SmolLM2-360M,16,model.layers.16.mlp.down_proj,2560,3,0.5,2,0.6770326259784736,0.75,0.7081305039138943,0.4787462219749795
SmolLM2-360M,16,model.layers.16.mlp.down_proj,2560,3,0.5,3,0.7735431985294118,0.875,0.7294485294117647,0.4787462219749795
SmolLM2-360M,16,model.layers.16.mlp.down_proj,2560,3,0.5,4,0.8329268479862476,0.9375,0.7609756525399946,0.4787462219749795
SmolLM2-360M,16,model.layers.16.mlp.down_proj,2560,3,0.5,6,0.9006379437869823,0.984375,0.827123496850544,0.4787462219749795
SmolLM2-360M,16,model.layers.16.mlp.down_proj,2560,3,0.5,8,0.9360898824257425,0.99609375,0.8790473220550401,0.4787462219749795
SmolLM2-360M,17,model.layers.17.mlp.down_proj,2560,3,0.1,1,0.10000000000000002,0.09999999999999998,1.3877787807814455e-08,0.3754090121297921
SmolLM2-360M,17,model.layers.17.mlp.down_proj,2560,3,0.1,2,0.14608228351272015,0.18999999999999995,0.5120253723635575,0.3754090121297921
SmolLM2-360M,17,model.layers.17.mlp.down_proj,2560,3,0.1,3,0.17989889705882353,0.2709999999999999,0.46724501203990393,0.3754090121297921
SmolLM2-360M,17,model.layers.17.mlp.down_proj,2560,3,0.1,4,0.20686778610019643,0.3439,0.43816230463385175,0.3754090121297921
SmolLM2-360M,17,model.layers.17.mlp.down_proj,2560,3,0.1,6,0.2498482186883629,0.46855899999999995,0.40657864463590065,0.3754090121297921
SmolLM2-360M,17,model.layers.17.mlp.down_proj,2560,3,0.1,8,0.2842527846534653,0.5695327899999999,0.3924172892237523,0.3754090121297921
SmolLM2-360M,17,model.layers.17.mlp.down_proj,2560,3,0.2,1,0.20000000000000004,0.19999999999999996,2.775557561562891e-08,0.3889447767667682
SmolLM2-360M,17,model.layers.17.mlp.down_proj,2560,3,0.2,2,0.28899446550880625,0.3599999999999999,0.5562154094300394,0.3889447767667682
SmolLM2-360M,17,model.layers.17.mlp.down_proj,2560,3,0.2,3,0.35241344975490196,0.4879999999999999,0.529213367204521,0.3889447767667682
SmolLM2-360M,17,model.layers.17.mlp.down_proj,2560,3,0.2,4,0.40184031188605107,0.5903999999999999,0.5170089956097621,0.3889447767667682
SmolLM2-360M,17,model.layers.17.mlp.down_proj,2560,3,0.2,6,0.47676282051282054,0.7378559999999998,0.5145667623170896,0.3889447767667682
SmolLM2-360M,17,model.layers.17.mlp.down_proj,2560,3,0.2,8,0.5336741955445544,0.8322278399999999,0.5277752329675239,0.3889447767667682
SmolLM2-360M,17,model.layers.17.mlp.down_proj,2560,3,0.3,1,0.29999999999999993,0.30000000000000004,-5.551115123125782e-08,0.4133018557851415
SmolLM2-360M,17,model.layers.17.mlp.down_proj,2560,3,0.3,2,0.4255931996086106,0.51,0.598062855279098,0.4133018557851415
SmolLM2-360M,17,model.layers.17.mlp.down_proj,2560,3,0.3,3,0.509836856617647,0.657,0.5877783098533529,0.4133018557851415
SmolLM2-360M,17,model.layers.17.mlp.down_proj,2560,3,0.3,4,0.5717192104616896,0.7599,0.590822375433115,0.4133018557851415
SmolLM2-360M,17,model.layers.17.mlp.down_proj,2560,3,0.3,6,0.6597525271203155,0.882351,0.6177589239484701,0.4133018557851415
SmolLM2-360M,17,model.layers.17.mlp.down_proj,2560,3,0.3,8,0.7208887685643565,0.94235199,0.65523073815706,0.4133018557851415
SmolLM2-360M,17,model.layers.17.mlp.down_proj,2560,3,0.5,1,0.5,0.5,0.0,0.4980909378043158
SmolLM2-360M,17,model.layers.17.mlp.down_proj,2560,3,0.5,2,0.6683364420254404,0.75,0.6733457681017616,0.4980909378043158
SmolLM2-360M,17,model.layers.17.mlp.down_proj,2560,3,0.5,3,0.7620534620098041,0.875,0.6988092320261442,0.4980909378043158
SmolLM2-360M,17,model.layers.17.mlp.down_proj,2560,3,0.5,4,0.8206563113948919,0.9375,0.7329287117597529,0.4980909378043158
SmolLM2-360M,17,model.layers.17.mlp.down_proj,2560,3,0.5,6,0.8892759183925049,0.984375,0.8036664121651713,0.4980909378043158
SmolLM2-360M,17,model.layers.17.mlp.down_proj,2560,3,0.5,8,0.9260411509900991,0.99609375,0.8587916114446092,0.4980909378043158
SmolLM2-360M,18,model.layers.18.mlp.down_proj,2560,3,0.1,1,0.10000000000000002,0.09999999999999998,1.3877787807814455e-08,0.3821841164922184
SmolLM2-360M,18,model.layers.18.mlp.down_proj,2560,3,0.1,2,0.14530485567514675,0.18999999999999995,0.5033872852794087,0.3821841164922184
SmolLM2-360M,18,model.layers.18.mlp.down_proj,2560,3,0.1,3,0.17837622549019608,0.2709999999999999,0.45834049994266735,0.3821841164922184
SmolLM2-360M,18,model.layers.18.mlp.down_proj,2560,3,0.1,4,0.20499140471512767,0.3439,0.43046906402266366,0.3821841164922184
SmolLM2-360M,18,model.layers.18.mlp.down_proj,2560,3,0.1,6,0.24697207840236687,0.46855899999999995,0.398774900090262,0.3821841164922184
SmolLM2-360M,18,model.layers.18.mlp.down_proj,2560,3,0.1,8,0.2807549504950495,0.5695327899999999,0.3849676835031043,0.3821841164922184
SmolLM2-360M,18,model.layers.18.mlp.down_proj,2560,3,0.2,1,0.20000000000000004,0.19999999999999996,2.775557561562891e-08,0.3977399260716886
SmolLM2-360M,18,model.layers.18.mlp.down_proj,2560,3,0.2,2,0.2871101394324853,0.3599999999999999,0.5444383714530336,0.3977399260716886
SmolLM2-360M,18,model.layers.18.mlp.down_proj,2560,3,0.2,3,0.34859834558823527,0.4879999999999999,0.5159664777369283,0.3977399260716886
SmolLM2-360M,18,model.layers.18.mlp.down_proj,2560,3,0.2,4,0.39634393418467584,0.5903999999999999,0.5029301592845181,0.3977399260716886
SmolLM2-360M,18,model.layers.18.mlp.down_proj,2560,3,0.2,6,0.46837709566074953,0.7378559999999998,0.4989757400879596,0.3977399260716886
SmolLM2-360M,18,model.layers.18.mlp.down_proj,2560,3,0.2,8,0.5224334777227724,0.8322278399999999,0.5099956966823422,0.3977399260716886
SmolLM2-360M,18,model.layers.18.mlp.down_proj,2560,3,0.3,1,0.29999999999999993,0.30000000000000004,-5.551115123125782e-08,0.42974618738163917
SmolLM2-360M,18,model.layers.18.mlp.down_proj,2560,3,0.3,2,0.4207344667318982,0.51,0.574926032056658,0.42974618738163917
SmolLM2-360M,18,model.layers.18.mlp.down_proj,2560,3,0.3,3,0.5014361213235294,0.657,0.5642468384412589,0.42974618738163917
SmolLM2-360M,18,model.layers.18.mlp.down_proj,2560,3,0.3,4,0.5606136419449902,0.7599,0.5666745856599047,0.42974618738163917
SmolLM2-360M,18,model.layers.18.mlp.down_proj,2560,3,0.3,6,0.6445073656311637,0.882351,0.5915802765534252,0.42974618738163917
SmolLM2-360M,18,model.layers.18.mlp.down_proj,2560,3,0.3,8,0.7026028774752475,0.94235199,0.6267636494365768,0.42974618738163917
SmolLM2-360M,18,model.layers.18.mlp.down_proj,2560,3,0.5,1,0.5,0.5,0.0,0.5107625971342776
SmolLM2-360M,18,model.layers.18.mlp.down_proj,2560,3,0.5,2,0.6627675513698631,0.75,0.6510702054794524,0.5107625971342776
SmolLM2-360M,18,model.layers.18.mlp.down_proj,2560,3,0.5,3,0.753671875,0.875,0.6764583333333333,0.5107625971342776
SmolLM2-360M,18,model.layers.18.mlp.down_proj,2560,3,0.5,4,0.8106781065815325,0.9375,0.7101213864720742,0.5107625971342776
SmolLM2-360M,18,model.layers.18.mlp.down_proj,2560,3,0.5,6,0.8771711661735702,0.984375,0.7786759559712416,0.5107625971342776
SmolLM2-360M,18,model.layers.18.mlp.down_proj,2560,3,0.5,8,0.9145923576732673,0.99609375,0.8357137288532003,0.5107625971342776
SmolLM2-360M,19,model.layers.19.mlp.down_proj,2560,3,0.1,1,0.10000000000000002,0.09999999999999998,1.3877787807814455e-08,0.4131033176906453
SmolLM2-360M,19,model.layers.19.mlp.down_proj,2560,3,0.1,2,0.142114114481409,0.18999999999999995,0.46793460534898923,0.4131033176906453
SmolLM2-360M,19,model.layers.19.mlp.down_proj,2560,3,0.1,3,0.17363817401960785,0.2709999999999999,0.4306325966058941,0.4131033176906453
SmolLM2-360M,19,model.layers.19.mlp.down_proj,2560,3,0.1,4,0.19916809921414538,0.3439,0.4065932727107232,0.4131033176906453
SmolLM2-360M,19,model.layers.19.mlp.down_proj,2560,3,0.1,6,0.2391164324457594,0.46855899999999995,0.3774604132466156,0.4131033176906453
SmolLM2-360M,19,model.layers.19.mlp.down_proj,2560,3,0.1,8,0.27099474009900987,0.5695327899999999,0.3641806147319549,0.4131033176906453
SmolLM2-360M,19,model.layers.19.mlp.down_proj,2560,3,0.2,1,0.20000000000000004,0.19999999999999996,2.775557561562891e-08,0.4148702844647465
SmolLM2-360M,19,model.layers.19.mlp.down_proj,2560,3,0.2,2,0.28351501345401176,0.3599999999999999,0.5219688340875739,0.4148702844647465
SmolLM2-360M,19,model.layers.19.mlp.down_proj,2560,3,0.2,3,0.3440716911764706,0.4879999999999999,0.5002489276960785,0.4148702844647465
SmolLM2-360M,19,model.layers.19.mlp.down_proj,2560,3,0.2,4,0.39136864562868373,0.5903999999999999,0.49018607999150554,0.4148702844647465
SmolLM2-360M,19,model.layers.19.mlp.down_proj,2560,3,0.2,6,0.46313640285996055,0.7378559999999998,0.4892320674306145,0.4148702844647465
SmolLM2-360M,19,model.layers.19.mlp.down_proj,2560,3,0.2,8,0.5174450804455446,0.8322278399999999,0.5021055074789884,0.4148702844647465
SmolLM2-360M,19,model.layers.19.mlp.down_proj,2560,3,0.3,1,0.29999999999999993,0.30000000000000004,-5.551115123125782e-08,0.4365347219189174
SmolLM2-360M,19,model.layers.19.mlp.down_proj,2560,3,0.3,2,0.41855889187866924,0.51,0.5645661518031868,0.4365347219189174
SmolLM2-360M,19,model.layers.19.mlp.down_proj,2560,3,0.3,3,0.4988733149509804,0.657,0.5570681091063877,0.4365347219189174
SmolLM2-360M,19,model.layers.19.mlp.down_proj,2560,3,0.3,4,0.5587472372298625,0.7599,0.5626163018696728,0.4365347219189174
SmolLM2-360M,19,model.layers.19.mlp.down_proj,2560,3,0.3,6,0.6440366124260355,0.882351,0.5907719097692551,0.4365347219189174
SmolLM2-360M,19,model.layers.19.mlp.down_proj,2560,3,0.3,8,0.7034877784653465,0.94235199,0.6281412445929317,0.4365347219189174
SmolLM2-360M,19,model.layers.19.mlp.down_proj,2560,3,0.5,1,0.5,0.5,0.0,0.5135512642694846
SmolLM2-360M,19,model.layers.19.mlp.down_proj,2560,3,0.5,2,0.6613846930039139,0.75,0.6455387720156556,0.5135512642694846
SmolLM2-360M,19,model.layers.19.mlp.down_proj,2560,3,0.5,3,0.7532107843137256,0.875,0.6752287581699349,0.5135512642694846
SmolLM2-360M,19,model.layers.19.mlp.down_proj,2560,3,0.5,4,0.8124401399803537,0.9375,0.7141488913836656,0.5135512642694846
SmolLM2-360M,19,model.layers.19.mlp.down_proj,2560,3,0.5,6,0.8820828710552269,0.984375,0.7888162499204684,0.5135512642694846
SmolLM2-360M,19,model.layers.19.mlp.down_proj,2560,3,0.5,8,0.920647431930693,0.99609375,0.8479192328681685,0.5135512642694846
SmolLM2-360M,20,model.layers.20.mlp.down_proj,2560,3,0.1,1,0.10000000000000002,0.09999999999999998,1.3877787807814455e-08,0.36612449901188715
SmolLM2-360M,20,model.layers.20.mlp.down_proj,2560,3,0.1,2,0.146825311888454,0.18999999999999995,0.5202812432050447,0.36612449901188715
SmolLM2-360M,20,model.layers.20.mlp.down_proj,2560,3,0.1,3,0.1814031862745098,0.2709999999999999,0.47604202499713355,0.36612449901188715
SmolLM2-360M,20,model.layers.20.mlp.down_proj,2560,3,0.1,4,0.20946018541257366,0.3439,0.4487912481040331,0.36612449901188715
SmolLM2-360M,20,model.layers.20.mlp.down_proj,2560,3,0.1,6,0.2541165865384616,0.46855899999999995,0.4181598781700124,0.36612449901188715
SmolLM2-360M,20,model.layers.20.mlp.down_proj,2560,3,0.1,8,0.29032487623762376,0.5695327899999999,0.4053494884513258,0.36612449901188715
SmolLM2-360M,20,model.layers.20.mlp.down_proj,2560,3,0.2,1,0.20000000000000004,0.19999999999999996,2.775557561562891e-08,0.3820234523136394
SmolLM2-360M,20,model.layers.20.mlp.down_proj,2560,3,0.2,2,0.2900807240704501,0.3599999999999999,0.5630045254403135,0.3820234523136394
SmolLM2-360M,20,model.layers.20.mlp.down_proj,2560,3,0.2,3,0.3548904718137255,0.4879999999999999,0.5378141382421027,0.3820234523136394
SmolLM2-360M,20,model.layers.20.mlp.down_proj,2560,3,0.2,4,0.40578339882121806,0.5903999999999999,0.5271091158330381,0.3820234523136394
SmolLM2-360M,20,model.layers.20.mlp.down_proj,2560,3,0.2,6,0.4837362857495069,0.7378559999999998,0.5275320638786347,0.3820234523136394
SmolLM2-360M,20,model.layers.20.mlp.down_proj,2560,3,0.2,8,0.5433176051980197,0.8322278399999999,0.5430282937208519,0.3820234523136394
SmolLM2-360M,20,model.layers.20.mlp.down_proj,2560,3,0.3,1,0.29999999999999993,0.30000000000000004,-5.551115123125782e-08,0.41369372228932133
SmolLM2-360M,20,model.layers.20.mlp.down_proj,2560,3,0.3,2,0.4252216854207437,0.51,0.5962937400987794,0.41369372228932133
SmolLM2-360M,20,model.layers.20.mlp.down_proj,2560,3,0.3,3,0.5108524816176471,0.657,0.5906231978085352,0.41369372228932133
SmolLM2-360M,20,model.layers.20.mlp.down_proj,2560,3,0.3,4,0.5751488826129665,0.7599,0.5982798056381093,0.41369372228932133
SmolLM2-360M,20,model.layers.20.mlp.down_proj,2560,3,0.3,6,0.6670334072978304,0.882351,0.6302614871406256,0.41369372228932133
SmolLM2-360M,20,model.layers.20.mlp.down_proj,2560,3,0.3,8,0.7312407178217821,0.94235199,0.6713464339415872,0.41369372228932133
SmolLM2-360M,20,model.layers.20.mlp.down_proj,2560,3,0.5,1,0.5,0.5,0.0,0.4940931895042459
SmolLM2-360M,20,model.layers.20.mlp.down_proj,2560,3,0.5,2,0.6698561338062622,0.75,0.6794245352250488,0.4940931895042459
SmolLM2-360M,20,model.layers.20.mlp.down_proj,2560,3,0.5,3,0.7662553615196078,0.875,0.7100142973856208,0.4940931895042459
SmolLM2-360M,20,model.layers.20.mlp.down_proj,2560,3,0.5,4,0.8274903303045187,0.9375,0.7485493264103285,0.4940931895042459
SmolLM2-360M,20,model.layers.20.mlp.down_proj,2560,3,0.5,6,0.8980430226824456,0.984375,0.8217662403766619,0.4940931895042459
SmolLM2-360M,20,model.layers.20.mlp.down_proj,2560,3,0.5,8,0.9361347462871287,0.99609375,0.8791377562953145,0.4940931895042459
SmolLM2-360M,21,model.layers.21.mlp.down_proj,2560,3,0.1,1,0.10000000000000002,0.09999999999999998,1.3877787807814455e-08,0.3521840950574251
SmolLM2-360M,21,model.layers.21.mlp.down_proj,2560,3,0.1,2,0.1484084515655577,0.18999999999999995,0.5378716840617526,0.3521840950574251
SmolLM2-360M,21,model.layers.21.mlp.down_proj,2560,3,0.1,3,0.18484757965686271,0.2709999999999999,0.49618467635592256,0.3521840950574251
SmolLM2-360M,21,model.layers.21.mlp.down_proj,2560,3,0.1,4,0.21448612475442044,0.3439,0.46939780547117854,0.3521840950574251
SmolLM2-360M,21,model.layers.21.mlp.down_proj,2560,3,0.1,6,0.2618096646942801,0.46855899999999995,0.43903327471118625,0.3521840950574251
SmolLM2-360M,21,model.layers.21.mlp.down_proj,2560,3,0.1,8,0.30010519801980196,0.5695327899999999,0.4261793899842479,0.3521840950574251
SmolLM2-360M,21,model.layers.21.mlp.down_proj,2560,3,0.2,1,0.20000000000000004,0.19999999999999996,2.775557561562891e-08,0.3687325251640175
SmolLM2-360M,21,model.layers.21.mlp.down_proj,2560,3,0.2,2,0.2929358794031311,0.3599999999999999,0.5808492462695698,0.3687325251640175
SmolLM2-360M,21,model.layers.21.mlp.down_proj,2560,3,0.2,3,0.36016773897058824,0.4879999999999999,0.5561379825367649,0.3687325251640175
SmolLM2-360M,21,model.layers.21.mlp.down_proj,2560,3,0.2,4,0.41310934430255397,0.5903999999999999,0.5458743450372797,0.3687325251640175
SmolLM2-360M,21,model.layers.21.mlp.down_proj,2560,3,0.2,6,0.49433247041420114,0.7378559999999998,0.5472328474799969,0.3687325251640175
SmolLM2-360M,21,model.layers.21.mlp.down_proj,2560,3,0.2,8,0.5564302289603961,0.8322278399999999,0.5637686391038966,0.3687325251640175
SmolLM2-360M,21,model.layers.21.mlp.down_proj,2560,3,0.3,1,0.29999999999999993,0.30000000000000004,-5.551115123125782e-08,0.39596285923454233
SmolLM2-360M,21,model.layers.21.mlp.down_proj,2560,3,0.3,2,0.43056812622309193,0.51,0.6217529820147235,0.39596285923454233
SmolLM2-360M,21,model.layers.21.mlp.down_proj,2560,3,0.3,3,0.5193344056372549,0.657,0.6143820886197615,0.39596285923454233
SmolLM2-360M,21,model.layers.21.mlp.down_proj,2560,3,0.3,4,0.5855322937131632,0.7599,0.6208573466257081,0.39596285923454233
SmolLM2-360M,21,model.layers.21.mlp.down_proj,2560,3,0.3,6,0.6802368404832346,0.882351,0.6529341247516267,0.39596285923454233
SmolLM2-360M,21,model.layers.21.mlp.down_proj,2560,3,0.3,8,0.7457394801980198,0.94235199,0.6939178007341734,0.39596285923454233
SmolLM2-360M,21,model.layers.21.mlp.down_proj,2560,3,0.5,1,0.5,0.5,0.0,0.4818851097442934
SmolLM2-360M,21,model.layers.21.mlp.down_proj,2560,3,0.5,2,0.6753294704011741,0.75,0.7013178816046963,0.4818851097442934
SmolLM2-360M,21,model.layers.21.mlp.down_proj,2560,3,0.5,3,0.7738618259803921,0.875,0.7302982026143789,0.4818851097442934
SmolLM2-360M,21,model.layers.21.mlp.down_proj,2560,3,0.5,4,0.8356458742632613,0.9375,0.7671905697445973,0.4818851097442934
SmolLM2-360M,21,model.layers.21.mlp.down_proj,2560,3,0.5,6,0.9056590544871794,0.984375,0.8374896608767576,0.4818851097442934
SmolLM2-360M,21,model.layers.21.mlp.down_proj,2560,3,0.5,8,0.9422787747524751,0.99609375,0.8915225695797924,0.4818851097442934
SmolLM2-360M,22,model.layers.22.mlp.down_proj,2560,3,0.1,1,0.10000000000000002,0.09999999999999998,1.3877787807814455e-08,0.3848437431758787
SmolLM2-360M,22,model.layers.22.mlp.down_proj,2560,3,0.1,2,0.14491958170254401,0.18999999999999995,0.4991064633616004,0.3848437431758787
SmolLM2-360M,22,model.layers.22.mlp.down_proj,2560,3,0.1,3,0.17674096200980388,0.2709999999999999,0.4487775556128884,0.3848437431758787
SmolLM2-360M,22,model.layers.22.mlp.down_proj,2560,3,0.1,4,0.20158782539292733,0.3439,0.4165142492534946,0.3848437431758787
SmolLM2-360M,22,model.layers.22.mlp.down_proj,2560,3,0.1,6,0.23917575813609465,0.46855899999999995,0.3776213798498874,0.3848437431758787
SmolLM2-360M,22,model.layers.22.mlp.down_proj,2560,3,0.1,8,0.2683230198019802,0.5695327899999999,0.35849044707182265,0.3848437431758787
SmolLM2-360M,22,model.layers.22.mlp.down_proj,2560,3,0.2,1,0.20000000000000004,0.19999999999999996,2.775557561562891e-08,0.40729680473860014
SmolLM2-360M,22,model.layers.22.mlp.down_proj,2560,3,0.2,2,0.2849980124755382,0.3599999999999999,0.531237577972114,0.40729680473860014
SmolLM2-360M,22,model.layers.22.mlp.down_proj,2560,3,0.2,3,0.342578125,0.4879999999999999,0.495062934027778,0.40729680473860014
SmolLM2-360M,22,model.layers.22.mlp.down_proj,2560,3,0.2,4,0.3870955611493124,0.5903999999999999,0.47924067917344365,0.40729680473860014
SmolLM2-360M,22,model.layers.22.mlp.down_proj,2560,3,0.2,6,0.45322978303747535,0.7378559999999998,0.4708133460210082,0.40729680473860014
SmolLM2-360M,22,model.layers.22.mlp.down_proj,2560,3,0.2,8,0.5027436571782178,0.8322278399999999,0.47885214478726185,0.40729680473860014
SmolLM2-360M,22,model.layers.22.mlp.down_proj,2560,3,0.3,1,0.29999999999999993,0.30000000000000004,-5.551115123125782e-08,0.43182865410592675
SmolLM2-360M,22,model.layers.22.mlp.down_proj,2560,3,0.3,2,0.4199226394324853,0.51,0.5710601877737396,0.43182865410592675
SmolLM2-360M,22,model.layers.22.mlp.down_proj,2560,3,0.3,3,0.4987783394607843,0.657,0.5568020713187235,0.43182865410592675
SmolLM2-360M,22,model.layers.22.mlp.down_proj,2560,3,0.3,4,0.5571908767190571,0.7599,0.5592321737748578,0.43182865410592675
SmolLM2-360M,22,model.layers.22.mlp.down_proj,2560,3,0.3,6,0.639534023668639,0.882351,0.583040165928519,0.43182865410592675
SmolLM2-360M,22,model.layers.22.mlp.down_proj,2560,3,0.3,8,0.6975850866336633,0.94235199,0.6189520587204271,0.43182865410592675
SmolLM2-360M,22,model.layers.22.mlp.down_proj,2560,3,0.5,1,0.5,0.5,0.0,0.5047168026220654
SmolLM2-360M,22,model.layers.22.mlp.down_proj,2560,3,0.5,2,0.6652144997553816,0.75,0.6608579990215264,0.5047168026220654
SmolLM2-360M,22,model.layers.22.mlp.down_proj,2560,3,0.5,3,0.7576271446078431,0.875,0.6870057189542482,0.5047168026220654
SmolLM2-360M,22,model.layers.22.mlp.down_proj,2560,3,0.5,4,0.8168053167976425,0.9375,0.7241264383946113,0.5047168026220654
SmolLM2-360M,22,model.layers.22.mlp.down_proj,2560,3,0.5,6,0.8861093133629191,0.984375,0.7971289050073168,0.5047168026220654
SmolLM2-360M,22,model.layers.22.mlp.down_proj,2560,3,0.5,8,0.9245645111386138,0.99609375,0.8558150775707491,0.5047168026220654
SmolLM2-360M,23,model.layers.23.mlp.down_proj,2560,3,0.1,1,0.10000000000000002,0.09999999999999998,1.3877787807814455e-08,0.37000829726360385
SmolLM2-360M,23,model.layers.23.mlp.down_proj,2560,3,0.1,2,0.1463207864481409,0.18999999999999995,0.5146754049793435,0.37000829726360385
SmolLM2-360M,23,model.layers.23.mlp.down_proj,2560,3,0.1,3,0.1796047794117647,0.2709999999999999,0.46552502579979377,0.37000829726360385
SmolLM2-360M,23,model.layers.23.mlp.down_proj,2560,3,0.1,4,0.20607655943025538,0.3439,0.4349182428464755,0.37000829726360385
SmolLM2-360M,23,model.layers.23.mlp.down_proj,2560,3,0.1,6,0.24776334442800793,0.46855899999999995,0.4009218182923438,0.37000829726360385
SmolLM2-360M,23,model.layers.23.mlp.down_proj,2560,3,0.1,8,0.2806984839108911,0.5695327899999999,0.3848474222873574,0.37000829726360385
SmolLM2-360M,23,model.layers.23.mlp.down_proj,2560,3,0.2,1,0.20000000000000004,0.19999999999999996,2.775557561562891e-08,0.37295983653386605
SmolLM2-360M,23,model.layers.23.mlp.down_proj,2560,3,0.2,2,0.29184579867906063,0.3599999999999999,0.5740362417441294,0.37295983653386605
SmolLM2-360M,23,model.layers.23.mlp.down_proj,2560,3,0.2,3,0.35629212622549017,0.4879999999999999,0.5426809938385078,0.37295983653386605
SmolLM2-360M,23,model.layers.23.mlp.down_proj,2560,3,0.2,4,0.4066083926817289,0.5903999999999999,0.5292223173200024,0.37295983653386605
SmolLM2-360M,23,model.layers.23.mlp.down_proj,2560,3,0.2,6,0.48363150271203154,0.7378559999999998,0.5273372477243566,0.37295983653386605
SmolLM2-360M,23,model.layers.23.mlp.down_proj,2560,3,0.2,8,0.5422439665841585,0.8322278399999999,0.5413301106514996,0.37295983653386605
SmolLM2-360M,23,model.layers.23.mlp.down_proj,2560,3,0.3,1,0.29999999999999993,0.30000000000000004,-5.551115123125782e-08,0.3960588589275291
SmolLM2-360M,23,model.layers.23.mlp.down_proj,2560,3,0.3,2,0.4303464408023483,0.51,0.6206973371540395,0.3960588589275291
SmolLM2-360M,23,model.layers.23.mlp.down_proj,2560,3,0.3,3,0.5175022977941177,0.657,0.6092501338770804,0.3960588589275291
SmolLM2-360M,23,model.layers.23.mlp.down_proj,2560,3,0.3,4,0.5821018541257367,0.7599,0.6133982477184968,0.3960588589275291
SmolLM2-360M,23,model.layers.23.mlp.down_proj,2560,3,0.3,6,0.6741440150394478,0.882351,0.642471662347017,0.3960588589275291
SmolLM2-360M,23,model.layers.23.mlp.down_proj,2560,3,0.3,8,0.7379586943069307,0.94235199,0.6818048377291253,0.3960588589275291
SmolLM2-360M,23,model.layers.23.mlp.down_proj,2560,3,0.5,1,0.5,0.5,0.0,0.4767132966640515
SmolLM2-360M,23,model.layers.23.mlp.down_proj,2560,3,0.5,2,0.6776151235322896,0.75,0.7104604941291583,0.4767132966640515
SmolLM2-360M,23,model.layers.23.mlp.down_proj,2560,3,0.5,3,0.7756295955882354,0.875,0.7350122549019611,0.4767132966640515
SmolLM2-360M,23,model.layers.23.mlp.down_proj,2560,3,0.5,4,0.8369459111001966,0.9375,0.770162082514735,0.4767132966640515
SmolLM2-360M,23,model.layers.23.mlp.down_proj,2560,3,0.5,6,0.906112857495069,0.984375,0.8384265445059489,0.4767132966640515
SmolLM2-360M,23,model.layers.23.mlp.down_proj,2560,3,0.5,8,0.9420103650990099,0.99609375,0.8909815233491853,0.4767132966640515
SmolLM2-360M,24,model.layers.24.mlp.down_proj,2560,3,0.1,1,0.10000000000000002,0.09999999999999998,1.3877787807814455e-08,0.2770585413855688
SmolLM2-360M,24,model.layers.24.mlp.down_proj,2560,3,0.1,2,0.1567973336594912,0.18999999999999995,0.631081485105458,0.2770585413855688
SmolLM2-360M,24,model.layers.24.mlp.down_proj,2560,3,0.1,3,0.19977481617647058,0.2709999999999999,0.5834784571723429,0.2770585413855688
SmolLM2-360M,24,model.layers.24.mlp.down_proj,2560,3,0.1,4,0.2349467399312377,0.3439,0.5532871665897405,0.2770585413855688
SmolLM2-360M,24,model.layers.24.mlp.down_proj,2560,3,0.1,6,0.2925989275147929,0.46855899999999995,0.5225728513339598,0.2770585413855688
SmolLM2-360M,24,model.layers.24.mlp.down_proj,2560,3,0.1,8,0.33936185024752474,0.5695327899999999,0.5097872935509462,0.2770585413855688
SmolLM2-360M,24,model.layers.24.mlp.down_proj,2560,3,0.2,1,0.20000000000000004,0.19999999999999996,2.775557561562891e-08,0.28629046341705366
SmolLM2-360M,24,model.layers.24.mlp.down_proj,2560,3,0.2,2,0.31122339774951074,0.3599999999999999,0.6951462359344427,0.28629046341705366
SmolLM2-360M,24,model.layers.24.mlp.down_proj,2560,3,0.2,3,0.3931770833333333,0.4879999999999999,0.6707537615740742,0.28629046341705366
SmolLM2-360M,24,model.layers.24.mlp.down_proj,2560,3,0.2,4,0.45749401399803535,0.5903999999999999,0.6595645850359513,0.28629046341705366
SmolLM2-360M,24,model.layers.24.mlp.down_proj,2560,3,0.2,6,0.5553631964990138,0.7378559999999998,0.6607032300448704,0.28629046341705366
SmolLM2-360M,24,model.layers.24.mlp.down_proj,2560,3,0.2,8,0.6273251856435644,0.8322278399999999,0.6759037780486928,0.28629046341705366
SmolLM2-360M,24,model.layers.24.mlp.down_proj,2560,3,0.3,1,0.29999999999999993,0.30000000000000004,-5.551115123125782e-08,0.31774683661748426
SmolLM2-360M,24,model.layers.24.mlp.down_proj,2560,3,0.3,2,0.4556101700097847,0.51,0.7410008095704034,0.31774683661748426
SmolLM2-360M,24,model.layers.24.mlp.down_proj,2560,3,0.3,3,0.5611159620098038,0.657,0.7314172605316633,0.31774683661748426
SmolLM2-360M,24,model.layers.24.mlp.down_proj,2560,3,0.3,4,0.6380410424852652,0.7599,0.735031620972527,0.31774683661748426
SmolLM2-360M,24,model.layers.24.mlp.down_proj,2560,3,0.3,6,0.7440373828895464,0.882351,0.7624909769014672,0.31774683661748426
SmolLM2-360M,24,model.layers.24.mlp.down_proj,2560,3,0.3,8,0.8123027537128713,0.94235199,0.7975420979280708,0.31774683661748426
SmolLM2-360M,24,model.layers.24.mlp.down_proj,2560,3,0.5,1,0.5,0.5,0.0,0.4230400579794565
SmolLM2-360M,24,model.layers.24.mlp.down_proj,2560,3,0.5,2,0.7029170743639922,0.75,0.8116682974559688,0.4230400579794565
SmolLM2-360M,24,model.layers.24.mlp.down_proj,2560,3,0.5,3,0.8112063419117648,0.875,0.8298835784313727,0.4230400579794565
SmolLM2-360M,24,model.layers.24.mlp.down_proj,2560,3,0.5,4,0.8743185166994106,0.9375,0.8555851810272243,0.4230400579794565
SmolLM2-360M,24,model.layers.24.mlp.down_proj,2560,3,0.5,6,0.9392073471400395,0.984375,0.9067506521600815,0.4230400579794565
SmolLM2-360M,24,model.layers.24.mlp.down_proj,2560,3,0.5,8,0.9682758353960396,0.99609375,0.9439260933967412,0.4230400579794565
SmolLM2-360M,25,model.layers.25.mlp.down_proj,2560,3,0.1,1,0.10000000000000002,0.09999999999999998,1.3877787807814455e-08,0.23995350095442233
SmolLM2-360M,25,model.layers.25.mlp.down_proj,2560,3,0.1,2,0.16158650318003911,0.18999999999999995,0.6842944797782128,0.23995350095442233
SmolLM2-360M,25,model.layers.25.mlp.down_proj,2560,3,0.1,3,0.20815180759803925,0.2709999999999999,0.632466711099645,0.23995350095442233
SmolLM2-360M,25,model.layers.25.mlp.down_proj,2560,3,0.1,4,0.24612291257367386,0.3439,0.5991099326513893,0.23995350095442233
SmolLM2-360M,25,model.layers.25.mlp.down_proj,2560,3,0.1,6,0.30768075073964496,0.46855899999999995,0.5634939066462764,0.23995350095442233
SmolLM2-360M,25,model.layers.25.mlp.down_proj,2560,3,0.1,8,0.3576608910891089,0.5695327899999999,0.5487601645225012,0.23995350095442233
SmolLM2-360M,25,model.layers.25.mlp.down_proj,2560,3,0.2,1,0.20000000000000004,0.19999999999999996,2.775557561562891e-08,0.26341166971818747
SmolLM2-360M,25,model.layers.25.mlp.down_proj,2560,3,0.2,2,0.31693676614481403,0.3599999999999999,0.7308547884050882,0.26341166971818747
SmolLM2-360M,25,model.layers.25.mlp.down_proj,2560,3,0.2,3,0.40230238970588234,0.4879999999999999,0.7024388531454251,0.26341166971818747
SmolLM2-360M,25,model.layers.25.mlp.down_proj,2560,3,0.2,4,0.4693723907170923,0.5903999999999999,0.6899907549105849,0.26341166971818747
SmolLM2-360M,25,model.layers.25.mlp.down_proj,2560,3,0.2,6,0.5720915002465483,0.7378559999999998,0.6918050560866633,0.26341166971818747
SmolLM2-360M,25,model.layers.25.mlp.down_proj,2560,3,0.2,8,0.6474984529702971,0.8322278399999999,0.7078120017149152,0.26341166971818747
SmolLM2-360M,25,model.layers.25.mlp.down_proj,2560,3,0.3,1,0.29999999999999993,0.30000000000000004,-5.551115123125782e-08,0.29951324943934704
SmolLM2-360M,25,model.layers.25.mlp.down_proj,2560,3,0.3,2,0.46208873532289635,0.51,0.7718511205852207,0.29951324943934704
SmolLM2-360M,25,model.layers.25.mlp.down_proj,2560,3,0.3,3,0.5715234375,0.657,0.7605698529411764,0.29951324943934704
SmolLM2-360M,25,model.layers.25.mlp.down_proj,2560,3,0.3,4,0.6510951313850688,0.7599,0.7634162456731219,0.29951324943934704
SmolLM2-360M,25,model.layers.25.mlp.down_proj,2560,3,0.3,6,0.7609698594674557,0.882351,0.7915670437029483,0.29951324943934704
SmolLM2-360M,25,model.layers.25.mlp.down_proj,2560,3,0.3,8,0.8308663366336633,0.94235199,0.8264414914222701,0.29951324943934704
SmolLM2-360M,25,model.layers.25.mlp.down_proj,2560,3,0.5,1,0.5,0.5,0.0,0.40919091988978046
SmolLM2-360M,25,model.layers.25.mlp.down_proj,2560,3,0.5,2,0.7098390105185909,0.75,0.8393560420743635,0.40919091988978046
SmolLM2-360M,25,model.layers.25.mlp.down_proj,2560,3,0.5,3,0.8202711397058824,0.875,0.8540563725490197,0.40919091988978046
SmolLM2-360M,25,model.layers.25.mlp.down_proj,2560,3,0.5,4,0.8842368614931239,0.9375,0.8782556834128545,0.40919091988978046
SmolLM2-360M,25,model.layers.25.mlp.down_proj,2560,3,0.5,6,0.9482841777613412,0.984375,0.9254899153782529,0.40919091988978046
SmolLM2-360M,25,model.layers.25.mlp.down_proj,2560,3,0.5,8,0.9755607982673268,0.99609375,0.9586107429640602,0.40919091988978046
SmolLM2-360M,26,model.layers.26.mlp.down_proj,2560,3,0.1,1,0.10000000000000002,0.09999999999999998,1.3877787807814455e-08,0.20294583557544787
SmolLM2-360M,26,model.layers.26.mlp.down_proj,2560,3,0.1,2,0.16645211594911935,0.18999999999999995,0.7383568438791043,0.20294583557544787
SmolLM2-360M,26,model.layers.26.mlp.down_proj,2560,3,0.1,3,0.21816789215686275,0.2709999999999999,0.6910403050108936,0.20294583557544787
SmolLM2-360M,26,model.layers.26.mlp.down_proj,2560,3,0.1,4,0.26102652259332026,0.3439,0.660215344786061,0.20294583557544787
SmolLM2-360M,26,model.layers.26.mlp.down_proj,2560,3,0.1,6,0.33105738412228797,0.46855899999999995,0.6269210197615253,0.20294583557544787
SmolLM2-360M,26,model.layers.26.mlp.down_proj,2560,3,0.1,8,0.38735922029702974,0.5695327899999999,0.6120109743496931,0.20294583557544787
SmolLM2-360M,26,model.layers.26.mlp.down_proj,2560,3,0.2,1,0.20000000000000004,0.19999999999999996,2.775557561562891e-08,0.2358998136757766
SmolLM2-360M,26,model.layers.26.mlp.down_proj,2560,3,0.2,2,0.3239473764677104,0.3599999999999999,0.7746711029231904,0.2358998136757766
SmolLM2-360M,26,model.layers.26.mlp.down_proj,2560,3,0.2,3,0.41503446691176465,0.4879999999999999,0.7466474545547387,0.2358998136757766
SmolLM2-360M,26,model.layers.26.mlp.down_proj,2560,3,0.2,4,0.4866957269155206,0.5903999999999999,0.734364054599182,0.2358998136757766
SmolLM2-360M,26,model.layers.26.mlp.down_proj,2560,3,0.2,6,0.5948648607001973,0.7378559999999998,0.7341460552642294,0.2358998136757766
SmolLM2-360M,26,model.layers.26.mlp.down_proj,2560,3,0.2,8,0.6734893254950496,0.8322278399999999,0.7489219796063546,0.2358998136757766
SmolLM2-360M,26,model.layers.26.mlp.down_proj,2560,3,0.3,1,0.29999999999999993,0.30000000000000004,-5.551115123125782e-08,0.27903988601317337
SmolLM2-360M,26,model.layers.26.mlp.down_proj,2560,3,0.3,2,0.4694043542074364,0.51,0.8066874009877925,0.27903988601317337
SmolLM2-360M,26,model.layers.26.mlp.down_proj,2560,3,0.3,3,0.5831456801470588,0.657,0.793125154473554,0.27903988601317337
SmolLM2-360M,26,model.layers.26.mlp.down_proj,2560,3,0.3,4,0.665639581286837,0.7599,0.7950414900779234,0.27903988601317337
SmolLM2-360M,26,model.layers.26.mlp.down_proj,2560,3,0.3,6,0.7769762389053253,0.882351,0.8190528373872892,0.27903988601317337
SmolLM2-360M,26,model.layers.26.mlp.down_proj,2560,3,0.3,8,0.8468773205445544,0.94235199,0.8513670527346766,0.27903988601317337
SmolLM2-360M,26,model.layers.26.mlp.down_proj,2560,3,0.5,1,0.5,0.5,0.0,0.39826451217396047
SmolLM2-360M,26,model.layers.26.mlp.down_proj,2560,3,0.5,2,0.7153398666829746,0.75,0.8613594667318982,0.39826451217396047
SmolLM2-360M,26,model.layers.26.mlp.down_proj,2560,3,0.5,3,0.8274034926470587,0.875,0.8730759803921565,0.39826451217396047
SmolLM2-360M,26,model.layers.26.mlp.down_proj,2560,3,0.5,4,0.8909473231827112,0.9375,0.8935938815604827,0.39826451217396047
SmolLM2-360M,26,model.layers.26.mlp.down_proj,2560,3,0.5,6,0.9534555288461538,0.984375,0.9361662531017368,0.39826451217396047
SmolLM2-360M,26,model.layers.26.mlp.down_proj,2560,3,0.5,8,0.9786703279702971,0.99609375,0.9648787713417012,0.39826451217396047
SmolLM2-360M,27,model.layers.27.mlp.down_proj,2560,3,0.1,1,0.10000000000000002,0.09999999999999998,1.3877787807814455e-08,0.2125626170504476
SmolLM2-360M,27,model.layers.27.mlp.down_proj,2560,3,0.1,2,0.1652274951076321,0.18999999999999995,0.7247499456403571,0.2125626170504476
SmolLM2-360M,27,model.layers.27.mlp.down_proj,2560,3,0.1,3,0.21517003676470586,0.2709999999999999,0.6735089869281048,0.2125626170504476
SmolLM2-360M,27,model.layers.27.mlp.down_proj,2560,3,0.1,4,0.25641806851669946,0.3439,0.6413204941234091,0.2125626170504476
SmolLM2-360M,27,model.layers.27.mlp.down_proj,2560,3,0.1,6,0.3243967270710059,0.46855899999999995,0.6088488602123566,0.2125626170504476
SmolLM2-360M,27,model.layers.27.mlp.down_proj,2560,3,0.1,8,0.37977336014851487,0.5695327899999999,0.5958547860917549,0.2125626170504476
SmolLM2-360M,27,model.layers.27.mlp.down_proj,2560,3,0.2,1,0.20000000000000004,0.19999999999999996,2.775557561562891e-08,0.24158148104986912
SmolLM2-360M,27,model.layers.27.mlp.down_proj,2560,3,0.2,2,0.3225316475048924,0.3599999999999999,0.765822796905578,0.24158148104986912
SmolLM2-360M,27,model.layers.27.mlp.down_proj,2560,3,0.2,3,0.4119148284313726,0.4879999999999999,0.7358153764978219,0.24158148104986912
SmolLM2-360M,27,model.layers.27.mlp.down_proj,2560,3,0.2,4,0.48280866281925344,0.5903999999999999,0.724407435500137,0.24158148104986912
SmolLM2-360M,27,model.layers.27.mlp.down_proj,2560,3,0.2,6,0.5905125123274162,0.7378559999999998,0.7260540225030794,0.24158148104986912
SmolLM2-360M,27,model.layers.27.mlp.down_proj,2560,3,0.2,8,0.6695413056930694,0.8322278399999999,0.7426773640544988,0.24158148104986912
SmolLM2-360M,27,model.layers.27.mlp.down_proj,2560,3,0.3,1,0.29999999999999993,0.30000000000000004,-5.551115123125782e-08,0.28179580564784606
SmolLM2-360M,27,model.layers.27.mlp.down_proj,2560,3,0.3,2,0.4684319960861057,0.51,0.8020571242195509,0.28179580564784606
SmolLM2-360M,27,model.layers.27.mlp.down_proj,2560,3,0.3,3,0.5820266544117647,0.657,0.7899906286043828,0.28179580564784606
SmolLM2-360M,27,model.layers.27.mlp.down_proj,2560,3,0.3,4,0.6649036100196464,0.7599,0.7934412046524165,0.28179580564784606
SmolLM2-360M,27,model.layers.27.mlp.down_proj,2560,3,0.3,6,0.7768699149408284,0.882351,0.8188702602740071,0.28179580564784606
SmolLM2-360M,27,model.layers.27.mlp.down_proj,2560,3,0.3,8,0.8468355507425742,0.94235199,0.8513020263898834,0.28179580564784606
SmolLM2-360M,27,model.layers.27.mlp.down_proj,2560,3,0.5,1,0.5,0.5,0.0,0.39837755794142454
SmolLM2-360M,27,model.layers.27.mlp.down_proj,2560,3,0.5,2,0.7153276357632093,0.75,0.8613105430528374,0.39837755794142454
SmolLM2-360M,27,model.layers.27.mlp.down_proj,2560,3,0.5,3,0.8279794730392157,0.875,0.8746119281045752,0.39837755794142454
SmolLM2-360M,27,model.layers.27.mlp.down_proj,2560,3,0.5,4,0.8922158951375244,0.9375,0.8964934746000558,0.39837755794142454
SmolLM2-360M,27,model.layers.27.mlp.down_proj,2560,3,0.5,6,0.9552175788954635,0.984375,0.9398040338486989,0.39837755794142454
SmolLM2-360M,27,model.layers.27.mlp.down_proj,2560,3,0.5,8,0.9802397896039603,0.99609375,0.9680424105402664,0.39837755794142454
SmolLM2-360M,28,model.layers.28.mlp.down_proj,2560,3,0.1,1,0.10000000000000002,0.09999999999999998,1.3877787807814455e-08,0.24899198915812804
SmolLM2-360M,28,model.layers.28.mlp.down_proj,2560,3,0.1,2,0.16034735812133072,0.18999999999999995,0.6705262013481195,0.24899198915812804
SmolLM2-360M,28,model.layers.28.mlp.down_proj,2560,3,0.1,3,0.20573912377450979,0.2709999999999999,0.6183574489737418,0.24899198915812804
SmolLM2-360M,28,model.layers.28.mlp.down_proj,2560,3,0.1,4,0.2428620763752456,0.3439,0.5857403705422124,0.24899198915812804
SmolLM2-360M,28,model.layers.28.mlp.down_proj,2560,3,0.1,6,0.3030017258382643,0.46855899999999995,0.5507984497414642,0.24899198915812804
SmolLM2-360M,28,model.layers.28.mlp.down_proj,2560,3,0.1,8,0.3525409962871287,0.5695327899999999,0.5378559318234808,0.24899198915812804
SmolLM2-360M,28,model.layers.28.mlp.down_proj,2560,3,0.2,1,0.20000000000000004,0.19999999999999996,2.775557561562891e-08,0.2632330491084947
SmolLM2-360M,28,model.layers.28.mlp.down_proj,2560,3,0.2,2,0.31692453522504893,0.3599999999999999,0.7307783451565564,0.2632330491084947
SmolLM2-360M,28,model.layers.28.mlp.down_proj,2560,3,0.2,3,0.40222196691176476,0.4879999999999999,0.7021596073325168,0.2632330491084947
SmolLM2-360M,28,model.layers.28.mlp.down_proj,2560,3,0.2,4,0.46990806114931233,0.5903999999999999,0.6913628615504928,0.2632330491084947
SmolLM2-360M,28,model.layers.28.mlp.down_proj,2560,3,0.2,6,0.5737395216962525,0.7378559999999998,0.694869113101374,0.2632330491084947
SmolLM2-360M,28,model.layers.28.mlp.down_proj,2560,3,0.2,8,0.649846844059406,0.8322278399999999,0.7115264713104156,0.2632330491084947
SmolLM2-360M,28,model.layers.28.mlp.down_proj,2560,3,0.3,1,0.29999999999999993,0.30000000000000004,-5.551115123125782e-08,0.29869646695889035
SmolLM2-360M,28,model.layers.28.mlp.down_proj,2560,3,0.3,2,0.4623249449608611,0.51,0.7729759283850527,0.29869646695889035
SmolLM2-360M,28,model.layers.28.mlp.down_proj,2560,3,0.3,3,0.5721208639705881,0.657,0.7622433164442245,0.29869646695889035
SmolLM2-360M,28,model.layers.28.mlp.down_proj,2560,3,0.3,4,0.6526676080550098,0.7599,0.766835416514481,0.29869646695889035
SmolLM2-360M,28,model.layers.28.mlp.down_proj,2560,3,0.3,6,0.7630909455128205,0.882351,0.7952093248106734,0.29869646695889035
SmolLM2-360M,28,model.layers.28.mlp.down_proj,2560,3,0.3,8,0.8327405631188118,0.94235199,0.8293592475969627,0.29869646695889035
SmolLM2-360M,28,model.layers.28.mlp.down_proj,2560,3,0.5,1,0.5,0.5,0.0,0.40730965204731456
SmolLM2-360M,28,model.layers.28.mlp.down_proj,2560,3,0.5,2,0.7107800269080234,0.75,0.8431201076320938,0.40730965204731456
SmolLM2-360M,28,model.layers.28.mlp.down_proj,2560,3,0.5,3,0.8225781249999999,0.875,0.8602083333333331,0.40730965204731456
SmolLM2-360M,28,model.layers.28.mlp.down_proj,2560,3,0.5,4,0.8876565569744597,0.9375,0.8860721302273363,0.40730965204731456
SmolLM2-360M,28,model.layers.28.mlp.down_proj,2560,3,0.5,6,0.9517212154832346,0.984375,0.932585735191194,0.40730965204731456
SmolLM2-360M,28,model.layers.28.mlp.down_proj,2560,3,0.5,8,0.977866646039604,0.99609375,0.9632587510719578,0.40730965204731456
SmolLM2-360M,29,model.layers.29.mlp.down_proj,2560,3,0.1,1,0.10000000000000002,0.09999999999999998,1.3877787807814455e-08,0.24774460216793245
SmolLM2-360M,29,model.layers.29.mlp.down_proj,2560,3,0.1,2,0.16052547089041097,0.18999999999999995,0.6725052321156778,0.24774460216793245
SmolLM2-360M,29,model.layers.29.mlp.down_proj,2560,3,0.1,3,0.20566789215686274,0.2709999999999999,0.6179408898062152,0.24774460216793245
SmolLM2-360M,29,model.layers.29.mlp.down_proj,2560,3,0.1,4,0.24217445358546172,0.3439,0.5829210889112821,0.24774460216793245
SmolLM2-360M,29,model.layers.29.mlp.down_proj,2560,3,0.1,6,0.3008444280078895,0.46855899999999995,0.5449451187133934,0.24774460216793245
SmolLM2-360M,29,model.layers.29.mlp.down_proj,2560,3,0.1,8,0.3483261138613862,0.5695327899999999,0.5288791734042392,0.24774460216793245
SmolLM2-360M,29,model.layers.29.mlp.down_proj,2560,3,0.2,1,0.20000000000000004,0.19999999999999996,2.775557561562891e-08,0.2792427947060272
SmolLM2-360M,29,model.layers.29.mlp.down_proj,2560,3,0.2,2,0.3130098764677104,0.3599999999999999,0.7063117279231905,0.2792427947060272
SmolLM2-360M,29,model.layers.29.mlp.down_proj,2560,3,0.2,3,0.3936764705882353,0.4879999999999999,0.6724877450980394,0.2792427947060272
SmolLM2-360M,29,model.layers.29.mlp.down_proj,2560,3,0.2,4,0.4561694192043222,0.5903999999999999,0.6561716680438582,0.2792427947060272
SmolLM2-360M,29,model.layers.29.mlp.down_proj,2560,3,0.2,6,0.5520887265779092,0.7378559999999998,0.654615225223683,0.2792427947060272
SmolLM2-360M,29,model.layers.29.mlp.down_proj,2560,3,0.2,8,0.6234498762376238,0.8322278399999999,0.6697741691312168,0.2792427947060272
SmolLM2-360M,29,model.layers.29.mlp.down_proj,2560,3,0.3,1,0.29999999999999993,0.30000000000000004,-5.551115123125782e-08,0.3152920734601751
SmolLM2-360M,29,model.layers.29.mlp.down_proj,2560,3,0.3,2,0.4565473642367906,0.51,0.7454636392228123,0.3152920734601751
SmolLM2-360M,29,model.layers.29.mlp.down_proj,2560,3,0.3,3,0.5606372549019609,0.657,0.7300763442631958,0.3152920734601751
SmolLM2-360M,29,model.layers.29.mlp.down_proj,2560,3,0.3,4,0.6367133779469548,0.7599,0.7321447661381927,0.3152920734601751
SmolLM2-360M,29,model.layers.29.mlp.down_proj,2560,3,0.3,6,0.7422999876725839,0.882351,0.7595075610286303,0.3152920734601751
SmolLM2-360M,29,model.layers.29.mlp.down_proj,2560,3,0.3,8,0.8112546410891089,0.94235199,0.7959104183503953,0.3152920734601751
SmolLM2-360M,29,model.layers.29.mlp.down_proj,2560,3,0.5,1,0.5,0.5,0.0,0.41801836932186515
SmolLM2-360M,29,model.layers.29.mlp.down_proj,2560,3,0.5,2,0.7054985628669276,0.75,0.8219942514677103,0.41801836932186515
SmolLM2-360M,29,model.layers.29.mlp.down_proj,2560,3,0.5,3,0.8140441176470588,0.875,0.8374509803921567,0.41801836932186515
SmolLM2-360M,29,model.layers.29.mlp.down_proj,2560,3,0.5,4,0.8780950699901768,0.9375,0.8642173028346899,0.41801836932186515
SmolLM2-360M,29,model.layers.29.mlp.down_proj,2560,3,0.5,6,0.9437677206607495,0.984375,0.916165616847999,0.41801836932186515
SmolLM2-360M,29,model.layers.29.mlp.down_proj,2560,3,0.5,8,0.9722694925742574,0.99609375,0.951976299992204,0.41801836932186515
SmolLM2-360M,30,model.layers.30.mlp.down_proj,2560,3,0.1,1,0.10000000000000002,0.09999999999999998,1.3877787807814455e-08,0.28011464646114587
SmolLM2-360M,30,model.layers.30.mlp.down_proj,2560,3,0.1,2,0.15648620963796475,0.18999999999999995,0.627624551532942,0.28011464646114587
SmolLM2-360M,30,model.layers.30.mlp.down_proj,2560,3,0.1,3,0.19801776960784312,0.2709999999999999,0.5732033310400185,0.28011464646114587
SmolLM2-360M,30,model.layers.30.mlp.down_proj,2560,3,0.1,4,0.2309514673379175,0.3439,0.5369063851493132,0.28011464646114587
SmolLM2-360M,30,model.layers.30.mlp.down_proj,2560,3,0.1,6,0.284045241617357,0.46855899999999995,0.49936439380765907,0.28011464646114587
SmolLM2-360M,30,model.layers.30.mlp.down_proj,2560,3,0.1,8,0.3260318688118811,0.5695327899999999,0.48139740956511506,0.28011464646114587
SmolLM2-360M,30,model.layers.30.mlp.down_proj,2560,3,0.2,1,0.20000000000000004,0.19999999999999996,2.775557561562891e-08,0.3164388646380713
SmolLM2-360M,30,model.layers.30.mlp.down_proj,2560,3,0.2,2,0.3042066719667319,0.3599999999999999,0.6512916997920749,0.3164388646380713
SmolLM2-360M,30,model.layers.30.mlp.down_proj,2560,3,0.2,3,0.375640318627451,0.4879999999999999,0.6098622174564273,0.3164388646380713
SmolLM2-360M,30,model.layers.30.mlp.down_proj,2560,3,0.2,4,0.4298501964636542,0.5903999999999999,0.5887556261876389,0.3164388646380713
SmolLM2-360M,30,model.layers.30.mlp.down_proj,2560,3,0.2,6,0.5113319773175543,0.7378559999999998,0.5788389035681565,0.3164388646380713
SmolLM2-360M,30,model.layers.30.mlp.down_proj,2560,3,0.2,8,0.5718332301980198,0.8322278399999999,0.5881316934699046,0.3164388646380713
SmolLM2-360M,30,model.layers.30.mlp.down_proj,2560,3,0.3,1,0.29999999999999993,0.30000000000000004,-5.551115123125782e-08,0.35232764097351743
SmolLM2-360M,30,model.layers.30.mlp.down_proj,2560,3,0.3,2,0.4441222786203522,0.51,0.68629656485882,0.35232764097351743
SmolLM2-360M,30,model.layers.30.mlp.down_proj,2560,3,0.3,3,0.5378255208333333,0.657,0.6661779295051354,0.35232764097351743
SmolLM2-360M,30,model.layers.30.mlp.down_proj,2560,3,0.3,4,0.6055823305500981,0.7599,0.6644538607308069,0.35232764097351743
SmolLM2-360M,30,model.layers.30.mlp.down_proj,2560,3,0.3,6,0.7000539324457593,0.882351,0.6869635880178093,0.35232764097351743
SmolLM2-360M,30,model.layers.30.mlp.down_proj,2560,3,0.3,8,0.7649814356435644,0.94235199,0.7238732702354737,0.35232764097351743
SmolLM2-360M,30,model.layers.30.mlp.down_proj,2560,3,0.5,1,0.5,0.5,0.0,0.44417825708397524
SmolLM2-360M,30,model.layers.30.mlp.down_proj,2560,3,0.5,2,0.6927998104207437,0.75,0.7711992416829747,0.44417825708397524
SmolLM2-360M,30,model.layers.30.mlp.down_proj,2560,3,0.5,3,0.7970503982843137,0.875,0.7921343954248364,0.44417825708397524
SmolLM2-360M,30,model.layers.30.mlp.down_proj,2560,3,0.5,4,0.8598193455304518,0.9375,0.8224442183553184,0.44417825708397524
SmolLM2-360M,30,model.layers.30.mlp.down_proj,2560,3,0.5,6,0.9285017566568048,0.984375,0.8846487879366293,0.44417825708397524
SmolLM2-360M,30,model.layers.30.mlp.down_proj,2560,3,0.5,8,0.9613111076732673,0.99609375,0.929886957199657,0.44417825708397524
SmolLM2-360M,31,model.layers.31.mlp.down_proj,2560,3,0.1,1,0.10000000000000002,0.09999999999999998,1.3877787807814455e-08,0.40801496593728065
SmolLM2-360M,31,model.layers.31.mlp.down_proj,2560,3,0.1,2,0.14234191536203522,0.18999999999999995,0.470465726244836,0.40801496593728065
SmolLM2-360M,31,model.layers.31.mlp.down_proj,2560,3,0.1,3,0.17174862132352942,0.2709999999999999,0.4195825808393535,0.40801496593728065
SmolLM2-360M,31,model.layers.31.mlp.down_proj,2560,3,0.1,4,0.19465403978388998,0.3439,0.3880854439683886,0.40801496593728065
SmolLM2-360M,31,model.layers.31.mlp.down_proj,2560,3,0.1,6,0.23075305103550298,0.46855899999999995,0.3547683031360053,0.40801496593728065
SmolLM2-360M,31,model.layers.31.mlp.down_proj,2560,3,0.1,8,0.25983214727722775,0.5695327899999999,0.3404067845341063,0.40801496593728065
SmolLM2-360M,31,model.layers.31.mlp.down_proj,2560,3,0.2,1,0.20000000000000004,0.19999999999999996,2.775557561562891e-08,0.39993232003383095
SmolLM2-360M,31,model.layers.31.mlp.down_proj,2560,3,0.2,2,0.28622492661448146,0.3599999999999999,0.5389057913405095,0.39993232003383095
SmolLM2-360M,31,model.layers.31.mlp.down_proj,2560,3,0.2,3,0.3429595588235294,0.4879999999999999,0.49638735702614395,0.39993232003383095
SmolLM2-360M,31,model.layers.31.mlp.down_proj,2560,3,0.2,4,0.3855921537328094,0.5903999999999999,0.47538973804510615,0.39993232003383095
SmolLM2-360M,31,model.layers.31.mlp.down_proj,2560,3,0.2,6,0.4492118158284024,0.7378559999999998,0.4633430059874808,0.39993232003383095
SmolLM2-360M,31,model.layers.31.mlp.down_proj,2560,3,0.2,8,0.4972880569306931,0.8322278399999999,0.4702229767842763,0.39993232003383095
SmolLM2-360M,31,model.layers.31.mlp.down_proj,2560,3,0.3,1,0.29999999999999993,0.30000000000000004,-5.551115123125782e-08,0.42758557255760815
SmolLM2-360M,31,model.layers.31.mlp.down_proj,2560,3,0.3,2,0.42081320327788646,0.51,0.5753009679899356,0.42758557255760815
SmolLM2-360M,31,model.layers.31.mlp.down_proj,2560,3,0.3,3,0.4969898897058824,0.657,0.5517924081397266,0.42758557255760815
SmolLM2-360M,31,model.layers.31.mlp.down_proj,2560,3,0.3,4,0.551854893172888,0.7599,0.5476296872643793,0.42758557255760815
SmolLM2-360M,31,model.layers.31.mlp.down_proj,2560,3,0.3,6,0.6301197300295858,0.882351,0.5668741532676783,0.42758557255760815
SmolLM2-360M,31,model.layers.31.mlp.down_proj,2560,3,0.3,8,0.6857441212871287,0.94235199,0.6005182941631871,0.42758557255760815
SmolLM2-360M,31,model.layers.31.mlp.down_proj,2560,3,0.5,1,0.5,0.5,0.0,0.49911639509155054
SmolLM2-360M,31,model.layers.31.mlp.down_proj,2560,3,0.5,2,0.6673885457436399,0.75,0.6695541829745597,0.49911639509155054
SmolLM2-360M,31,model.layers.31.mlp.down_proj,2560,3,0.5,3,0.7588901654411766,0.875,0.6903737745098043,0.49911639509155054
SmolLM2-360M,31,model.layers.31.mlp.down_proj,2560,3,0.5,4,0.8172826620825148,0.9375,0.7252175133314623,0.49911639509155054
SmolLM2-360M,31,model.layers.31.mlp.down_proj,2560,3,0.5,6,0.887576275887574,0.984375,0.8001574728001528,0.49911639509155054
SmolLM2-360M,31,model.layers.31.mlp.down_proj,2560,3,0.5,8,0.9273043007425742,0.99609375,0.8613378030716456,0.49911639509155054
GPT-2,0,transformer.h.0.mlp.c_proj,3072,0,0.1,1,0.09993489583333331,0.09999999999999998,-65104.16666669072,0.23823368912977166
GPT-2,0,transformer.h.0.mlp.c_proj,3072,0,0.1,2,0.16169721848499677,0.18999999999999995,0.6855246498332979,0.23823368912977166
GPT-2,0,transformer.h.0.mlp.c_proj,3072,0,0.1,3,0.21136195363562094,0.2709999999999999,0.651239494945152,0.23823368912977166
GPT-2,0,transformer.h.0.mlp.c_proj,3072,0,0.1,4,0.2538339830959398,0.3439,0.6307256379497327,0.23823368912977166
GPT-2,0,transformer.h.0.mlp.c_proj,3072,0,0.1,6,0.3229628944773176,0.46855899999999995,0.6049584855540567,0.23823368912977166
GPT-2,0,transformer.h.0.mlp.c_proj,3072,0,0.1,8,0.376971173679868,0.5695327899999999,0.5898867546180706,0.23823368912977166
GPT-2,0,transformer.h.0.mlp.c_proj,3072,0,0.2,1,0.19986979166666663,0.19999999999999996,-130208.33333338144,0.23063384556370276
GPT-2,0,transformer.h.0.mlp.c_proj,3072,0,0.2,2,0.32565779415362034,0.3599999999999999,0.7853612134601277,0.23063384556370276
GPT-2,0,transformer.h.0.mlp.c_proj,3072,0,0.2,3,0.4204516441993464,0.4879999999999999,0.7654570979143975,0.23063384556370276
GPT-2,0,transformer.h.0.mlp.c_proj,3072,0,0.2,4,0.49567421823837593,0.5903999999999999,0.7573622393401024,0.23063384556370276
GPT-2,0,transformer.h.0.mlp.c_proj,3072,0,0.2,6,0.6012851331360948,0.7378559999999998,0.7460828421289245,0.23063384556370276
GPT-2,0,transformer.h.0.mlp.c_proj,3072,0,0.2,8,0.6729901505775577,0.8322278399999999,0.7481324305135911,0.23063384556370276
GPT-2,0,transformer.h.0.mlp.c_proj,3072,0,0.3,1,0.2998046875,0.30000000000000004,-195312.49999998888,0.27211087524660693
GPT-2,0,transformer.h.0.mlp.c_proj,3072,0,0.3,2,0.47287156515003265,0.51,0.8231979292858698,0.27211087524660693
GPT-2,0,transformer.h.0.mlp.c_proj,3072,0,0.3,3,0.5880770016339869,0.657,0.8069383799271341,0.27211087524660693
GPT-2,0,transformer.h.0.mlp.c_proj,3072,0,0.3,4,0.6697306554927964,0.7599,0.8039370634764001,0.27211087524660693
GPT-2,0,transformer.h.0.mlp.c_proj,3072,0,0.3,6,0.769883737056213,0.882351,0.8068737532110583,0.27211087524660693
GPT-2,0,transformer.h.0.mlp.c_proj,3072,0,0.3,8,0.8271278104372937,0.94235199,0.8206214328647032,0.27211087524660693
GPT-2,0,transformer.h.0.mlp.c_proj,3072,0,0.5,1,0.5,0.5,0.0,0.4168035064484506
GPT-2,0,transformer.h.0.mlp.c_proj,3072,0,0.5,2,0.707435125163079,0.75,0.8297405006523162,0.4168035064484506
GPT-2,0,transformer.h.0.mlp.c_proj,3072,0,0.5,3,0.8102641186683007,0.875,0.8273709831154686,0.4168035064484506
GPT-2,0,transformer.h.0.mlp.c_proj,3072,0,0.5,4,0.8664744239112638,0.9375,0.8376558260828888,0.4168035064484506
GPT-2,0,transformer.h.0.mlp.c_proj,3072,0,0.5,6,0.9184734035996055,0.984375,0.8639450913024114,0.4168035064484506
GPT-2,0,transformer.h.0.mlp.c_proj,3072,0,0.5,8,0.9418613345709572,0.99609375,0.8906811153556303,0.4168035064484506
GPT-2,1,transformer.h.1.mlp.c_proj,3072,0,0.1,1,0.09993489583333331,0.09999999999999998,-65104.16666669072,0.16939623996837236
GPT-2,1,transformer.h.1.mlp.c_proj,3072,0,0.1,2,0.17122650644161772,0.18999999999999995,0.7914056271290861,0.16939623996837236
GPT-2,1,transformer.h.1.mlp.c_proj,3072,0,0.1,3,0.22731885723039216,0.2709999999999999,0.7445547206455686,0.16939623996837236
GPT-2,1,transformer.h.1.mlp.c_proj,3072,0,0.1,4,0.27364662635068765,0.3439,0.7119582876206956,0.16939623996837236
GPT-2,1,transformer.h.1.mlp.c_proj,3072,0,0.1,6,0.34562158427843526,0.46855899999999995,0.666437624039666,0.16939623996837236
GPT-2,1,transformer.h.1.mlp.c_proj,3072,0,0.1,8,0.40048086839933994,0.5695327899999999,0.6399571548545949,0.16939623996837236
GPT-2,1,transformer.h.1.mlp.c_proj,3072,0,0.2,1,0.19986979166666663,0.19999999999999996,-130208.33333338144,0.20158831793789841
GPT-2,1,transformer.h.1.mlp.c_proj,3072,0,0.2,2,0.3331829949445532,0.3599999999999999,0.8323937184034583,0.20158831793789841
GPT-2,1,transformer.h.1.mlp.c_proj,3072,0,0.2,3,0.42980302798202613,0.4879999999999999,0.7979271804931466,0.20158831793789841
GPT-2,1,transformer.h.1.mlp.c_proj,3072,0,0.2,4,0.5041793293631303,0.5903999999999999,0.7791478723440838,0.20158831793789841
GPT-2,1,transformer.h.1.mlp.c_proj,3072,0,0.2,6,0.6070886495315582,0.7378559999999998,0.7568729353796523,0.20158831793789841
GPT-2,1,transformer.h.1.mlp.c_proj,3072,0,0.2,8,0.6759688273514851,0.8322278399999999,0.7528438281861887,0.20158831793789841
GPT-2,1,transformer.h.1.mlp.c_proj,3072,0,0.3,1,0.2998046875,0.30000000000000004,-195312.49999998888,0.27314187962210995
GPT-2,1,transformer.h.1.mlp.c_proj,3072,0,0.3,2,0.4716382807403783,0.51,0.8173251463827537,0.27314187962210995
GPT-2,1,transformer.h.1.mlp.c_proj,3072,0,0.3,3,0.5823254953022876,0.657,0.7908277179335786,0.27314187962210995
GPT-2,1,transformer.h.1.mlp.c_proj,3072,0,0.3,4,0.6590875951620825,0.7599,0.7807949449055935,0.27314187962210995
GPT-2,1,transformer.h.1.mlp.c_proj,3072,0,0.3,6,0.7535865076429981,0.882351,0.7788885185103108,0.27314187962210995
GPT-2,1,transformer.h.1.mlp.c_proj,3072,0,0.3,8,0.8081451113861386,0.94235199,0.7910695682380287,0.27314187962210995
GPT-2,1,transformer.h.1.mlp.c_proj,3072,0,0.5,1,0.5,0.5,0.0,0.4319329731995016
GPT-2,1,transformer.h.1.mlp.c_proj,3072,0,0.5,2,0.6988836737606001,0.75,0.7955346950424005,0.4319329731995016
GPT-2,1,transformer.h.1.mlp.c_proj,3072,0,0.5,3,0.7969369127859478,0.875,0.7918317674291941,0.4319329731995016
GPT-2,1,transformer.h.1.mlp.c_proj,3072,0,0.5,4,0.8521489491240994,0.9375,0.8049118837122273,0.4319329731995016
GPT-2,1,transformer.h.1.mlp.c_proj,3072,0,0.5,6,0.9056329871383958,0.984375,0.8374358444147526,0.4319329731995016
GPT-2,1,transformer.h.1.mlp.c_proj,3072,0,0.5,8,0.930691135519802,0.99609375,0.868164808606845,0.4319329731995016
GPT-2,2,transformer.h.2.mlp.c_proj,3072,0,0.1,1,0.09993489583333331,0.09999999999999998,-65104.16666669072,0.19889502666762907
GPT-2,2,transformer.h.2.mlp.c_proj,3072,0,0.1,2,0.1670259499347684,0.18999999999999995,0.7447327770529827,0.19889502666762907
GPT-2,2,transformer.h.2.mlp.c_proj,3072,0,0.1,3,0.22026718239379084,0.2709999999999999,0.7033168561040404,0.19889502666762907
GPT-2,2,transformer.h.2.mlp.c_proj,3072,0,0.1,4,0.26487994740504256,0.3439,0.6760145445061196,0.19889502666762907
GPT-2,2,transformer.h.2.mlp.c_proj,3072,0,0.1,6,0.33766269621137407,0.46855899999999995,0.6448430134968189,0.19889502666762907
GPT-2,2,transformer.h.2.mlp.c_proj,3072,0,0.1,8,0.39557936262376237,0.5695327899999999,0.6295180420173901,0.19889502666762907
GPT-2,2,transformer.h.2.mlp.c_proj,3072,0,0.2,1,0.19986979166666663,0.19999999999999996,-130208.33333338144,0.20270560416942981
GPT-2,2,transformer.h.2.mlp.c_proj,3072,0,0.2,2,0.33260584841813434,0.3599999999999999,0.8287865526133402,0.20270560416942981
GPT-2,2,transformer.h.2.mlp.c_proj,3072,0,0.2,3,0.430102379493464,0.4879999999999999,0.7989665954634171,0.20270560416942981
GPT-2,2,transformer.h.2.mlp.c_proj,3072,0,0.2,4,0.5042125849296005,0.5903999999999999,0.7792330556598376,0.20270560416942981
GPT-2,2,transformer.h.2.mlp.c_proj,3072,0,0.2,6,0.6068645730604865,0.7378559999999998,0.7564563248536533,0.20270560416942981
GPT-2,2,transformer.h.2.mlp.c_proj,3072,0,0.2,8,0.6741878094059406,0.8322278399999999,0.7500267773813009,0.20270560416942981
GPT-2,2,transformer.h.2.mlp.c_proj,3072,0,0.3,1,0.2998046875,0.30000000000000004,-195312.49999998888,0.2777651923553161
GPT-2,2,transformer.h.2.mlp.c_proj,3072,0,0.3,2,0.4696539414138943,0.51,0.8078759114947348,0.2777651923553161
GPT-2,2,transformer.h.2.mlp.c_proj,3072,0,0.3,3,0.578652854370915,0.657,0.7805402083218906,0.2777651923553161
GPT-2,2,transformer.h.2.mlp.c_proj,3072,0,0.3,4,0.6527229913637851,0.7599,0.766955841191096,0.2777651923553161
GPT-2,2,transformer.h.2.mlp.c_proj,3072,0,0.3,6,0.7441907051282052,0.882351,0.7627542583909105,0.2777651923553161
GPT-2,2,transformer.h.2.mlp.c_proj,3072,0,0.3,8,0.797741981229373,0.94235199,0.7748741951112706,0.2777651923553161
GPT-2,2,transformer.h.2.mlp.c_proj,3072,0,0.5,1,0.5,0.5,0.0,0.44273802627416253
GPT-2,2,transformer.h.2.mlp.c_proj,3072,0,0.5,2,0.6936084525848011,0.75,0.7744338103392043,0.44273802627416253
GPT-2,2,transformer.h.2.mlp.c_proj,3072,0,0.5,3,0.7888697406045753,0.875,0.7703193082788674,0.44273802627416253
GPT-2,2,transformer.h.2.mlp.c_proj,3072,0,0.5,4,0.8429019830550099,0.9375,0.783775961268594,0.44273802627416253
GPT-2,2,transformer.h.2.mlp.c_proj,3072,0,0.5,6,0.8984060394066404,0.984375,0.8225156942588706,0.44273802627416253
GPT-2,2,transformer.h.2.mlp.c_proj,3072,0,0.5,8,0.9259365975660067,0.99609375,0.8585808580858088,0.44273802627416253
GPT-2,3,transformer.h.3.mlp.c_proj,3072,0,0.1,1,0.09993489583333331,0.09999999999999998,-65104.16666669072,0.20292913157703601
GPT-2,3,transformer.h.3.mlp.c_proj,3072,0,0.1,2,0.16637172313274623,0.18999999999999995,0.7374635903638475,0.20292913157703601
GPT-2,3,transformer.h.3.mlp.c_proj,3072,0,0.1,3,0.2222369025735294,0.2709999999999999,0.7148356875644998,0.20292913157703601
GPT-2,3,transformer.h.3.mlp.c_proj,3072,0,0.1,4,0.27050141719875576,0.3439,0.6990628011429101,0.20292913157703601
GPT-2,3,transformer.h.3.mlp.c_proj,3072,0,0.1,6,0.3511490179158448,0.46855899999999995,0.6814350427362913,0.20292913157703601
GPT-2,3,transformer.h.3.mlp.c_proj,3072,0,0.1,8,0.41652356641914196,0.5695327899999999,0.6741245194380183,0.20292913157703601
GPT-2,3,transformer.h.3.mlp.c_proj,3072,0,0.2,1,0.19986979166666663,0.19999999999999996,-130208.33333338144,0.20859409537672272
GPT-2,3,transformer.h.3.mlp.c_proj,3072,0,0.2,2,0.33093301532941943,0.3599999999999999,0.8183313458088721,0.20859409537672272
GPT-2,3,transformer.h.3.mlp.c_proj,3072,0,0.2,3,0.429116881127451,0.4879999999999999,0.795544726136983,0.20859409537672272
GPT-2,3,transformer.h.3.mlp.c_proj,3072,0,0.2,4,0.5043763046414538,0.5903999999999999,0.7796524196758551,0.20859409537672272
GPT-2,3,transformer.h.3.mlp.c_proj,3072,0,0.2,6,0.6110635991946087,0.7378559999999998,0.7642632957419994,0.20859409537672272
GPT-2,3,transformer.h.3.mlp.c_proj,3072,0,0.2,8,0.6820686365511551,0.8322278399999999,0.7624919468132805,0.20859409537672272
GPT-2,3,transformer.h.3.mlp.c_proj,3072,0,0.3,1,0.2998046875,0.30000000000000004,-195312.49999998888,0.28307524550647634
GPT-2,3,transformer.h.3.mlp.c_proj,3072,0,0.3,2,0.4676415728962818,0.51,0.7982932042680084,0.28307524550647634
GPT-2,3,transformer.h.3.mlp.c_proj,3072,0,0.3,3,0.5767456852532679,0.657,0.7751979979083132,0.28307524550647634
GPT-2,3,transformer.h.3.mlp.c_proj,3072,0,0.3,4,0.6509393418467584,0.7599,0.7630774991231972,0.28307524550647634
GPT-2,3,transformer.h.3.mlp.c_proj,3072,0,0.3,6,0.7432321201101248,0.882351,0.7611081978224898,0.28307524550647634
GPT-2,3,transformer.h.3.mlp.c_proj,3072,0,0.3,8,0.7986618193069307,0.94235199,0.7763061795868814,0.28307524550647634
GPT-2,3,transformer.h.3.mlp.c_proj,3072,0,0.5,1,0.5,0.5,0.0,0.45463233213044424
GPT-2,3,transformer.h.3.mlp.c_proj,3072,0,0.5,2,0.6878975048923679,0.75,0.7515900195694716,0.45463233213044424
GPT-2,3,transformer.h.3.mlp.c_proj,3072,0,0.5,3,0.7816642412173204,0.875,0.7511046432461876,0.45463233213044424
GPT-2,3,transformer.h.3.mlp.c_proj,3072,0,0.5,4,0.8342676868451212,0.9375,0.7640404270745628,0.45463233213044424
GPT-2,3,transformer.h.3.mlp.c_proj,3072,0,0.5,6,0.890058067266601,0.984375,0.8052811711310471,0.45463233213044424
GPT-2,3,transformer.h.3.mlp.c_proj,3072,0,0.5,8,0.9193178888201321,0.99609375,0.8452392089602663,0.45463233213044424
GPT-2,4,transformer.h.4.mlp.c_proj,3072,0,0.1,1,0.09993489583333331,0.09999999999999998,-65104.16666669072,0.20717062603664108
GPT-2,4,transformer.h.4.mlp.c_proj,3072,0,0.1,2,0.16570411876223093,0.18999999999999995,0.7300457640247885,0.20717062603664108
GPT-2,4,transformer.h.4.mlp.c_proj,3072,0,0.1,3,0.2217639399509804,0.2709999999999999,0.7120698242747395,0.20717062603664108
GPT-2,4,transformer.h.4.mlp.c_proj,3072,0,0.1,4,0.27068048563359526,0.3439,0.6997969890676313,0.20717062603664108
GPT-2,4,transformer.h.4.mlp.c_proj,3072,0,0.1,6,0.3527644230769231,0.46855899999999995,0.6858180727561206,0.20717062603664108
GPT-2,4,transformer.h.4.mlp.c_proj,3072,0,0.1,8,0.41955445544554454,0.5695327899999999,0.680579636292376,0.20717062603664108
GPT-2,4,transformer.h.4.mlp.c_proj,3072,0,0.2,1,0.19986979166666663,0.19999999999999996,-130208.33333338144,0.21845677219037157
GPT-2,4,transformer.h.4.mlp.c_proj,3072,0,0.2,2,0.3282352056833007,0.3599999999999999,0.8014700355206301,0.21845677219037157
GPT-2,4,transformer.h.4.mlp.c_proj,3072,0,0.2,3,0.4249604268790849,0.4879999999999999,0.7811125933301563,0.21845677219037157
GPT-2,4,transformer.h.4.mlp.c_proj,3072,0,0.2,4,0.49958302635887364,0.5903999999999999,0.7673745552225248,0.21845677219037157
GPT-2,4,transformer.h.4.mlp.c_proj,3072,0,0.2,6,0.6052857649161736,0.7378559999999998,0.7535209515486927,0.21845677219037157
GPT-2,4,transformer.h.4.mlp.c_proj,3072,0,0.2,8,0.6759778516914191,0.8322278399999999,0.75285810205925,0.21845677219037157
GPT-2,4,transformer.h.4.mlp.c_proj,3072,0,0.3,1,0.2998046875,0.30000000000000004,-195312.49999998888,0.2955612755274858
GPT-2,4,transformer.h.4.mlp.c_proj,3072,0,0.3,2,0.463126962043379,0.51,0.7767950573494238,0.2955612755274858
GPT-2,4,transformer.h.4.mlp.c_proj,3072,0,0.3,3,0.5697827308006537,0.657,0.7556939238113548,0.2955612755274858
GPT-2,4,transformer.h.4.mlp.c_proj,3072,0,0.3,4,0.6432605036427635,0.7599,0.7463807428631518,0.2955612755274858
GPT-2,4,transformer.h.4.mlp.c_proj,3072,0,0.3,6,0.7338831874589087,0.882351,0.7450544215754908,0.2955612755274858
GPT-2,4,transformer.h.4.mlp.c_proj,3072,0,0.3,8,0.7873807497937294,0.94235199,0.7587440490279004,0.2955612755274858
GPT-2,4,transformer.h.4.mlp.c_proj,3072,0,0.5,1,0.5,0.5,0.0,0.47657343535110247
GPT-2,4,transformer.h.4.mlp.c_proj,3072,0,0.5,2,0.6776904201320939,0.75,0.7107616805283756,0.47657343535110247
GPT-2,4,transformer.h.4.mlp.c_proj,3072,0,0.5,3,0.7667036866830065,0.875,0.711209831154684,0.47657343535110247
GPT-2,4,transformer.h.4.mlp.c_proj,3072,0,0.5,4,0.8178266464063523,0.9375,0.7264609060716624,0.47657343535110247
GPT-2,4,transformer.h.4.mlp.c_proj,3072,0,0.5,6,0.8723971174391848,0.984375,0.768819855358317,0.47657343535110247
GPT-2,4,transformer.h.4.mlp.c_proj,3072,0,0.5,8,0.9023431054042903,0.99609375,0.8110223227047112,0.47657343535110247
GPT-2,5,transformer.h.5.mlp.c_proj,3072,0,0.1,1,0.09993489583333331,0.09999999999999998,-65104.16666669072,0.17060393137128052
GPT-2,5,transformer.h.5.mlp.c_proj,3072,0,0.1,2,0.1708194461431833,0.18999999999999995,0.7868827349242595,0.17060393137128052
GPT-2,5,transformer.h.5.mlp.c_proj,3072,0,0.1,3,0.2306372549019608,0.2709999999999999,0.7639605549822273,0.17060393137128052
GPT-2,5,transformer.h.5.mlp.c_proj,3072,0,0.1,4,0.2821479002946955,0.3439,0.7468138593468451,0.17060393137128052
GPT-2,5,transformer.h.5.mlp.c_proj,3072,0,0.1,6,0.36659295899079547,0.46855899999999995,0.723338621471177,0.17060393137128052
GPT-2,5,transformer.h.5.mlp.c_proj,3072,0,0.1,8,0.43338554558580855,0.5695327899999999,0.7100367699257141,0.17060393137128052
GPT-2,5,transformer.h.5.mlp.c_proj,3072,0,0.2,1,0.19986979166666663,0.19999999999999996,-130208.33333338144,0.2210686545359202
GPT-2,5,transformer.h.5.mlp.c_proj,3072,0,0.2,2,0.32758225293542076,0.3599999999999999,0.7973890808463804,0.2210686545359202
GPT-2,5,transformer.h.5.mlp.c_proj,3072,0,0.2,3,0.4208652471405229,0.4879999999999999,0.7668932192379271,0.2210686545359202
GPT-2,5,transformer.h.5.mlp.c_proj,3072,0,0.2,4,0.4914852959233792,0.5903999999999999,0.7466324178365247,0.2210686545359202
GPT-2,5,transformer.h.5.mlp.c_proj,3072,0,0.2,6,0.5891349235700197,0.7378559999999998,0.7234927630630128,0.2210686545359202
GPT-2,5,transformer.h.5.mlp.c_proj,3072,0,0.2,8,0.6533286922442244,0.8322278399999999,0.717033739362418,0.2210686545359202
GPT-2,5,transformer.h.5.mlp.c_proj,3072,0,0.3,1,0.2998046875,0.30000000000000004,-195312.49999998888,0.31339523129029484
GPT-2,5,transformer.h.5.mlp.c_proj,3072,0,0.3,2,0.4569477994536856,0.51,0.7473704735889789,0.31339523129029484
GPT-2,5,transformer.h.5.mlp.c_proj,3072,0,0.3,3,0.556527650122549,0.657,0.7185648462816498,0.31339523129029484
GPT-2,5,transformer.h.5.mlp.c_proj,3072,0,0.3,4,0.6242952378028814,0.7599,0.7051429393409033,0.31339523129029484
GPT-2,5,transformer.h.5.mlp.c_proj,3072,0,0.3,6,0.7088636690499671,0.882351,0.7020914689765573,0.31339523129029484
GPT-2,5,transformer.h.5.mlp.c_proj,3072,0,0.3,8,0.7601001701732674,0.94235199,0.7162742193314717,0.31339523129029484
GPT-2,5,transformer.h.5.mlp.c_proj,3072,0,0.5,1,0.5,0.5,0.0,0.5006588351755855
GPT-2,5,transformer.h.5.mlp.c_proj,3072,0,0.5,2,0.6669450474967384,0.75,0.6677801899869538,0.5006588351755855
GPT-2,5,transformer.h.5.mlp.c_proj,3072,0,0.5,3,0.7515369689542484,0.875,0.6707652505446623,0.5006588351755855
GPT-2,5,transformer.h.5.mlp.c_proj,3072,0,0.5,4,0.8011656076047806,0.9375,0.68837853166807,0.5006588351755855
GPT-2,5,transformer.h.5.mlp.c_proj,3072,0,0.5,6,0.8581056613658777,0.984375,0.7393149137876186,0.5006588351755855
GPT-2,5,transformer.h.5.mlp.c_proj,3072,0,0.5,8,0.8909724370874587,0.99609375,0.7881019204282631,0.5006588351755855
GPT-2,6,transformer.h.6.mlp.c_proj,3072,0,0.1,1,0.09993489583333331,0.09999999999999998,-65104.16666669072,0.19569153660758049
GPT-2,6,transformer.h.6.mlp.c_proj,3072,0,0.1,2,0.16723871697651663,0.18999999999999995,0.7470968552946297,0.19569153660758049
GPT-2,6,transformer.h.6.mlp.c_proj,3072,0,0.1,3,0.2242608762254902,0.2709999999999999,0.7266717907923408,0.19569153660758049
GPT-2,6,transformer.h.6.mlp.c_proj,3072,0,0.1,4,0.27390307793058283,0.3439,0.7130097496128858,0.19569153660758049
GPT-2,6,transformer.h.6.mlp.c_proj,3072,0,0.1,6,0.3571464342948718,0.46855899999999995,0.6977076514068896,0.19569153660758049
GPT-2,6,transformer.h.6.mlp.c_proj,3072,0,0.1,8,0.4242832095709571,0.5695327899999999,0.6906508266887116,0.19569153660758049
GPT-2,6,transformer.h.6.mlp.c_proj,3072,0,0.2,1,0.19986979166666663,0.19999999999999996,-130208.33333338144,0.22667486935598877
GPT-2,6,transformer.h.6.mlp.c_proj,3072,0,0.2,2,0.32603682526092626,0.3599999999999999,0.7877301578807897,0.22667486935598877
GPT-2,6,transformer.h.6.mlp.c_proj,3072,0,0.2,3,0.4194655075571896,0.4879999999999999,0.762033012351353,0.22667486935598877
GPT-2,6,transformer.h.6.mlp.c_proj,3072,0,0.2,4,0.49121349562049765,0.5903999999999999,0.7459362080443076,0.22667486935598877
GPT-2,6,transformer.h.6.mlp.c_proj,3072,0,0.2,6,0.5927528918063775,0.7378559999999998,0.7302194115272072,0.22667486935598877
GPT-2,6,transformer.h.6.mlp.c_proj,3072,0,0.2,8,0.6597682033828384,0.8322278399999999,0.7272191673540325,0.22667486935598877
GPT-2,6,transformer.h.6.mlp.c_proj,3072,0,0.3,1,0.2998046875,0.30000000000000004,-195312.49999998888,0.31387606003592006
GPT-2,6,transformer.h.6.mlp.c_proj,3072,0,0.3,2,0.45668152213796476,0.51,0.7461024863712608,0.31387606003592006
GPT-2,6,transformer.h.6.mlp.c_proj,3072,0,0.3,3,0.5583952461192812,0.657,0.723796207617034,0.31387606003592006
GPT-2,6,transformer.h.6.mlp.c_proj,3072,0,0.3,4,0.6282743942370661,0.7599,0.7137951603328248,0.31387606003592006
GPT-2,6,transformer.h.6.mlp.c_proj,3072,0,0.3,6,0.7161426230687048,0.882351,0.7145907246123124,0.31387606003592006
GPT-2,6,transformer.h.6.mlp.c_proj,3072,0,0.3,8,0.7690387788778877,0.94235199,0.7301896564185746,0.31387606003592006
GPT-2,6,transformer.h.6.mlp.c_proj,3072,0,0.5,1,0.5,0.5,0.0,0.49643035249774975
GPT-2,6,transformer.h.6.mlp.c_proj,3072,0,0.5,2,0.6686739389677103,0.75,0.6746957558708413,0.49643035249774975
GPT-2,6,transformer.h.6.mlp.c_proj,3072,0,0.5,3,0.7545094209558824,0.875,0.6786917892156863,0.49643035249774975
GPT-2,6,transformer.h.6.mlp.c_proj,3072,0,0.5,4,0.8045231407580222,0.9375,0.6960528931611937,0.49643035249774975
GPT-2,6,transformer.h.6.mlp.c_proj,3072,0,0.5,6,0.8606379181048652,0.984375,0.7445427986681089,0.49643035249774975
GPT-2,6,transformer.h.6.mlp.c_proj,3072,0,0.5,8,0.8924337355610561,0.99609375,0.7910475299498454,0.49643035249774975
GPT-2,7,transformer.h.7.mlp.c_proj,3072,0,0.1,1,0.09993489583333331,0.09999999999999998,-65104.16666669072,0.17770350353006756
GPT-2,7,transformer.h.7.mlp.c_proj,3072,0,0.1,2,0.16985753526581868,0.18999999999999995,0.7761948362868746,0.17770350353006756
GPT-2,7,transformer.h.7.mlp.c_proj,3072,0,0.1,3,0.22900199142156863,0.2709999999999999,0.7543976106524485,0.17770350353006756
GPT-2,7,transformer.h.7.mlp.c_proj,3072,0,0.1,4,0.28024977488539626,0.3439,0.7390314673447982,0.17770350353006756
GPT-2,7,transformer.h.7.mlp.c_proj,3072,0,0.1,6,0.3660337308925049,0.46855899999999995,0.7218212847671742,0.17770350353006756
GPT-2,7,transformer.h.7.mlp.c_proj,3072,0,0.1,8,0.4350685849834984,0.5695327899999999,0.7136212680343335,0.17770350353006756
GPT-2,7,transformer.h.7.mlp.c_proj,3072,0,0.2,1,0.19986979166666663,0.19999999999999996,-130208.33333338144,0.20170412182311032
GPT-2,7,transformer.h.7.mlp.c_proj,3072,0,0.2,2,0.3327740235649054,0.3599999999999999,0.8298376472806592,0.20170412182311032
GPT-2,7,transformer.h.7.mlp.c_proj,3072,0,0.2,3,0.432409747753268,0.4879999999999999,0.8069782908099588,0.20170412182311032
GPT-2,7,transformer.h.7.mlp.c_proj,3072,0,0.2,4,0.5085383666912247,0.5903999999999999,0.7903134392705551,0.20170412182311032
GPT-2,7,transformer.h.7.mlp.c_proj,3072,0,0.2,6,0.6174391847468771,0.7378559999999998,0.776116999246782,0.20170412182311032
GPT-2,7,transformer.h.7.mlp.c_proj,3072,0,0.2,8,0.6899217460808581,0.8322278399999999,0.7749132750637147,0.20170412182311032
GPT-2,7,transformer.h.7.mlp.c_proj,3072,0,0.3,1,0.2998046875,0.30000000000000004,-195312.49999998888,0.2794038911721077
GPT-2,7,transformer.h.7.mlp.c_proj,3072,0,0.3,2,0.46889333109099807,0.51,0.8042539575761812,0.2794038911721077
GPT-2,7,transformer.h.7.mlp.c_proj,3072,0,0.3,3,0.5788928462009804,0.657,0.7812124543444827,0.2794038911721077
GPT-2,7,transformer.h.7.mlp.c_proj,3072,0,0.3,4,0.6536164149476098,0.7599,0.7688984886879969,0.2794038911721077
GPT-2,7,transformer.h.7.mlp.c_proj,3072,0,0.3,6,0.7478908561390533,0.882351,0.7691080742353894,0.2794038911721077
GPT-2,7,transformer.h.7.mlp.c_proj,3072,0,0.3,8,0.803697400990099,0.94235199,0.7841454667091463,0.2794038911721077
GPT-2,7,transformer.h.7.mlp.c_proj,3072,0,0.5,1,0.5,0.5,0.0,0.462569985008455
GPT-2,7,transformer.h.7.mlp.c_proj,3072,0,0.5,2,0.6840638759784736,0.75,0.7362555039138945,0.462569985008455
GPT-2,7,transformer.h.7.mlp.c_proj,3072,0,0.5,3,0.7761323018790849,0.875,0.7363528050108931,0.462569985008455
GPT-2,7,transformer.h.7.mlp.c_proj,3072,0,0.5,4,0.8281576160363459,0.9375,0.7500745509402191,0.462569985008455
GPT-2,7,transformer.h.7.mlp.c_proj,3072,0,0.5,6,0.8854577580539119,0.984375,0.795783758562915,0.462569985008455
GPT-2,7,transformer.h.7.mlp.c_proj,3072,0,0.5,8,0.9164687757838283,0.99609375,0.8394961149658272,0.462569985008455
GPT-2,8,transformer.h.8.mlp.c_proj,3072,0,0.1,1,0.09993489583333331,0.09999999999999998,-65104.16666669072,0.15488808784784047
GPT-2,8,transformer.h.8.mlp.c_proj,3072,0,0.1,2,0.17320511252446183,0.18999999999999995,0.8133901391606875,0.15488808784784047
GPT-2,8,transformer.h.8.mlp.c_proj,3072,0,0.1,3,0.23494306576797386,0.2709999999999999,0.7891407354852277,0.15488808784784047
GPT-2,8,transformer.h.8.mlp.c_proj,3072,0,0.1,4,0.2884862833578913,0.3439,0.7728014897822522,0.15488808784784047
GPT-2,8,transformer.h.8.mlp.c_proj,3072,0,0.1,6,0.3773833004602235,0.46855899999999995,0.752615728988367,0.15488808784784047
GPT-2,8,transformer.h.8.mlp.c_proj,3072,0,0.1,8,0.44937667594884484,0.5695327899999999,0.744094306914848,0.15488808784784047
GPT-2,8,transformer.h.8.mlp.c_proj,3072,0,0.2,1,0.19986979166666663,0.19999999999999996,-130208.33333338144,0.18649884443699313
GPT-2,8,transformer.h.8.mlp.c_proj,3072,0,0.2,2,0.3370185349396608,0.3599999999999999,0.8563658433728805,0.18649884443699313
GPT-2,8,transformer.h.8.mlp.c_proj,3072,0,0.2,3,0.43950801674836604,0.4879999999999999,0.8316250581540491,0.18649884443699313
GPT-2,8,transformer.h.8.mlp.c_proj,3072,0,0.2,4,0.5182662594138834,0.5903999999999999,0.8152311972691686,0.18649884443699313
GPT-2,8,transformer.h.8.mlp.c_proj,3072,0,0.2,6,0.6295649963017751,0.7378559999999998,0.7986617167081433,0.18649884443699313
GPT-2,8,transformer.h.8.mlp.c_proj,3072,0,0.2,8,0.7037960241336634,0.8322278399999999,0.7968583353331349,0.18649884443699313
GPT-2,8,transformer.h.8.mlp.c_proj,3072,0,0.3,1,0.2998046875,0.30000000000000004,-195312.49999998888,0.26262520291547337
GPT-2,8,transformer.h.8.mlp.c_proj,3072,0,0.3,2,0.4750833231409002,0.51,0.8337301101947627,0.26262520291547337
GPT-2,8,transformer.h.8.mlp.c_proj,3072,0,0.3,3,0.5884784773284314,0.657,0.8080629617042896,0.26262520291547337
GPT-2,8,transformer.h.8.mlp.c_proj,3072,0,0.3,4,0.6654234201047806,0.7599,0.7945714722869768,0.26262520291547337
GPT-2,8,transformer.h.8.mlp.c_proj,3072,0,0.3,6,0.7611832778599605,0.882351,0.7919335209520727,0.26262520291547337
GPT-2,8,transformer.h.8.mlp.c_proj,3072,0,0.3,8,0.8177573226072608,0.94235199,0.8060336554842161,0.26262520291547337
GPT-2,8,transformer.h.8.mlp.c_proj,3072,0,0.5,1,0.5,0.5,0.0,0.44390861068218024
GPT-2,8,transformer.h.8.mlp.c_proj,3072,0,0.5,2,0.6928370128016961,0.75,0.7713480512067843,0.44390861068218024
GPT-2,8,transformer.h.8.mlp.c_proj,3072,0,0.5,3,0.7867302389705882,0.875,0.7646139705882353,0.44390861068218024
GPT-2,8,transformer.h.8.mlp.c_proj,3072,0,0.5,4,0.8394382879011132,0.9375,0.775858943773973,0.44390861068218024
GPT-2,8,transformer.h.8.mlp.c_proj,3072,0,0.5,6,0.8961370243671926,0.984375,0.8178312761129136,0.44390861068218024
GPT-2,8,transformer.h.8.mlp.c_proj,3072,0,0.5,8,0.9260552031765675,0.99609375,0.8588199371118211,0.44390861068218024
GPT-2,9,transformer.h.9.mlp.c_proj,3072,0,0.1,1,0.09993489583333331,0.09999999999999998,-65104.16666669072,0.1650825170560757
GPT-2,9,transformer.h.9.mlp.c_proj,3072,0,0.1,2,0.17167369944553162,0.18999999999999995,0.7963744382836851,0.1650825170560757
GPT-2,9,transformer.h.9.mlp.c_proj,3072,0,0.1,3,0.23205550449346404,0.2709999999999999,0.7722544122424801,0.1650825170560757
GPT-2,9,transformer.h.9.mlp.c_proj,3072,0,0.1,4,0.2838701549197773,0.3439,0.7538751739228262,0.1650825170560757
GPT-2,9,transformer.h.9.mlp.c_proj,3072,0,0.1,6,0.37089920796351084,0.46855899999999995,0.7350226367108411,0.1650825170560757
GPT-2,9,transformer.h.9.mlp.c_proj,3072,0,0.1,8,0.44113100763201324,0.5695327899999999,0.7265328745879777,0.1650825170560757
GPT-2,9,transformer.h.9.mlp.c_proj,3072,0,0.2,1,0.19986979166666663,0.19999999999999996,-130208.33333338144,0.1939121574412655
GPT-2,9,transformer.h.9.mlp.c_proj,3072,0,0.2,2,0.33494564885029354,0.3599999999999999,0.8434103053143353,0.1939121574412655
GPT-2,9,transformer.h.9.mlp.c_proj,3072,0,0.2,3,0.4353222017973856,0.4879999999999999,0.8170909784631448,0.1939121574412655
GPT-2,9,transformer.h.9.mlp.c_proj,3072,0,0.2,4,0.5118811906516045,0.5903999999999999,0.798876000644479,0.1939121574412655
GPT-2,9,transformer.h.9.mlp.c_proj,3072,0,0.2,6,0.621056510930309,0.7378559999999998,0.7828424539845407,0.1939121574412655
GPT-2,9,transformer.h.9.mlp.c_proj,3072,0,0.2,8,0.6943565645627062,0.8322278399999999,0.7819278641109925,0.1939121574412655
GPT-2,9,transformer.h.9.mlp.c_proj,3072,0,0.3,1,0.2998046875,0.30000000000000004,-195312.49999998888,0.2735498552137006
GPT-2,9,transformer.h.9.mlp.c_proj,3072,0,0.3,2,0.4710898004321592,0.51,0.8147133353912343,0.2735498552137006
GPT-2,9,transformer.h.9.mlp.c_proj,3072,0,0.3,3,0.5816501991421569,0.657,0.7889361320508596,0.2735498552137006
GPT-2,9,transformer.h.9.mlp.c_proj,3072,0,0.3,4,0.6567111012197119,0.7599,0.7756275303755422,0.2735498552137006
GPT-2,9,transformer.h.9.mlp.c_proj,3072,0,0.3,6,0.7521213428665352,0.882351,0.7763725706086796,0.2735498552137006
GPT-2,9,transformer.h.9.mlp.c_proj,3072,0,0.3,8,0.8101169296617162,0.94235199,0.7941392532491667,0.2735498552137006
GPT-2,9,transformer.h.9.mlp.c_proj,3072,0,0.5,1,0.5,0.5,0.0,0.45193760318607046
GPT-2,9,transformer.h.9.mlp.c_proj,3072,0,0.5,2,0.6892034103881279,0.75,0.7568136415525117,0.45193760318607046
GPT-2,9,transformer.h.9.mlp.c_proj,3072,0,0.5,3,0.7829076031454248,0.875,0.7544202750544663,0.45193760318607046
GPT-2,9,transformer.h.9.mlp.c_proj,3072,0,0.5,4,0.8359375,0.9375,0.7678571428571429,0.45193760318607046
GPT-2,9,transformer.h.9.mlp.c_proj,3072,0,0.5,6,0.8946962576019065,0.984375,0.814856789887807,0.45193760318607046
GPT-2,9,transformer.h.9.mlp.c_proj,3072,0,0.5,8,0.9262808116749176,0.99609375,0.8592747069982591,0.45193760318607046
GPT-2,10,transformer.h.10.mlp.c_proj,3072,0,0.1,1,0.09993489583333331,0.09999999999999998,-65104.16666669072,0.2255853042071772
GPT-2,10,transformer.h.10.mlp.c_proj,3072,0,0.1,2,0.1633018896771037,0.18999999999999995,0.7033543297455972,0.2255853042071772
GPT-2,10,transformer.h.10.mlp.c_proj,3072,0,0.1,3,0.2148565155228758,0.2709999999999999,0.671675529373543,0.2255853042071772
GPT-2,10,transformer.h.10.mlp.c_proj,3072,0,0.1,4,0.2590819672969875,0.3439,0.6522425883435323,0.2255853042071772
GPT-2,10,transformer.h.10.mlp.c_proj,3072,0,0.1,6,0.33345403928336625,0.46855899999999995,0.6334237918036631,0.2255853042071772
GPT-2,10,transformer.h.10.mlp.c_proj,3072,0,0.1,8,0.39413288985148515,0.5695327899999999,0.6264373779975733,0.2255853042071772
GPT-2,10,transformer.h.10.mlp.c_proj,3072,0,0.2,1,0.19986979166666663,0.19999999999999996,-130208.33333338144,0.22466158408040132
GPT-2,10,transformer.h.10.mlp.c_proj,3072,0,0.2,2,0.3266356307077625,0.3599999999999999,0.7914726919235164,0.22466158408040132
GPT-2,10,transformer.h.10.mlp.c_proj,3072,0,0.2,3,0.4194891237745098,0.4879999999999999,0.7621150131059371,0.22466158408040132
GPT-2,10,transformer.h.10.mlp.c_proj,3072,0,0.2,4,0.4895577521283563,0.5903999999999999,0.7416950618041914,0.22466158408040132
GPT-2,10,transformer.h.10.mlp.c_proj,3072,0,0.2,6,0.5885268994493755,0.7378559999999998,0.7223623041285689,0.22466158408040132
GPT-2,10,transformer.h.10.mlp.c_proj,3072,0,0.2,8,0.6547925691006602,0.8322278399999999,0.7193491654854368,0.22466158408040132
GPT-2,10,transformer.h.10.mlp.c_proj,3072,0,0.3,1,0.2998046875,0.30000000000000004,-195312.49999998888,0.2991374306638913
GPT-2,10,transformer.h.10.mlp.c_proj,3072,0,0.3,2,0.4619662987198304,0.51,0.7712680891420496,0.2991374306638913
GPT-2,10,transformer.h.10.mlp.c_proj,3072,0,0.3,3,0.5643452563316993,0.657,0.7404629028899139,0.2991374306638913
GPT-2,10,transformer.h.10.mlp.c_proj,3072,0,0.3,4,0.6326078503601834,0.7599,0.723217765514641,0.2991374306638913
GPT-2,10,transformer.h.10.mlp.c_proj,3072,0,0.3,6,0.7186106745151216,0.882351,0.7188288068795651,0.2991374306638913
GPT-2,10,transformer.h.10.mlp.c_proj,3072,0,0.3,8,0.7708584725660066,0.94235199,0.7330225170875653,0.2991374306638913
GPT-2,10,transformer.h.10.mlp.c_proj,3072,0,0.5,1,0.5,0.5,0.0,0.4761182512496003
GPT-2,10,transformer.h.10.mlp.c_proj,3072,0,0.5,2,0.6780484293460536,0.75,0.7121937173842143,0.4761182512496003
GPT-2,10,transformer.h.10.mlp.c_proj,3072,0,0.5,3,0.7637548508986929,0.875,0.703346269063181,0.4761182512496003
GPT-2,10,transformer.h.10.mlp.c_proj,3072,0,0.5,4,0.8117332033808121,0.9375,0.7125330362989991,0.4761182512496003
GPT-2,10,transformer.h.10.mlp.c_proj,3072,0,0.5,6,0.8660671176446417,0.984375,0.755751468685712,0.4761182512496003
GPT-2,10,transformer.h.10.mlp.c_proj,3072,0,0.5,8,0.8969259230610562,0.99609375,0.8001026480600818,0.4761182512496003
GPT-2,11,transformer.h.11.mlp.c_proj,3072,0,0.1,1,0.09993489583333331,0.09999999999999998,-65104.16666669072,0.41304811460871266
GPT-2,11,transformer.h.11.mlp.c_proj,3072,0,0.1,2,0.14227490011415525,0.18999999999999995,0.46972111237950304,0.41304811460871266
GPT-2,11,transformer.h.11.mlp.c_proj,3072,0,0.1,3,0.17100056168300654,0.2709999999999999,0.415207963058518,0.41304811460871266
GPT-2,11,transformer.h.11.mlp.c_proj,3072,0,0.1,4,0.19312594650458417,0.3439,0.38182019887078383,0.41304811460871266
GPT-2,11,transformer.h.11.mlp.c_proj,3072,0,0.1,6,0.22786201512163048,0.46855899999999995,0.34692414273326794,0.41304811460871266
GPT-2,11,transformer.h.11.mlp.c_proj,3072,0,0.1,8,0.2550923061056105,0.5695327899999999,0.33031198120499855,0.41304811460871266
GPT-2,11,transformer.h.11.mlp.c_proj,3072,0,0.2,1,0.19986979166666663,0.19999999999999996,-130208.33333338144,0.2937946559218578
GPT-2,11,transformer.h.11.mlp.c_proj,3072,0,0.2,2,0.3093600935665362,0.3599999999999999,0.6835005847908519,0.2937946559218578
GPT-2,11,transformer.h.11.mlp.c_proj,3072,0,0.2,3,0.38893229166666665,0.4879999999999999,0.6560149016203706,0.2937946559218578
GPT-2,11,transformer.h.11.mlp.c_proj,3072,0,0.2,4,0.44990752394400785,0.5903999999999999,0.640131977315594,0.2937946559218578
GPT-2,11,transformer.h.11.mlp.c_proj,3072,0,0.2,6,0.5386669953977646,0.7378559999999998,0.6296610903248541,0.2937946559218578
GPT-2,11,transformer.h.11.mlp.c_proj,3072,0,0.2,8,0.6003068275577557,0.8322278399999999,0.6331686177529856,0.2937946559218578
GPT-2,11,transformer.h.11.mlp.c_proj,3072,0,0.3,1,0.2998046875,0.30000000000000004,-195312.49999998888,0.3254947583568756
GPT-2,11,transformer.h.11.mlp.c_proj,3072,0,0.3,2,0.452764442677756,0.51,0.7274497270369333,0.3254947583568756
GPT-2,11,transformer.h.11.mlp.c_proj,3072,0,0.3,3,0.5489213133169933,0.657,0.6972585807198692,0.3254947583568756
GPT-2,11,transformer.h.11.mlp.c_proj,3072,0,0.3,4,0.6133349705304518,0.7599,0.6813110905206606,0.3254947583568756
GPT-2,11,transformer.h.11.mlp.c_proj,3072,0,0.3,6,0.6943661139875081,0.882351,0.677196594472248,0.3254947583568756
GPT-2,11,transformer.h.11.mlp.c_proj,3072,0,0.3,8,0.7433600195957096,0.94235199,0.690213506765519,0.3254947583568756
GPT-2,11,transformer.h.11.mlp.c_proj,3072,0,0.5,1,0.5,0.5,0.0,0.49198618892433355
GPT-2,11,transformer.h.11.mlp.c_proj,3072,0,0.5,2,0.6708003353310502,0.75,0.6832013413242009,0.49198618892433355
GPT-2,11,transformer.h.11.mlp.c_proj,3072,0,0.5,3,0.7487202563316993,0.875,0.6632540168845313,0.49198618892433355
GPT-2,11,transformer.h.11.mlp.c_proj,3072,0,0.5,4,0.7916577132449247,0.9375,0.6666462017026851,0.49198618892433355
GPT-2,11,transformer.h.11.mlp.c_proj,3072,0,0.5,6,0.8400382920364892,0.984375,0.7020145383979132,0.49198618892433355
GPT-2,11,transformer.h.11.mlp.c_proj,3072,0,0.5,8,0.8678482106023103,0.99609375,0.7414893064109562,0.49198618892433355
GPT-2,0,transformer.h.0.mlp.c_proj,3072,1,0.1,1,0.09993489583333331,0.09999999999999998,-65104.16666669072,0.2391519233498368
GPT-2,0,transformer.h.0.mlp.c_proj,3072,1,0.1,2,0.1615819165851272,0.18999999999999995,0.6842435176125247,0.2391519233498368
GPT-2,0,transformer.h.0.mlp.c_proj,3072,1,0.1,3,0.21111877042483662,0.2709999999999999,0.6498173709054776,0.2391519233498368
GPT-2,0,transformer.h.0.mlp.c_proj,3072,1,0.1,4,0.25359543835952847,0.3439,0.6297475947500143,0.2391519233498368
GPT-2,0,transformer.h.0.mlp.c_proj,3072,1,0.1,6,0.3227869719756739,0.46855899999999995,0.6044811603452199,0.2391519233498368
GPT-2,0,transformer.h.0.mlp.c_proj,3072,1,0.1,8,0.37696988448844887,0.5695327899999999,0.5898840089282132,0.2391519233498368
GPT-2,0,transformer.h.0.mlp.c_proj,3072,1,0.2,1,0.19986979166666663,0.19999999999999996,-130208.33333338144,0.23103684427073679
GPT-2,0,transformer.h.0.mlp.c_proj,3072,1,0.2,2,0.32554504036203524,0.3599999999999999,0.7846565022627209,0.23103684427073679
GPT-2,0,transformer.h.0.mlp.c_proj,3072,1,0.2,3,0.420370583129085,0.4879999999999999,0.7651756358648787,0.23103684427073679
GPT-2,0,transformer.h.0.mlp.c_proj,3072,1,0.2,4,0.4956121838163065,0.5903999999999999,0.7572033396934083,0.23103684427073679
GPT-2,0,transformer.h.0.mlp.c_proj,3072,1,0.2,6,0.6014539930555555,0.7378559999999998,0.7463967921814678,0.23103684427073679
GPT-2,0,transformer.h.0.mlp.c_proj,3072,1,0.2,8,0.6733962458745875,0.8322278399999999,0.7487747548013507,0.23103684427073679
GPT-2,0,transformer.h.0.mlp.c_proj,3072,1,0.3,1,0.2998046875,0.30000000000000004,-195312.49999998888,0.2730867252544165
GPT-2,0,transformer.h.0.mlp.c_proj,3072,1,0.3,2,0.47254413323548594,0.51,0.8216387296927902,0.2730867252544165
GPT-2,0,transformer.h.0.mlp.c_proj,3072,1,0.3,3,0.5876838235294117,0.657,0.8058370406986323,0.2730867252544165
GPT-2,0,transformer.h.0.mlp.c_proj,3072,1,0.3,4,0.6694326344548134,0.7599,0.803289050782373,0.2730867252544165
GPT-2,0,transformer.h.0.mlp.c_proj,3072,1,0.3,6,0.769986465524326,0.882351,0.8070501562190603,0.2730867252544165
GPT-2,0,transformer.h.0.mlp.c_proj,3072,1,0.3,8,0.8275790274339934,0.94235199,0.8213238779473435,0.2730867252544165
GPT-2,0,transformer.h.0.mlp.c_proj,3072,1,0.5,1,0.5,0.5,0.0,0.41769815583010134
GPT-2,0,transformer.h.0.mlp.c_proj,3072,1,0.5,2,0.7070357091894977,0.75,0.8281428367579906,0.41769815583010134
GPT-2,0,transformer.h.0.mlp.c_proj,3072,1,0.5,3,0.8099073223039216,0.875,0.8264195261437909,0.41769815583010134
GPT-2,0,transformer.h.0.mlp.c_proj,3072,1,0.5,4,0.8661604146201703,0.9375,0.8369380905603894,0.41769815583010134
GPT-2,0,transformer.h.0.mlp.c_proj,3072,1,0.5,6,0.9185735638560157,0.984375,0.8641518737672583,0.41769815583010134
GPT-2,0,transformer.h.0.mlp.c_proj,3072,1,0.5,8,0.9421726742986798,0.99609375,0.8913086977989136,0.41769815583010134
GPT-2,1,transformer.h.1.mlp.c_proj,3072,1,0.1,1,0.09993489583333331,0.09999999999999998,-65104.16666669072,0.17025580923625905
GPT-2,1,transformer.h.1.mlp.c_proj,3072,1,0.1,2,0.171103560216895,0.18999999999999995,0.7900395579655003,0.17025580923625905
GPT-2,1,transformer.h.1.mlp.c_proj,3072,1,0.1,3,0.22713248059640523,0.2709999999999999,0.7434647988093877,0.17025580923625905
GPT-2,1,transformer.h.1.mlp.c_proj,3072,1,0.1,4,0.27344901154223966,0.3439,0.7111480588037707,0.17025580923625905
GPT-2,1,transformer.h.1.mlp.c_proj,3072,1,0.1,6,0.3455188558103221,0.46855899999999995,0.66615889399071,0.17025580923625905
GPT-2,1,transformer.h.1.mlp.c_proj,3072,1,0.1,8,0.4006201010726073,0.5695327899999999,0.6402536893591763,0.17025580923625905
GPT-2,1,transformer.h.1.mlp.c_proj,3072,1,0.2,1,0.19986979166666663,0.19999999999999996,-130208.33333338144,0.20215048478984313
GPT-2,1,transformer.h.1.mlp.c_proj,3072,1,0.2,2,0.33304858223255057,0.3599999999999999,0.8315536389534417,0.20215048478984313
GPT-2,1,transformer.h.1.mlp.c_proj,3072,1,0.2,3,0.4296619689542484,0.4879999999999999,0.7974373922022517,0.20215048478984313
GPT-2,1,transformer.h.1.mlp.c_proj,3072,1,0.2,4,0.5041377599050426,0.5903999999999999,0.7790413931993921,0.20215048478984313
GPT-2,1,transformer.h.1.mlp.c_proj,3072,1,0.2,6,0.6071971564760026,0.7378559999999998,0.7570746751472562,0.20215048478984313
GPT-2,1,transformer.h.1.mlp.c_proj,3072,1,0.2,8,0.6763671875,0.8322278399999999,0.75347391772561,0.20215048478984313
GPT-2,1,transformer.h.1.mlp.c_proj,3072,1,0.3,1,0.2998046875,0.30000000000000004,-195312.49999998888,0.27405896854126965
GPT-2,1,transformer.h.1.mlp.c_proj,3072,1,0.3,2,0.47133059666503585,0.51,0.8158599841192183,0.27405896854126965
GPT-2,1,transformer.h.1.mlp.c_proj,3072,1,0.3,3,0.5819412530637255,0.657,0.7897514091420881,0.27405896854126965
GPT-2,1,transformer.h.1.mlp.c_proj,3072,1,0.3,4,0.6586642262197119,0.7599,0.779874377516225,0.27405896854126965
GPT-2,1,transformer.h.1.mlp.c_proj,3072,1,0.3,6,0.7532070543639053,0.882351,0.7782369298995027,0.27405896854126965
GPT-2,1,transformer.h.1.mlp.c_proj,3072,1,0.3,8,0.8079607570132012,0.94235199,0.7907825692471212,0.27405896854126965
GPT-2,1,transformer.h.1.mlp.c_proj,3072,1,0.5,1,0.5,0.5,0.0,0.43253791973848077
GPT-2,1,transformer.h.1.mlp.c_proj,3072,1,0.5,2,0.6986065669846705,0.75,0.794426267938682,0.43253791973848077
GPT-2,1,transformer.h.1.mlp.c_proj,3072,1,0.5,3,0.7966190512663398,0.875,0.7909841367102395,0.43253791973848077
GPT-2,1,transformer.h.1.mlp.c_proj,3072,1,0.5,4,0.8517780216519318,0.9375,0.8040640494901299,0.43253791973848077
GPT-2,1,transformer.h.1.mlp.c_proj,3072,1,0.5,6,0.9052349143244576,0.984375,0.8366140166698479,0.43253791973848077
GPT-2,1,transformer.h.1.mlp.c_proj,3072,1,0.5,8,0.9303727052392738,0.99609375,0.8675229333957016,0.43253791973848077
GPT-2,2,transformer.h.2.mlp.c_proj,3072,1,0.1,1,0.09993489583333331,0.09999999999999998,-65104.16666669072,0.20226804633975684
GPT-2,2,transformer.h.2.mlp.c_proj,3072,1,0.1,2,0.16656219422700588,0.18999999999999995,0.7395799358556213,0.20226804633975684
GPT-2,2,transformer.h.2.mlp.c_proj,3072,1,0.1,3,0.21935317095588236,0.2709999999999999,0.6979717599759206,0.20226804633975684
GPT-2,2,transformer.h.2.mlp.c_proj,3072,1,0.1,4,0.26340519093811393,0.3439,0.6699679825260925,0.20226804633975684
GPT-2,2,transformer.h.2.mlp.c_proj,3072,1,0.1,6,0.3351143881492439,0.46855899999999995,0.6379287662199102,0.20226804633975684
GPT-2,2,transformer.h.2.mlp.c_proj,3072,1,0.1,8,0.39217267429867986,0.5695327899999999,0.6222625565696486,0.20226804633975684
GPT-2,2,transformer.h.2.mlp.c_proj,3072,1,0.2,1,0.19986979166666663,0.19999999999999996,-130208.33333338144,0.20532566279889966
GPT-2,2,transformer.h.2.mlp.c_proj,3072,1,0.2,2,0.3318885559360731,0.3599999999999999,0.8243034746004574,0.20532566279889966
GPT-2,2,transformer.h.2.mlp.c_proj,3072,1,0.2,3,0.42888327205882354,0.4879999999999999,0.7947335835375821,0.20532566279889966
GPT-2,2,transformer.h.2.mlp.c_proj,3072,1,0.2,4,0.5023796915929928,0.5903999999999999,0.7745381444492645,0.20532566279889966
GPT-2,2,transformer.h.2.mlp.c_proj,3072,1,0.2,6,0.6045165855111769,0.7378559999999998,0.7520908672789315,0.20532566279889966
GPT-2,2,transformer.h.2.mlp.c_proj,3072,1,0.2,8,0.6714585911716172,0.8322278399999999,0.7457099503426127,0.20532566279889966
GPT-2,2,transformer.h.2.mlp.c_proj,3072,1,0.3,1,0.2998046875,0.30000000000000004,-195312.49999998888,0.2802317359626677
GPT-2,2,transformer.h.2.mlp.c_proj,3072,1,0.3,2,0.46875573324363995,0.51,0.8035987297316188,0.2802317359626677
GPT-2,2,transformer.h.2.mlp.c_proj,3072,1,0.3,3,0.5769920598447711,0.657,0.7758881228144848,0.2802317359626677
GPT-2,2,transformer.h.2.mlp.c_proj,3072,1,0.3,4,0.6502819048788475,0.7599,0.7616479775578332,0.2802317359626677
GPT-2,2,transformer.h.2.mlp.c_proj,3072,1,0.3,6,0.7405945666913215,0.882351,0.7565790505920338,0.2802317359626677
GPT-2,2,transformer.h.2.mlp.c_proj,3072,1,0.3,8,0.7937100350660067,0.94235199,0.7685973465513926,0.2802317359626677
GPT-2,2,transformer.h.2.mlp.c_proj,3072,1,0.5,1,0.5,0.5,0.0,0.4453415134221724
GPT-2,2,transformer.h.2.mlp.c_proj,3072,1,0.5,2,0.6923675238502935,0.75,0.7694700954011742,0.4453415134221724
GPT-2,2,transformer.h.2.mlp.c_proj,3072,1,0.5,3,0.787179585375817,0.875,0.7658122276688454,0.4453415134221724
GPT-2,2,transformer.h.2.mlp.c_proj,3072,1,0.5,4,0.8410383922724295,0.9375,0.7795163251941245,0.4453415134221724
GPT-2,2,transformer.h.2.mlp.c_proj,3072,1,0.5,6,0.8967745829224194,0.984375,0.819147526033382,0.4453415134221724
GPT-2,2,transformer.h.2.mlp.c_proj,3072,1,0.5,8,0.9246873710808582,0.99609375,0.856062732257478,0.4453415134221724
GPT-2,3,transformer.h.3.mlp.c_proj,3072,1,0.1,1,0.09993489583333331,0.09999999999999998,-65104.16666669072,0.20274181641857467
GPT-2,3,transformer.h.3.mlp.c_proj,3072,1,0.1,2,0.16640675962165685,0.18999999999999995,0.7378528846850766,0.20274181641857467
GPT-2,3,transformer.h.3.mlp.c_proj,3072,1,0.1,3,0.22231030433006538,0.2709999999999999,0.7152649376027219,0.20274181641857467
GPT-2,3,transformer.h.3.mlp.c_proj,3072,1,0.1,4,0.2704790336444008,0.3439,0.6989710276523198,0.20274181641857467
GPT-2,3,transformer.h.3.mlp.c_proj,3072,1,0.1,6,0.3507958888067061,0.46855899999999995,0.6804769081930061,0.20274181641857467
GPT-2,3,transformer.h.3.mlp.c_proj,3072,1,0.1,8,0.4160394750412541,0.5695327899999999,0.6730935128966267,0.20274181641857467
GPT-2,3,transformer.h.3.mlp.c_proj,3072,1,0.2,1,0.19986979166666663,0.19999999999999996,-130208.33333338144,0.2082072948171788
GPT-2,3,transformer.h.3.mlp.c_proj,3072,1,0.2,2,0.33105341344585776,0.3599999999999999,0.8190838340366116,0.2082072948171788
GPT-2,3,transformer.h.3.mlp.c_proj,3072,1,0.2,3,0.42940538194444444,0.4879999999999999,0.7965464650848768,0.2082072948171788
GPT-2,3,transformer.h.3.mlp.c_proj,3072,1,0.2,4,0.5046807209806811,0.5903999999999999,0.7804321746431381,0.2082072948171788
GPT-2,3,transformer.h.3.mlp.c_proj,3072,1,0.2,6,0.6112414478550295,0.7378559999999998,0.7645939579646404,0.2082072948171788
GPT-2,3,transformer.h.3.mlp.c_proj,3072,1,0.2,8,0.6821511448019802,0.8322278399999999,0.7626224507955555,0.2082072948171788
GPT-2,3,transformer.h.3.mlp.c_proj,3072,1,0.3,1,0.2998046875,0.30000000000000004,-195312.49999998888,0.2832259265137256
GPT-2,3,transformer.h.3.mlp.c_proj,3072,1,0.3,2,0.4675988920825179,0.51,0.7980899622977043,0.2832259265137256
GPT-2,3,transformer.h.3.mlp.c_proj,3072,1,0.3,3,0.5766193065767973,0.657,0.7748439960134377,0.2832259265137256
GPT-2,3,transformer.h.3.mlp.c_proj,3072,1,0.3,4,0.6506860879174853,0.7599,0.7625268273917922,0.2832259265137256
GPT-2,3,transformer.h.3.mlp.c_proj,3072,1,0.3,6,0.742715267504931,0.882351,0.760220670188479,0.2832259265137256
GPT-2,3,transformer.h.3.mlp.c_proj,3072,1,0.3,8,0.7980713696369636,0.94235199,0.7753869800215977,0.2832259265137256
GPT-2,3,transformer.h.3.mlp.c_proj,3072,1,0.5,1,0.5,0.5,0.0,0.455291900565159
GPT-2,3,transformer.h.3.mlp.c_proj,3072,1,0.5,2,0.6875904578440967,0.75,0.7503618313763867,0.455291900565159
GPT-2,3,transformer.h.3.mlp.c_proj,3072,1,0.5,3,0.7813955269607843,0.875,0.7503880718954248,0.455291900565159
GPT-2,3,transformer.h.3.mlp.c_proj,3072,1,0.5,4,0.834093734651277,0.9375,0.7636428220600617,0.455291900565159
GPT-2,3,transformer.h.3.mlp.c_proj,3072,1,0.5,6,0.8900240384615384,0.984375,0.8052109181141439,0.455291900565159
GPT-2,3,transformer.h.3.mlp.c_proj,3072,1,0.5,8,0.9193488294141914,0.99609375,0.8453015774018346,0.455291900565159
GPT-2,4,transformer.h.4.mlp.c_proj,3072,1,0.1,1,0.09993489583333331,0.09999999999999998,-65104.16666669072,0.20827740513661402
GPT-2,4,transformer.h.4.mlp.c_proj,3072,1,0.1,2,0.16556715794194393,0.18999999999999995,0.7285239771327108,0.20827740513661402
GPT-2,4,transformer.h.4.mlp.c_proj,3072,1,0.1,3,0.22145692912581696,0.2709999999999999,0.7102744393322633,0.20827740513661402
GPT-2,4,transformer.h.4.mlp.c_proj,3072,1,0.1,4,0.2702673491732155,0.3439,0.69810311264131,0.20827740513661402
GPT-2,4,transformer.h.4.mlp.c_proj,3072,1,0.1,6,0.35233167940499666,0.46855899999999995,0.6846439224248945,0.20827740513661402
GPT-2,4,transformer.h.4.mlp.c_proj,3072,1,0.1,8,0.41908518976897685,0.5695327899999999,0.6795802051843427,0.20827740513661402
GPT-2,4,transformer.h.4.mlp.c_proj,3072,1,0.2,1,0.19986979166666663,0.19999999999999996,-130208.33333338144,0.21891027852321612
GPT-2,4,transformer.h.4.mlp.c_proj,3072,1,0.2,2,0.3281237259458578,0.3599999999999999,0.8007732871616119,0.21891027852321612
GPT-2,4,transformer.h.4.mlp.c_proj,3072,1,0.2,3,0.4249425551470588,0.4879999999999999,0.7810505387050656,0.21891027852321612
GPT-2,4,transformer.h.4.mlp.c_proj,3072,1,0.2,4,0.4997058161427636,0.5903999999999999,0.767689078234538,0.21891027852321612
GPT-2,4,transformer.h.4.mlp.c_proj,3072,1,0.2,6,0.6055624897271532,0.7378559999999998,0.7540354476424048,0.21891027852321612
GPT-2,4,transformer.h.4.mlp.c_proj,3072,1,0.2,8,0.6764303578795379,0.8322278399999999,0.7535738348370391,0.21891027852321612
GPT-2,4,transformer.h.4.mlp.c_proj,3072,1,0.3,1,0.2998046875,0.30000000000000004,-195312.49999998888,0.295416300882539
GPT-2,4,transformer.h.4.mlp.c_proj,3072,1,0.3,2,0.46318939069634707,0.51,0.7770923366492717,0.295416300882539
GPT-2,4,transformer.h.4.mlp.c_proj,3072,1,0.3,3,0.5698197508169934,0.657,0.755797621336116,0.295416300882539
GPT-2,4,transformer.h.4.mlp.c_proj,3072,1,0.3,4,0.6433129451129665,0.7599,0.7464947708479377,0.295416300882539
GPT-2,4,transformer.h.4.mlp.c_proj,3072,1,0.3,6,0.7340648884368837,0.882351,0.7453664343958947,0.295416300882539
GPT-2,4,transformer.h.4.mlp.c_proj,3072,1,0.3,8,0.7877146503712872,0.94235199,0.7592638583890542,0.295416300882539
GPT-2,4,transformer.h.4.mlp.c_proj,3072,1,0.5,1,0.5,0.5,0.0,0.476409385211582
GPT-2,4,transformer.h.4.mlp.c_proj,3072,1,0.5,2,0.677771322570124,0.75,0.7110852902804958,0.476409385211582
GPT-2,4,transformer.h.4.mlp.c_proj,3072,1,0.5,3,0.7667955984477125,0.875,0.7114549291939,0.476409385211582
GPT-2,4,transformer.h.4.mlp.c_proj,3072,1,0.5,4,0.8178579833824493,0.9375,0.7265325334455984,0.476409385211582
GPT-2,4,transformer.h.4.mlp.c_proj,3072,1,0.5,6,0.8723155767176201,0.984375,0.7686515132234737,0.476409385211582
GPT-2,4,transformer.h.4.mlp.c_proj,3072,1,0.5,8,0.9022186984323433,0.99609375,0.8107715495959045,0.476409385211582
GPT-2,5,transformer.h.5.mlp.c_proj,3072,1,0.1,1,0.09993489583333331,0.09999999999999998,-65104.16666669072,0.16922634914350926
GPT-2,5,transformer.h.5.mlp.c_proj,3072,1,0.1,2,0.1710252058871494,0.18999999999999995,0.7891689543016605,0.16922634914350926
GPT-2,5,transformer.h.5.mlp.c_proj,3072,1,0.1,3,0.23107894199346407,0.2709999999999999,0.7665435204296148,0.16922634914350926
GPT-2,5,transformer.h.5.mlp.c_proj,3072,1,0.1,4,0.28275481438277666,0.3439,0.7493022319917043,0.16922634914350926
GPT-2,5,transformer.h.5.mlp.c_proj,3072,1,0.1,6,0.36763115857166334,0.46855899999999995,0.7261555370284359,0.16922634914350926
GPT-2,5,transformer.h.5.mlp.c_proj,3072,1,0.1,8,0.4346154341996699,0.5695327899999999,0.7126561580495154,0.16922634914350926
GPT-2,5,transformer.h.5.mlp.c_proj,3072,1,0.2,1,0.19986979166666663,0.19999999999999996,-130208.33333338144,0.22075537929862482
GPT-2,5,transformer.h.5.mlp.c_proj,3072,1,0.2,2,0.3276803551043705,0.3599999999999999,0.7980022194023162,0.22075537929862482
GPT-2,5,transformer.h.5.mlp.c_proj,3072,1,0.2,3,0.42110651552287587,0.4879999999999999,0.7677309566766526,0.22075537929862482
GPT-2,5,transformer.h.5.mlp.c_proj,3072,1,0.2,4,0.4918754092992796,0.5903999999999999,0.7476316836559417,0.22075537929862482
GPT-2,5,transformer.h.5.mlp.c_proj,3072,1,0.2,6,0.5896575546515451,0.7378559999999998,0.7244644563815319,0.22075537929862482
GPT-2,5,transformer.h.5.mlp.c_proj,3072,1,0.2,8,0.6541969626650165,0.8322278399999999,0.7184070898633894,0.22075537929862482
GPT-2,5,transformer.h.5.mlp.c_proj,3072,1,0.3,1,0.2998046875,0.30000000000000004,-195312.49999998888,0.3133177008561528
GPT-2,5,transformer.h.5.mlp.c_proj,3072,1,0.3,2,0.45698283594259625,0.51,0.7475373140123631,0.3133177008561528
GPT-2,5,transformer.h.5.mlp.c_proj,3072,1,0.3,3,0.5565027573529412,0.657,0.7184951186356896,0.3133177008561528
GPT-2,5,transformer.h.5.mlp.c_proj,3072,1,0.3,4,0.6243617489358219,0.7599,0.7052875601996561,0.3133177008561528
GPT-2,5,transformer.h.5.mlp.c_proj,3072,1,0.3,6,0.7088996240138067,0.882351,0.7021532100293579,0.3133177008561528
GPT-2,5,transformer.h.5.mlp.c_proj,3072,1,0.3,8,0.7603386705858086,0.94235199,0.7166455117322958,0.3133177008561528
GPT-2,5,transformer.h.5.mlp.c_proj,3072,1,0.5,1,0.5,0.5,0.0,0.500707041176368
GPT-2,5,transformer.h.5.mlp.c_proj,3072,1,0.5,2,0.6669552399298759,0.75,0.6678209597195037,0.500707041176368
GPT-2,5,transformer.h.5.mlp.c_proj,3072,1,0.5,3,0.7517386642156862,0.875,0.6713031045751633,0.500707041176368
GPT-2,5,transformer.h.5.mlp.c_proj,3072,1,0.5,4,0.8013875245579568,0.9375,0.688885770418187,0.500707041176368
GPT-2,5,transformer.h.5.mlp.c_proj,3072,1,0.5,6,0.8584260457758055,0.984375,0.7399763525694049,0.500707041176368
GPT-2,5,transformer.h.5.mlp.c_proj,3072,1,0.5,8,0.8913089160478547,0.99609375,0.7887801772303212,0.500707041176368
GPT-2,6,transformer.h.6.mlp.c_proj,3072,1,0.1,1,0.09993489583333331,0.09999999999999998,-65104.16666669072,0.19663790551206597
GPT-2,6,transformer.h.6.mlp.c_proj,3072,1,0.1,2,0.16711831886007827,0.18999999999999995,0.7457590984453146,0.19663790551206597
GPT-2,6,transformer.h.6.mlp.c_proj,3072,1,0.1,3,0.2241989634395425,0.2709999999999999,0.7263097277166232,0.19663790551206597
GPT-2,6,transformer.h.6.mlp.c_proj,3072,1,0.1,4,0.2739945307383759,0.3439,0.7133847098744399,0.19663790551206597
GPT-2,6,transformer.h.6.mlp.c_proj,3072,1,0.1,6,0.3572568673980933,0.46855899999999995,0.6980072862095168,0.19663790551206597
GPT-2,6,transformer.h.6.mlp.c_proj,3072,1,0.1,8,0.42430834880363033,0.5695327899999999,0.6907043676409275,0.19663790551206597
GPT-2,6,transformer.h.6.mlp.c_proj,3072,1,0.2,1,0.19986979166666663,0.19999999999999996,-130208.33333338144,0.22701936535703154
GPT-2,6,transformer.h.6.mlp.c_proj,3072,1,0.2,2,0.32595592282289626,0.3599999999999999,0.7872245176431022,0.22701936535703154
GPT-2,6,transformer.h.6.mlp.c_proj,3072,1,0.2,3,0.41939593545751636,0.4879999999999999,0.761791442560821,0.22701936535703154
GPT-2,6,transformer.h.6.mlp.c_proj,3072,1,0.2,4,0.4912269257531106,0.5903999999999999,0.7459706089987466,0.22701936535703154
GPT-2,6,transformer.h.6.mlp.c_proj,3072,1,0.2,6,0.5927894888231428,0.7378559999999998,0.7302874539340322,0.22701936535703154
GPT-2,6,transformer.h.6.mlp.c_proj,3072,1,0.2,8,0.6597533776815182,0.8322278399999999,0.7271957174197173,0.22701936535703154
GPT-2,6,transformer.h.6.mlp.c_proj,3072,1,0.3,1,0.2998046875,0.30000000000000004,-195312.49999998888,0.3144609179914224
GPT-2,6,transformer.h.6.mlp.c_proj,3072,1,0.3,2,0.45649041401663404,0.51,0.7451924476982573,0.3144609179914224
GPT-2,6,transformer.h.6.mlp.c_proj,3072,1,0.3,3,0.5581150428921569,0.657,0.7230113246278903,0.3144609179914224
GPT-2,6,transformer.h.6.mlp.c_proj,3072,1,0.3,4,0.6279878847413228,0.7599,0.7131721781720435,0.3144609179914224
GPT-2,6,transformer.h.6.mlp.c_proj,3072,1,0.3,6,0.715971194937541,0.882351,0.7142963520927087,0.3144609179914224
GPT-2,6,transformer.h.6.mlp.c_proj,3072,1,0.3,8,0.7689710963283829,0.94235199,0.7300842896561788,0.3144609179914224
GPT-2,6,transformer.h.6.mlp.c_proj,3072,1,0.5,1,0.5,0.5,0.0,0.4965450345384833
GPT-2,6,transformer.h.6.mlp.c_proj,3072,1,0.5,2,0.6686490949119374,0.75,0.6745963796477494,0.4965450345384833
GPT-2,6,transformer.h.6.mlp.c_proj,3072,1,0.5,3,0.7545368668300653,0.875,0.6787649782135073,0.4965450345384833
GPT-2,6,transformer.h.6.mlp.c_proj,3072,1,0.5,4,0.8047386624099542,0.9375,0.6965455140798953,0.4965450345384833
GPT-2,6,transformer.h.6.mlp.c_proj,3072,1,0.5,6,0.8610783664119,0.984375,0.7454521113019872,0.4965450345384833
GPT-2,6,transformer.h.6.mlp.c_proj,3072,1,0.5,8,0.893037721740924,0.99609375,0.7922650139029649,0.4965450345384833
GPT-2,7,transformer.h.7.mlp.c_proj,3072,1,0.1,1,0.09993489583333331,0.09999999999999998,-65104.16666669072,0.17467859518070364
GPT-2,7,transformer.h.7.mlp.c_proj,3072,1,0.1,2,0.1702926247553816,0.18999999999999995,0.7810291639486848,0.17467859518070364
GPT-2,7,transformer.h.7.mlp.c_proj,3072,1,0.1,3,0.22986685559640524,0.2709999999999999,0.7594552958854112,0.17467859518070364
GPT-2,7,transformer.h.7.mlp.c_proj,3072,1,0.1,4,0.28146935883267843,0.3439,0.744031811532097,0.17467859518070364
GPT-2,7,transformer.h.7.mlp.c_proj,3072,1,0.1,6,0.367859729413215,0.46855899999999995,0.7267757113873627,0.17467859518070364
GPT-2,7,transformer.h.7.mlp.c_proj,3072,1,0.1,8,0.4373575443481848,0.5695327899999999,0.7184962403758528,0.17467859518070364
GPT-2,7,transformer.h.7.mlp.c_proj,3072,1,0.2,1,0.19986979166666663,0.19999999999999996,-130208.33333338144,0.200025349665266
GPT-2,7,transformer.h.7.mlp.c_proj,3072,1,0.2,2,0.3332575271118721,0.3599999999999999,0.8328595444492014,0.200025349665266
GPT-2,7,transformer.h.7.mlp.c_proj,3072,1,0.2,3,0.4332924836601307,0.4879999999999999,0.8100433460421207,0.200025349665266
GPT-2,7,transformer.h.7.mlp.c_proj,3072,1,0.2,4,0.5097739388916175,0.5903999999999999,0.7934783270789384,0.200025349665266
GPT-2,7,transformer.h.7.mlp.c_proj,3072,1,0.2,6,0.6189358101166996,0.7378559999999998,0.7788995755679954,0.200025349665266
GPT-2,7,transformer.h.7.mlp.c_proj,3072,1,0.2,8,0.6916660220709571,0.8322278399999999,0.7776722108139957,0.200025349665266
GPT-2,7,transformer.h.7.mlp.c_proj,3072,1,0.3,1,0.2998046875,0.30000000000000004,-195312.49999998888,0.27836735829247483
GPT-2,7,transformer.h.7.mlp.c_proj,3072,1,0.3,2,0.46930039138943247,0.51,0.8061923399496784,0.27836735829247483
GPT-2,7,transformer.h.7.mlp.c_proj,3072,1,0.3,3,0.579675372753268,0.657,0.7834044054713388,0.27836735829247483
GPT-2,7,transformer.h.7.mlp.c_proj,3072,1,0.3,4,0.6546121633513424,0.7599,0.7710636298137473,0.27836735829247483
GPT-2,7,transformer.h.7.mlp.c_proj,3072,1,0.3,6,0.7492789745644313,0.882351,0.7714917198810188,0.27836735829247483
GPT-2,7,transformer.h.7.mlp.c_proj,3072,1,0.3,8,0.8050613655115513,0.94235199,0.7862688578446704,0.27836735829247483
GPT-2,7,transformer.h.7.mlp.c_proj,3072,1,0.5,1,0.5,0.5,0.0,0.4619584563344176
GPT-2,7,transformer.h.7.mlp.c_proj,3072,1,0.5,2,0.6843709230267448,0.75,0.7374836921069794,0.4619584563344176
GPT-2,7,transformer.h.7.mlp.c_proj,3072,1,0.5,3,0.7767195159313726,0.875,0.7379187091503269,0.4619584563344176
GPT-2,7,transformer.h.7.mlp.c_proj,3072,1,0.5,4,0.8290197026440734,0.9375,0.752045034615025,0.4619584563344176
GPT-2,7,transformer.h.7.mlp.c_proj,3072,1,0.5,6,0.886313614603879,0.984375,0.79755068821446,0.4619584563344176
GPT-2,7,transformer.h.7.mlp.c_proj,3072,1,0.5,8,0.9170405321782178,0.99609375,0.8406486317923131,0.4619584563344176
GPT-2,8,transformer.h.8.mlp.c_proj,3072,1,0.1,1,0.09993489583333331,0.09999999999999998,-65104.16666669072,0.1520168141192211
GPT-2,8,transformer.h.8.mlp.c_proj,3072,1,0.1,2,0.17362555039138944,0.18999999999999995,0.8180616710154387,0.1520168141192211
GPT-2,8,transformer.h.8.mlp.c_proj,3072,1,0.1,3,0.23577601613562094,0.2709999999999999,0.7940117902667895,0.1520168141192211
GPT-2,8,transformer.h.8.mlp.c_proj,3072,1,0.1,4,0.28953255464145383,0.3439,0.7770912449424102,0.1520168141192211
GPT-2,8,transformer.h.8.mlp.c_proj,3072,1,0.1,6,0.3786025589661407,0.46855899999999995,0.7559239062569106,0.1520168141192211
GPT-2,8,transformer.h.8.mlp.c_proj,3072,1,0.1,8,0.4506671565594059,0.5695327899999999,0.7468427424619397,0.1520168141192211
GPT-2,8,transformer.h.8.mlp.c_proj,3072,1,0.2,1,0.19986979166666663,0.19999999999999996,-130208.33333338144,0.18499408321928132
GPT-2,8,transformer.h.8.mlp.c_proj,3072,1,0.2,2,0.3374529874021526,0.3599999999999999,0.8590811712634546,0.18499408321928132
GPT-2,8,transformer.h.8.mlp.c_proj,3072,1,0.2,3,0.4404220281862745,0.4879999999999999,0.8347987089801202,0.18499408321928132
GPT-2,8,transformer.h.8.mlp.c_proj,3072,1,0.2,4,0.5196246213981662,0.5903999999999999,0.8187106080895653,0.18499408321928132
GPT-2,8,transformer.h.8.mlp.c_proj,3072,1,0.2,6,0.6316176395052597,0.7378559999999998,0.8024780601225231,0.18499408321928132
GPT-2,8,transformer.h.8.mlp.c_proj,3072,1,0.2,8,0.7058986953382838,0.8322278399999999,0.8001841477564225,0.18499408321928132
GPT-2,8,transformer.h.8.mlp.c_proj,3072,1,0.3,1,0.2998046875,0.30000000000000004,-195312.49999998888,0.2610417488231031
GPT-2,8,transformer.h.8.mlp.c_proj,3072,1,0.3,2,0.47568595075016307,0.51,0.8365997654769669,0.2610417488231031
GPT-2,8,transformer.h.8.mlp.c_proj,3072,1,0.3,3,0.5895546109068628,0.657,0.811077341475806,0.2610417488231031
GPT-2,8,transformer.h.8.mlp.c_proj,3072,1,0.3,4,0.6667638752455796,0.7599,0.7974861388249175,0.2610417488231031
GPT-2,8,transformer.h.8.mlp.c_proj,3072,1,0.3,6,0.762667062171269,0.882351,0.7944814418989046,0.2610417488231031
GPT-2,8,transformer.h.8.mlp.c_proj,3072,1,0.3,8,0.8192605198019802,0.94235199,0.8083738011023833,0.2610417488231031
GPT-2,8,transformer.h.8.mlp.c_proj,3072,1,0.5,1,0.5,0.5,0.0,0.442873490901948
GPT-2,8,transformer.h.8.mlp.c_proj,3072,1,0.5,2,0.6933619231082844,0.75,0.7734476924331375,0.442873490901948
GPT-2,8,transformer.h.8.mlp.c_proj,3072,1,0.5,3,0.7876219107434641,0.875,0.7669917619825709,0.442873490901948
GPT-2,8,transformer.h.8.mlp.c_proj,3072,1,0.5,4,0.8404564198592012,0.9375,0.778186102535317,0.442873490901948
GPT-2,8,transformer.h.8.mlp.c_proj,3072,1,0.5,6,0.8972310825525969,0.984375,0.8200899768827806,0.442873490901948
GPT-2,8,transformer.h.8.mlp.c_proj,3072,1,0.5,8,0.9269743966584159,0.99609375,0.8606727995634209,0.442873490901948
GPT-2,9,transformer.h.9.mlp.c_proj,3072,1,0.1,1,0.09993489583333331,0.09999999999999998,-65104.16666669072,0.1628221106211579
GPT-2,9,transformer.h.9.mlp.c_proj,3072,1,0.1,2,0.17198839081865622,0.18999999999999995,0.7998710090961807,0.1628221106211579
GPT-2,9,transformer.h.9.mlp.c_proj,3072,1,0.1,3,0.23253676470588236,0.2709999999999999,0.7750687994496048,0.1628221106211579
GPT-2,9,transformer.h.9.mlp.c_proj,3072,1,0.1,4,0.28459857973149966,0.3439,0.7568617455166038,0.1628221106211579
GPT-2,9,transformer.h.9.mlp.c_proj,3072,1,0.1,6,0.3720272949539776,0.46855899999999995,0.7380834410609363,0.1628221106211579
GPT-2,9,transformer.h.9.mlp.c_proj,3072,1,0.1,8,0.44264903052805277,0.5695327899999999,0.7297659243948709,0.1628221106211579
GPT-2,9,transformer.h.9.mlp.c_proj,3072,1,0.2,1,0.19986979166666663,0.19999999999999996,-130208.33333338144,0.19284885652879413
GPT-2,9,transformer.h.9.mlp.c_proj,3072,1,0.2,2,0.33523804427592957,0.3599999999999999,0.8452377767245605,0.19284885652879413
GPT-2,9,transformer.h.9.mlp.c_proj,3072,1,0.2,3,0.4358175040849673,0.4879999999999999,0.8188107780728033,0.19284885652879413
GPT-2,9,transformer.h.9.mlp.c_proj,3072,1,0.2,4,0.5127842071872954,0.5903999999999999,0.8011890552953266,0.19284885652879413
GPT-2,9,transformer.h.9.mlp.c_proj,3072,1,0.2,6,0.6224780161078237,0.7378559999999998,0.7854853643127971,0.19284885652879413
GPT-2,9,transformer.h.9.mlp.c_proj,3072,1,0.2,8,0.6960524958745875,0.8322278399999999,0.7846103326841596,0.19284885652879413
GPT-2,9,transformer.h.9.mlp.c_proj,3072,1,0.3,1,0.2998046875,0.30000000000000004,-195312.49999998888,0.27237732190806957
GPT-2,9,transformer.h.9.mlp.c_proj,3072,1,0.3,2,0.47152234181343766,0.51,0.8167730562544651,0.27237732190806957
GPT-2,9,transformer.h.9.mlp.c_proj,3072,1,0.3,3,0.5824429381127451,0.657,0.7911566893914427,0.27237732190806957
GPT-2,9,transformer.h.9.mlp.c_proj,3072,1,0.3,4,0.6578622554436805,0.7599,0.7781305837001098,0.27237732190806957
GPT-2,9,transformer.h.9.mlp.c_proj,3072,1,0.3,6,0.7533219818376069,0.882351,0.7784342807647052,0.27237732190806957
GPT-2,9,transformer.h.9.mlp.c_proj,3072,1,0.3,8,0.8110767326732673,0.94235199,0.7956334542892397,0.27237732190806957
GPT-2,9,transformer.h.9.mlp.c_proj,3072,1,0.5,1,0.5,0.5,0.0,0.45001715136327214
GPT-2,9,transformer.h.9.mlp.c_proj,3072,1,0.5,2,0.6901137220727332,0.75,0.760454888290933,0.45001715136327214
GPT-2,9,transformer.h.9.mlp.c_proj,3072,1,0.5,3,0.7843839358660131,0.875,0.7583571623093682,0.45001715136327214
GPT-2,9,transformer.h.9.mlp.c_proj,3072,1,0.5,4,0.837469814178127,0.9375,0.7713595752642904,0.45001715136327214
GPT-2,9,transformer.h.9.mlp.c_proj,3072,1,0.5,6,0.8962602985289283,0.984375,0.8180857776081101,0.45001715136327214
GPT-2,9,transformer.h.9.mlp.c_proj,3072,1,0.5,8,0.9278794090346535,0.99609375,0.8624970764793015,0.45001715136327214
GPT-2,10,transformer.h.10.mlp.c_proj,3072,1,0.1,1,0.09993489583333331,0.09999999999999998,-65104.16666669072,0.22185865170710262
GPT-2,10,transformer.h.10.mlp.c_proj,3072,1,0.1,2,0.16380004484670582,0.18999999999999995,0.7088893871856207,0.22185865170710262
GPT-2,10,transformer.h.10.mlp.c_proj,3072,1,0.1,3,0.21591924530228757,0.2709999999999999,0.6778903234051908,0.22185865170710262
GPT-2,10,transformer.h.10.mlp.c_proj,3072,1,0.1,4,0.2606091652341192,0.3439,0.6585041625015138,0.22185865170710262
GPT-2,10,transformer.h.10.mlp.c_proj,3072,1,0.1,6,0.33590796556541747,0.46855899999999995,0.6400819558480935,0.22185865170710262
GPT-2,10,transformer.h.10.mlp.c_proj,3072,1,0.1,8,0.39709416254125407,0.5695327899999999,0.6327442275996403,0.22185865170710262
GPT-2,10,transformer.h.10.mlp.c_proj,3072,1,0.2,1,0.19986979166666663,0.19999999999999996,-130208.33333338144,0.2223455678550711
GPT-2,10,transformer.h.10.mlp.c_proj,3072,1,0.2,2,0.32726310237279843,0.3599999999999999,0.7953943898299908,0.2223455678550711
GPT-2,10,transformer.h.10.mlp.c_proj,3072,1,0.2,3,0.4209163092320261,0.4879999999999999,0.7670705181667576,0.2223455678550711
GPT-2,10,transformer.h.10.mlp.c_proj,3072,1,0.2,4,0.4916873874426981,0.5903999999999999,0.7471500702937964,0.2223455678550711
GPT-2,10,transformer.h.10.mlp.c_proj,3072,1,0.2,6,0.5918045796351084,0.7378559999999998,0.7284562775819335,0.2223455678550711
GPT-2,10,transformer.h.10.mlp.c_proj,3072,1,0.2,8,0.6586923731435643,0.8322278399999999,0.7255175177726505,0.2223455678550711
GPT-2,10,transformer.h.10.mlp.c_proj,3072,1,0.3,1,0.2998046875,0.30000000000000004,-195312.49999998888,0.29610870795408806
GPT-2,10,transformer.h.10.mlp.c_proj,3072,1,0.3,2,0.46303650419928244,0.51,0.7763643057108688,0.29610870795408806
GPT-2,10,transformer.h.10.mlp.c_proj,3072,1,0.3,3,0.5661298764297384,0.657,0.7454618387387631,0.29610870795408806
GPT-2,10,transformer.h.10.mlp.c_proj,3072,1,0.3,4,0.6349728327603144,0.7599,0.7283601495114467,0.29610870795408806
GPT-2,10,transformer.h.10.mlp.c_proj,3072,1,0.3,6,0.7214158037475346,0.882351,0.723645711516825,0.29610870795408806
GPT-2,10,transformer.h.10.mlp.c_proj,3072,1,0.3,8,0.7739080548679869,0.94235199,0.7377700423532382,0.29610870795408806
GPT-2,10,transformer.h.10.mlp.c_proj,3072,1,0.5,1,0.5,0.5,0.0,0.4728362368978226
GPT-2,10,transformer.h.10.mlp.c_proj,3072,1,0.5,2,0.6795556353962818,0.75,0.7182225415851273,0.4728362368978226
GPT-2,10,transformer.h.10.mlp.c_proj,3072,1,0.5,3,0.765984987745098,0.875,0.7092933006535947,0.4728362368978226
GPT-2,10,transformer.h.10.mlp.c_proj,3072,1,0.5,4,0.8144518459397512,0.9375,0.7187470764337169,0.4728362368978226
GPT-2,10,transformer.h.10.mlp.c_proj,3072,1,0.5,6,0.8689531455456937,0.984375,0.7617097198362709,0.4728362368978226
GPT-2,10,transformer.h.10.mlp.c_proj,3072,1,0.5,8,0.8995481384075907,0.99609375,0.8053883734830175,0.4728362368978226
GPT-2,11,transformer.h.11.mlp.c_proj,3072,1,0.1,1,0.09993489583333331,0.09999999999999998,-65104.16666669072,0.4068923630401666
GPT-2,11,transformer.h.11.mlp.c_proj,3072,1,0.1,2,0.14291511232061319,0.18999999999999995,0.4768345813401468,0.4068923630401666
GPT-2,11,transformer.h.11.mlp.c_proj,3072,1,0.1,3,0.17225413602941175,0.2709999999999999,0.4225388071895426,0.4068923630401666
GPT-2,11,transformer.h.11.mlp.c_proj,3072,1,0.1,4,0.1949166308529797,0.3439,0.3891620781179979,0.4068923630401666
GPT-2,11,transformer.h.11.mlp.c_proj,3072,1,0.1,6,0.23039812417817226,0.46855899999999995,0.3538052908168632,0.4068923630401666
GPT-2,11,transformer.h.11.mlp.c_proj,3072,1,0.1,8,0.25824308993399336,0.5695327899999999,0.33702244721607916,0.4068923630401666
GPT-2,11,transformer.h.11.mlp.c_proj,3072,1,0.2,1,0.19986979166666663,0.19999999999999996,-130208.33333338144,0.2914341367924424
GPT-2,11,transformer.h.11.mlp.c_proj,3072,1,0.2,2,0.3099614471216569,0.3599999999999999,0.6872590445103561,0.2914341367924424
GPT-2,11,transformer.h.11.mlp.c_proj,3072,1,0.2,3,0.3902165032679739,0.4879999999999999,0.6604739696804652,0.2914341367924424
GPT-2,11,transformer.h.11.mlp.c_proj,3072,1,0.2,4,0.4515894881712508,0.5903999999999999,0.6444402873239007,0.2914341367924424
GPT-2,11,transformer.h.11.mlp.c_proj,3072,1,0.2,6,0.540987374671269,0.7378559999999998,0.6339752176628486,0.2914341367924424
GPT-2,11,transformer.h.11.mlp.c_proj,3072,1,0.2,8,0.6034724370874587,0.8322278399999999,0.6381756885104249,0.2914341367924424
GPT-2,11,transformer.h.11.mlp.c_proj,3072,1,0.3,1,0.2998046875,0.30000000000000004,-195312.49999998888,0.32249592693242257
GPT-2,11,transformer.h.11.mlp.c_proj,3072,1,0.3,2,0.453802796803653,0.51,0.7323942704935856,0.32249592693242257
GPT-2,11,transformer.h.11.mlp.c_proj,3072,1,0.3,3,0.5510231566584968,0.657,0.703146097082624,0.32249592693242257
GPT-2,11,transformer.h.11.mlp.c_proj,3072,1,0.3,4,0.6158713470039293,0.7599,0.6868261513457911,0.32249592693242257
GPT-2,11,transformer.h.11.mlp.c_proj,3072,1,0.3,6,0.6972226074539776,0.882351,0.6821017006135089,0.32249592693242257
GPT-2,11,transformer.h.11.mlp.c_proj,3072,1,0.3,8,0.7463238706683168,0.94235199,0.69482756746549,0.32249592693242257
GPT-2,11,transformer.h.11.mlp.c_proj,3072,1,0.5,1,0.5,0.5,0.0,0.48981284032123645
GPT-2,11,transformer.h.11.mlp.c_proj,3072,1,0.5,2,0.6718176675636007,0.75,0.6872706702544029,0.48981284032123645
GPT-2,11,transformer.h.11.mlp.c_proj,3072,1,0.5,3,0.7509331597222223,0.875,0.6691550925925928,0.48981284032123645
GPT-2,11,transformer.h.11.mlp.c_proj,3072,1,0.5,4,0.7942292638752456,0.9375,0.6725240317148471,0.48981284032123645
GPT-2,11,transformer.h.11.mlp.c_proj,3072,1,0.5,6,0.8432074652777778,0.984375,0.7085573476702509,0.48981284032123645
GPT-2,11,transformer.h.11.mlp.c_proj,3072,1,0.5,8,0.8710241336633663,0.99609375,0.7478911670694628,0.48981284032123645
GPT-2,0,transformer.h.0.mlp.c_proj,3072,2,0.1,1,0.09993489583333331,0.09999999999999998,-65104.16666669072,0.2390857045880244
GPT-2,0,transformer.h.0.mlp.c_proj,3072,2,0.1,2,0.1615857387475538,0.18999999999999995,0.6842859860839315,0.2390857045880244
GPT-2,0,transformer.h.0.mlp.c_proj,3072,2,0.1,3,0.21111685559640522,0.2709999999999999,0.6498061730783935,0.2390857045880244
GPT-2,0,transformer.h.0.mlp.c_proj,3072,2,0.1,4,0.2535500317206942,0.3439,0.6295614256691029,0.2390857045880244
GPT-2,0,transformer.h.0.mlp.c_proj,3072,2,0.1,6,0.32261747000328733,0.46855899999999995,0.604021255764443,0.2390857045880244
GPT-2,0,transformer.h.0.mlp.c_proj,3072,2,0.1,8,0.37655669863861385,0.5695327899999999,0.5890040153289697,0.2390857045880244
GPT-2,0,transformer.h.0.mlp.c_proj,3072,2,0.2,1,0.19986979166666663,0.19999999999999996,-130208.33333338144,0.23141084560589925
GPT-2,0,transformer.h.0.mlp.c_proj,3072,2,0.2,2,0.3254768784654272,0.3599999999999999,0.7842304904089207,0.23141084560589925
GPT-2,0,transformer.h.0.mlp.c_proj,3072,2,0.2,3,0.4201580371732026,0.4879999999999999,0.7644376290736205,0.23141084560589925
GPT-2,0,transformer.h.0.mlp.c_proj,3072,2,0.2,4,0.49530456982645704,0.5903999999999999,0.7564153940226872,0.23141084560589925
GPT-2,0,transformer.h.0.mlp.c_proj,3072,2,0.2,6,0.6009403507149902,0.7378559999999998,0.7454418110330465,0.23141084560589925
GPT-2,0,transformer.h.0.mlp.c_proj,3072,2,0.2,8,0.6728309354372938,0.8322278399999999,0.7478805986102951,0.23141084560589925
GPT-2,0,transformer.h.0.mlp.c_proj,3072,2,0.3,1,0.2998046875,0.30000000000000004,-195312.49999998888,0.2729054417798209
GPT-2,0,transformer.h.0.mlp.c_proj,3072,2,0.3,2,0.47262822080887146,0.51,0.8220391467089116,0.2729054417798209
GPT-2,0,transformer.h.0.mlp.c_proj,3072,2,0.3,3,0.5877457363153594,0.657,0.8060104658693541,0.2729054417798209
GPT-2,0,transformer.h.0.mlp.c_proj,3072,2,0.3,4,0.6693885068762279,0.7599,0.8031931004049312,0.2729054417798209
GPT-2,0,transformer.h.0.mlp.c_proj,3072,2,0.3,6,0.7698497082511506,0.882351,0.8068153197146576,0.2729054417798209
GPT-2,0,transformer.h.0.mlp.c_proj,3072,2,0.3,8,0.8275545327970297,0.94235199,0.821285745214286,0.2729054417798209
GPT-2,0,transformer.h.0.mlp.c_proj,3072,2,0.5,1,0.5,0.5,0.0,0.41745902488735065
GPT-2,0,transformer.h.0.mlp.c_proj,3072,2,0.5,2,0.7071707589285714,0.75,0.8286830357142856,0.41745902488735065
GPT-2,0,transformer.h.0.mlp.c_proj,3072,2,0.5,3,0.8098607281454248,0.875,0.826295275054466,0.41745902488735065
GPT-2,0,transformer.h.0.mlp.c_proj,3072,2,0.5,4,0.8660082064505567,0.9375,0.8365901861727009,0.41745902488735065
GPT-2,0,transformer.h.0.mlp.c_proj,3072,2,0.5,6,0.9181941105769231,0.984375,0.8633684863523574,0.41745902488735065
GPT-2,0,transformer.h.0.mlp.c_proj,3072,2,0.5,8,0.9418213696369637,0.99609375,0.890600556118604,0.41745902488735065
GPT-2,1,transformer.h.1.mlp.c_proj,3072,2,0.1,1,0.09993489583333331,0.09999999999999998,-65104.16666669072,0.1698161003721741
GPT-2,1,transformer.h.1.mlp.c_proj,3072,2,0.1,2,0.17116535184279189,0.18999999999999995,0.790726131586577,0.1698161003721741
GPT-2,1,transformer.h.1.mlp.c_proj,3072,2,0.1,3,0.2272799223856209,0.2709999999999999,0.7443270314948595,0.1698161003721741
GPT-2,1,transformer.h.1.mlp.c_proj,3072,2,0.1,4,0.2735935453503601,0.3439,0.71174065334301,0.1698161003721741
GPT-2,1,transformer.h.1.mlp.c_proj,3072,2,0.1,6,0.34552013991617353,0.46855899999999995,0.6661623781163221,0.1698161003721741
GPT-2,1,transformer.h.1.mlp.c_proj,3072,2,0.1,8,0.4004209209983498,0.5695327899999999,0.6398294802762334,0.1698161003721741
GPT-2,1,transformer.h.1.mlp.c_proj,3072,2,0.2,1,0.19986979166666663,0.19999999999999996,-130208.33333338144,0.20214490659760817
GPT-2,1,transformer.h.1.mlp.c_proj,3072,2,0.2,2,0.33304985628669276,0.3599999999999999,0.8315616017918304,0.20214490659760817
GPT-2,1,transformer.h.1.mlp.c_proj,3072,2,0.2,3,0.4295981413398693,0.4879999999999999,0.7972157685412131,0.20214490659760817
GPT-2,1,transformer.h.1.mlp.c_proj,3072,2,0.2,4,0.5040098538801572,0.5903999999999999,0.7787137650618782,0.20214490659760817
GPT-2,1,transformer.h.1.mlp.c_proj,3072,2,0.2,6,0.6069544604700854,0.7378559999999998,0.756623446554627,0.20214490659760817
GPT-2,1,transformer.h.1.mlp.c_proj,3072,2,0.2,8,0.6760358653052805,0.8322278399999999,0.7529498626717871,0.20214490659760817
GPT-2,1,transformer.h.1.mlp.c_proj,3072,2,0.3,1,0.2998046875,0.30000000000000004,-195312.49999998888,0.27342534761402204
GPT-2,1,transformer.h.1.mlp.c_proj,3072,2,0.3,2,0.4715503710045662,0.51,0.8169065285931724,0.27342534761402204
GPT-2,1,transformer.h.1.mlp.c_proj,3072,2,0.3,3,0.5822106055964053,0.657,0.7905058980291463,0.27342534761402204
GPT-2,1,transformer.h.1.mlp.c_proj,3072,2,0.3,4,0.6588215506303209,0.7599,0.7802164614705824,0.27342534761402204
GPT-2,1,transformer.h.1.mlp.c_proj,3072,2,0.3,6,0.7531004735782381,0.882351,0.7780539117787005,0.27342534761402204
GPT-2,1,transformer.h.1.mlp.c_proj,3072,2,0.3,8,0.8078112108085809,0.94235199,0.7905497588768748,0.27342534761402204
GPT-2,1,transformer.h.1.mlp.c_proj,3072,2,0.5,1,0.5,0.5,0.0,0.4322561579653612
GPT-2,1,transformer.h.1.mlp.c_proj,3072,2,0.5,2,0.6987301502364646,0.75,0.7949206009458583,0.4322561579653612
GPT-2,1,transformer.h.1.mlp.c_proj,3072,2,0.5,3,0.7967913858251635,0.875,0.7914436955337694,0.4322561579653612
GPT-2,1,transformer.h.1.mlp.c_proj,3072,2,0.5,4,0.851978834111002,0.9375,0.8045230493965759,0.4322561579653612
GPT-2,1,transformer.h.1.mlp.c_proj,3072,2,0.5,6,0.9054037742439184,0.984375,0.8369626306971218,0.4322561579653612
GPT-2,1,transformer.h.1.mlp.c_proj,3072,2,0.5,8,0.9304932446369636,0.99609375,0.8677659104493124,0.4322561579653612
GPT-2,2,transformer.h.2.mlp.c_proj,3072,2,0.1,1,0.09993489583333331,0.09999999999999998,-65104.16666669072,0.20256308630979214
GPT-2,2,transformer.h.2.mlp.c_proj,3072,2,0.1,2,0.16653097990052185,0.18999999999999995,0.7392331100057987,0.20256308630979214
GPT-2,2,transformer.h.2.mlp.c_proj,3072,2,0.1,3,0.2191699857026144,0.2709999999999999,0.6969005011848799,0.20256308630979214
GPT-2,2,transformer.h.2.mlp.c_proj,3072,2,0.1,4,0.26307647245415844,0.3439,0.6686202232642823,0.20256308630979214
GPT-2,2,transformer.h.2.mlp.c_proj,3072,2,0.1,6,0.33461487097304404,0.46855899999999995,0.636573441356863,0.20256308630979214
GPT-2,2,transformer.h.2.mlp.c_proj,3072,2,0.1,8,0.3913488809818482,0.5695327899999999,0.6205080607508758,0.20256308630979214
GPT-2,2,transformer.h.2.mlp.c_proj,3072,2,0.2,1,0.19986979166666663,0.19999999999999996,-130208.33333338144,0.2050716266512191
GPT-2,2,transformer.h.2.mlp.c_proj,3072,2,0.2,2,0.3319509845890411,0.3599999999999999,0.8246936536815075,0.2050716266512191
GPT-2,2,transformer.h.2.mlp.c_proj,3072,2,0.2,3,0.4286617902369281,0.4879999999999999,0.7939645494337784,0.2050716266512191
GPT-2,2,transformer.h.2.mlp.c_proj,3072,2,0.2,4,0.5020631241814014,0.5903999999999999,0.7737272648089177,0.2050716266512191
GPT-2,2,transformer.h.2.mlp.c_proj,3072,2,0.2,6,0.6039226865548981,0.7378559999999998,0.750986670326069,0.2050716266512191
GPT-2,2,transformer.h.2.mlp.c_proj,3072,2,0.2,8,0.6706270627062707,0.8322278399999999,0.7443947148962481,0.2050716266512191
GPT-2,2,transformer.h.2.mlp.c_proj,3072,2,0.3,1,0.2998046875,0.30000000000000004,-195312.49999998888,0.2809270645862205
GPT-2,2,transformer.h.2.mlp.c_proj,3072,2,0.3,2,0.4684818116030659,0.51,0.8022943409669805,0.2809270645862205
GPT-2,2,transformer.h.2.mlp.c_proj,3072,2,0.3,3,0.576242085375817,0.657,0.7737873539938851,0.2809270645862205
GPT-2,2,transformer.h.2.mlp.c_proj,3072,2,0.3,4,0.6492759239931237,0.7599,0.7594605870691971,0.2809270645862205
GPT-2,2,transformer.h.2.mlp.c_proj,3072,2,0.3,6,0.7392263519066404,0.882351,0.7542295830292047,0.2809270645862205
GPT-2,2,transformer.h.2.mlp.c_proj,3072,2,0.3,8,0.7919941212871288,0.94235199,0.7659260482514092,0.2809270645862205
GPT-2,2,transformer.h.2.mlp.c_proj,3072,2,0.5,1,0.5,0.5,0.0,0.44646725400885473
GPT-2,2,transformer.h.2.mlp.c_proj,3072,2,0.5,2,0.6918266878669276,0.75,0.7673067514677103,0.44646725400885473
GPT-2,2,transformer.h.2.mlp.c_proj,3072,2,0.5,3,0.7862649356617647,0.875,0.7633731617647058,0.44646725400885473
GPT-2,2,transformer.h.2.mlp.c_proj,3072,2,0.5,4,0.83972096021611,0.9375,0.776505051922537,0.44646725400885473
GPT-2,2,transformer.h.2.mlp.c_proj,3072,2,0.5,6,0.8952304456360947,0.984375,0.8159596297003244,0.44646725400885473
GPT-2,2,transformer.h.2.mlp.c_proj,3072,2,0.5,8,0.9231287386551156,0.99609375,0.8529209220134614,0.44646725400885473
GPT-2,3,transformer.h.3.mlp.c_proj,3072,2,0.1,1,0.09993489583333331,0.09999999999999998,-65104.16666669072,0.20233594691144519
GPT-2,3,transformer.h.3.mlp.c_proj,3072,2,0.1,2,0.16646154394977167,0.18999999999999995,0.7384615994419078,0.20233594691144519
GPT-2,3,transformer.h.3.mlp.c_proj,3072,2,0.1,3,0.22229307087418299,0.2709999999999999,0.7151641571589652,0.20233594691144519
GPT-2,3,transformer.h.3.mlp.c_proj,3072,2,0.1,4,0.2704342665356909,0.3439,0.6987874806711395,0.20233594691144519
GPT-2,3,transformer.h.3.mlp.c_proj,3072,2,0.1,6,0.35094677124424717,0.46855899999999995,0.6808862929524097,0.20233594691144519
GPT-2,3,transformer.h.3.mlp.c_proj,3072,2,0.1,8,0.41613358601485145,0.5695327899999999,0.6732939482562048,0.20233594691144519
GPT-2,3,transformer.h.3.mlp.c_proj,3072,2,0.2,1,0.19986979166666663,0.19999999999999996,-130208.33333338144,0.20816652320447257
GPT-2,3,transformer.h.3.mlp.c_proj,3072,2,0.2,2,0.3310629688519244,0.3599999999999999,0.819143555324528,0.20816652320447257
GPT-2,3,transformer.h.3.mlp.c_proj,3072,2,0.2,3,0.42933070363562087,0.4879999999999999,0.7962871654014617,0.20816652320447257
GPT-2,3,transformer.h.3.mlp.c_proj,3072,2,0.2,4,0.5044741527504911,0.5903999999999999,0.7799030552010532,0.20816652320447257
GPT-2,3,transformer.h.3.mlp.c_proj,3072,2,0.2,6,0.6107117541913215,0.7378559999999998,0.7636091336553308,0.20816652320447257
GPT-2,3,transformer.h.3.mlp.c_proj,3072,2,0.2,8,0.6813441109735973,0.8322278399999999,0.7613459587189285,0.20816652320447257
GPT-2,3,transformer.h.3.mlp.c_proj,3072,2,0.3,1,0.2998046875,0.30000000000000004,-195312.49999998888,0.28328648737622036
GPT-2,3,transformer.h.3.mlp.c_proj,3072,2,0.3,2,0.467580418297456,0.51,0.7980019918926476,0.28328648737622036
GPT-2,3,transformer.h.3.mlp.c_proj,3072,2,0.3,3,0.5767514297385621,0.657,0.7752140889035352,0.28328648737622036
GPT-2,3,transformer.h.3.mlp.c_proj,3072,2,0.3,4,0.6508773074246889,0.7599,0.7629426123607064,0.28328648737622036
GPT-2,3,transformer.h.3.mlp.c_proj,3072,2,0.3,6,0.7429573214579224,0.882351,0.760636319776084,0.28328648737622036
GPT-2,3,transformer.h.3.mlp.c_proj,3072,2,0.3,8,0.7982267172029703,0.94235199,0.7756288218286213,0.28328648737622036
GPT-2,3,transformer.h.3.mlp.c_proj,3072,2,0.5,1,0.5,0.5,0.0,0.455195641125261
GPT-2,3,transformer.h.3.mlp.c_proj,3072,2,0.5,2,0.6876261313600783,0.75,0.7505045254403133,0.455195641125261
GPT-2,3,transformer.h.3.mlp.c_proj,3072,2,0.5,3,0.7813961652369281,0.875,0.7503897739651416,0.455195641125261
GPT-2,3,transformer.h.3.mlp.c_proj,3072,2,0.5,4,0.8339600728552717,0.9375,0.7633373093834782,0.455195641125261
GPT-2,3,transformer.h.3.mlp.c_proj,3072,2,0.5,6,0.8895656126725838,0.984375,0.8042644906788827,0.455195641125261
GPT-2,3,transformer.h.3.mlp.c_proj,3072,2,0.5,8,0.9186971431518153,0.99609375,0.8439879421012969,0.455195641125261
GPT-2,4,transformer.h.4.mlp.c_proj,3072,2,0.1,1,0.09993489583333331,0.09999999999999998,-65104.16666669072,0.2068822513277671
GPT-2,4,transformer.h.4.mlp.c_proj,3072,2,0.1,2,0.16575253281963473,0.18999999999999995,0.7305836979959418,0.2068822513277671
GPT-2,4,transformer.h.4.mlp.c_proj,3072,2,0.1,3,0.22177542892156862,0.2709999999999999,0.7121370112372438,0.2068822513277671
GPT-2,4,transformer.h.4.mlp.c_proj,3072,2,0.1,4,0.2705915909462999,0.3439,0.6994325172050018,0.2068822513277671
GPT-2,4,transformer.h.4.mlp.c_proj,3072,2,0.1,6,0.35262060322156474,0.46855899999999995,0.6854278506875827,0.2068822513277671
GPT-2,4,transformer.h.4.mlp.c_proj,3072,2,0.1,8,0.41930628609735976,0.5695327899999999,0.6800510909948586,0.2068822513277671
GPT-2,4,transformer.h.4.mlp.c_proj,3072,2,0.2,1,0.19986979166666663,0.19999999999999996,-130208.33333338144,0.21901122501027268
GPT-2,4,transformer.h.4.mlp.c_proj,3072,2,0.2,2,0.32809314864644484,0.3599999999999999,0.8005821790402808,0.21901122501027268
GPT-2,4,transformer.h.4.mlp.c_proj,3072,2,0.2,3,0.42492723651960784,0.4879999999999999,0.7809973490264165,0.21901122501027268
GPT-2,4,transformer.h.4.mlp.c_proj,3072,2,0.2,4,0.4995376197200393,0.5903999999999999,0.7672582472337074,0.21901122501027268
GPT-2,4,transformer.h.4.mlp.c_proj,3072,2,0.2,6,0.6052754920693622,0.7378559999999998,0.753501851925724,0.21901122501027268
GPT-2,4,transformer.h.4.mlp.c_proj,3072,2,0.2,8,0.6758992110148515,0.8322278399999999,0.7527337154511443,0.21901122501027268
GPT-2,4,transformer.h.4.mlp.c_proj,3072,2,0.3,1,0.2998046875,0.30000000000000004,-195312.49999998888,0.2951482547064107
GPT-2,4,transformer.h.4.mlp.c_proj,3072,2,0.3,2,0.4632741152968036,0.51,0.7774957871276362,0.2951482547064107
GPT-2,4,transformer.h.4.mlp.c_proj,3072,2,0.3,3,0.570108251633987,0.657,0.7566057468739132,0.2951482547064107
GPT-2,4,transformer.h.4.mlp.c_proj,3072,2,0.3,4,0.6436608495006549,0.7599,0.7472512491860294,0.2951482547064107
GPT-2,4,transformer.h.4.mlp.c_proj,3072,2,0.3,6,0.7344270062869822,0.882351,0.7459882549991023,0.2951482547064107
GPT-2,4,transformer.h.4.mlp.c_proj,3072,2,0.3,8,0.7879015831270627,0.94235199,0.7595548713518622,0.2951482547064107
GPT-2,4,transformer.h.4.mlp.c_proj,3072,2,0.5,1,0.5,0.5,0.0,0.47572462070696453
GPT-2,4,transformer.h.4.mlp.c_proj,3072,2,0.5,2,0.6780993915117417,0.75,0.7123975660469668,0.47572462070696453
GPT-2,4,transformer.h.4.mlp.c_proj,3072,2,0.5,3,0.7673055810866012,0.875,0.7128148828976032,0.47572462070696453
GPT-2,4,transformer.h.4.mlp.c_proj,3072,2,0.5,4,0.8183766423133595,0.9375,0.7277180395733931,0.47572462070696453
GPT-2,4,transformer.h.4.mlp.c_proj,3072,2,0.5,6,0.8726128472222222,0.984375,0.7692652329749103,0.47572462070696453
GPT-2,4,transformer.h.4.mlp.c_proj,3072,2,0.5,8,0.9023792027640264,0.99609375,0.8110950858865413,0.47572462070696453
GPT-2,5,transformer.h.5.mlp.c_proj,3072,2,0.1,1,0.09993489583333331,0.09999999999999998,-65104.16666669072,0.16900839181776559
GPT-2,5,transformer.h.5.mlp.c_proj,3072,2,0.1,2,0.17105642021363338,0.18999999999999995,0.7895157801514824,0.16900839181776559
GPT-2,5,transformer.h.5.mlp.c_proj,3072,2,0.1,3,0.23107766544117647,0.2709999999999999,0.7665360552115588,0.16900839181776559
GPT-2,5,transformer.h.5.mlp.c_proj,3072,2,0.1,4,0.28270429150294696,0.3439,0.7490950861129437,0.16900839181776559
GPT-2,5,transformer.h.5.mlp.c_proj,3072,2,0.1,6,0.3673171946909928,0.46855899999999995,0.7253036683163152,0.16900839181776559
GPT-2,5,transformer.h.5.mlp.c_proj,3072,2,0.1,8,0.43416228341584157,0.5695327899999999,0.7116910480646976,0.16900839181776559
GPT-2,5,transformer.h.5.mlp.c_proj,3072,2,0.2,1,0.19986979166666663,0.19999999999999996,-130208.33333338144,0.22030013344379995
GPT-2,5,transformer.h.5.mlp.c_proj,3072,2,0.2,2,0.32780075322080887,0.3599999999999999,0.7987547076300561,0.22030013344379995
GPT-2,5,transformer.h.5.mlp.c_proj,3072,2,0.2,3,0.42138480392156863,0.4879999999999999,0.7686972358387802,0.22030013344379995
GPT-2,5,transformer.h.5.mlp.c_proj,3072,2,0.2,4,0.49227703421741975,0.5903999999999999,0.7486604360077351,0.22030013344379995
GPT-2,5,transformer.h.5.mlp.c_proj,3072,2,0.2,6,0.5901185486522024,0.7378559999999998,0.7253215519622398,0.22030013344379995
GPT-2,5,transformer.h.5.mlp.c_proj,3072,2,0.2,8,0.6544219265676569,0.8322278399999999,0.718762917127561,0.22030013344379995
GPT-2,5,transformer.h.5.mlp.c_proj,3072,2,0.3,1,0.2998046875,0.30000000000000004,-195312.49999998888,0.3120608071486188
GPT-2,5,transformer.h.5.mlp.c_proj,3072,2,0.3,2,0.45742811786529686,0.51,0.7496577041204612,0.3120608071486188
GPT-2,5,transformer.h.5.mlp.c_proj,3072,2,0.3,3,0.5570931627859478,0.657,0.7201489153668005,0.3120608071486188
GPT-2,5,transformer.h.5.mlp.c_proj,3072,2,0.3,4,0.6249296516863131,0.7599,0.7065223998397762,0.3120608071486188
GPT-2,5,transformer.h.5.mlp.c_proj,3072,2,0.3,6,0.7093901524490466,0.882351,0.7029955343925683,0.3120608071486188
GPT-2,5,transformer.h.5.mlp.c_proj,3072,2,0.3,8,0.7605816831683169,0.94235199,0.7170238285839463,0.3120608071486188
GPT-2,5,transformer.h.5.mlp.c_proj,3072,2,0.5,1,0.5,0.5,0.0,0.5005529825817494
GPT-2,5,transformer.h.5.mlp.c_proj,3072,2,0.5,2,0.6670265869618396,0.75,0.6681063478473583,0.5005529825817494
GPT-2,5,transformer.h.5.mlp.c_proj,3072,2,0.5,3,0.7518139808006535,0.875,0.6715039488017428,0.5005529825817494
GPT-2,5,transformer.h.5.mlp.c_proj,3072,2,0.5,4,0.8014450822691552,0.9375,0.6890173309009262,0.5005529825817494
GPT-2,5,transformer.h.5.mlp.c_proj,3072,2,0.5,6,0.858474841798159,0.984375,0.7400770927445863,0.5005529825817494
GPT-2,5,transformer.h.5.mlp.c_proj,3072,2,0.5,8,0.8913089160478547,0.99609375,0.7887801772303212,0.5005529825817494
GPT-2,6,transformer.h.6.mlp.c_proj,3072,2,0.1,1,0.09993489583333331,0.09999999999999998,-65104.16666669072,0.19766594849204894
GPT-2,6,transformer.h.6.mlp.c_proj,3072,2,0.1,2,0.16698135803979125,0.18999999999999995,0.7442373115532366,0.19766594849204894
GPT-2,6,transformer.h.6.mlp.c_proj,3072,2,0.1,3,0.22389578227124185,0.2709999999999999,0.7245367384283153,0.19766594849204894
GPT-2,6,transformer.h.6.mlp.c_proj,3072,2,0.1,4,0.27337738416830387,0.3439,0.7108543836338822,0.19766594849204894
GPT-2,6,transformer.h.6.mlp.c_proj,3072,2,0.1,6,0.35627645258053914,0.46855899999999995,0.6953471563047955,0.19766594849204894
GPT-2,6,transformer.h.6.mlp.c_proj,3072,2,0.1,8,0.422901196369637,0.5695327899999999,0.6877074471617564,0.19766594849204894
GPT-2,6,transformer.h.6.mlp.c_proj,3072,2,0.2,1,0.19986979166666663,0.19999999999999996,-130208.33333338144,0.22683300940147846
GPT-2,6,transformer.h.6.mlp.c_proj,3072,2,0.2,2,0.32601771444879324,0.3599999999999999,0.7876107153049583,0.22683300940147846
GPT-2,6,transformer.h.6.mlp.c_proj,3072,2,0.2,3,0.41951337826797386,0.4879999999999999,0.7621992300971318,0.22683300940147846
GPT-2,6,transformer.h.6.mlp.c_proj,3072,2,0.2,4,0.49118727488539626,0.5903999999999999,0.7458690442761177,0.22683300940147846
GPT-2,6,transformer.h.6.mlp.c_proj,3072,2,0.2,6,0.5927400507478633,0.7378559999999998,0.7301955369984966,0.22683300940147846
GPT-2,6,transformer.h.6.mlp.c_proj,3072,2,0.2,8,0.6597462871287129,0.8322278399999999,0.7271845022337405,0.22683300940147846
GPT-2,6,transformer.h.6.mlp.c_proj,3072,2,0.3,1,0.2998046875,0.30000000000000004,-195312.49999998888,0.3142350967820658
GPT-2,6,transformer.h.6.mlp.c_proj,3072,2,0.3,2,0.4565859680772994,0.51,0.745647467034759,0.3142350967820658
GPT-2,6,transformer.h.6.mlp.c_proj,3072,2,0.3,3,0.5582688674428105,0.657,0.7234422057221581,0.3142350967820658
GPT-2,6,transformer.h.6.mlp.c_proj,3072,2,0.3,4,0.6279629430664702,0.7599,0.7131179453500112,0.3142350967820658
GPT-2,6,transformer.h.6.mlp.c_proj,3072,2,0.3,6,0.7159435866617357,0.882351,0.7142489437843083,0.3142350967820658
GPT-2,6,transformer.h.6.mlp.c_proj,3072,2,0.3,8,0.7687190594059405,0.94235199,0.7296919239028753,0.3142350967820658
GPT-2,6,transformer.h.6.mlp.c_proj,3072,2,0.5,1,0.5,0.5,0.0,0.49620905627497
GPT-2,6,transformer.h.6.mlp.c_proj,3072,2,0.5,2,0.6688172700587084,0.75,0.6752690802348336,0.49620905627497
GPT-2,6,transformer.h.6.mlp.c_proj,3072,2,0.5,3,0.7546357996323529,0.875,0.6790287990196079,0.49620905627497
GPT-2,6,transformer.h.6.mlp.c_proj,3072,2,0.5,4,0.8047252322773413,0.9375,0.6965148166339229,0.49620905627497
GPT-2,6,transformer.h.6.mlp.c_proj,3072,2,0.5,6,0.8610109508547008,0.984375,0.7453129307968017,0.49620905627497
GPT-2,6,transformer.h.6.mlp.c_proj,3072,2,0.5,8,0.8927901969884487,0.99609375,0.7917660663704164,0.49620905627497
GPT-2,7,transformer.h.7.mlp.c_proj,3072,2,0.1,1,0.09993489583333331,0.09999999999999998,-65104.16666669072,0.1748506216901363
GPT-2,7,transformer.h.7.mlp.c_proj,3072,2,0.1,2,0.17028434340345727,0.18999999999999995,0.7809371489273035,0.1748506216901363
GPT-2,7,transformer.h.7.mlp.c_proj,3072,2,0.1,3,0.22975515727124185,0.2709999999999999,0.7588020893055083,0.1748506216901363
GPT-2,7,transformer.h.7.mlp.c_proj,3072,2,0.1,4,0.2812762207351015,0.3439,0.7432399374132903,0.1748506216901363
GPT-2,7,transformer.h.7.mlp.c_proj,3072,2,0.1,6,0.36738974667159763,0.46855899999999995,0.7255005214133902,0.1748506216901363
GPT-2,7,transformer.h.7.mlp.c_proj,3072,2,0.1,8,0.43640031971947196,0.5695327899999999,0.7164575656568565,0.1748506216901363
GPT-2,7,transformer.h.7.mlp.c_proj,3072,2,0.2,1,0.19986979166666663,0.19999999999999996,-130208.33333338144,0.2009885954794162
GPT-2,7,transformer.h.7.mlp.c_proj,3072,2,0.2,2,0.33299634601272016,0.3599999999999999,0.8312271625795016,0.2009885954794162
GPT-2,7,transformer.h.7.mlp.c_proj,3072,2,0.2,3,0.4328603707107843,0.4879999999999999,0.8085429538568903,0.2009885954794162
GPT-2,7,transformer.h.7.mlp.c_proj,3072,2,0.2,4,0.5091727805746562,0.5903999999999999,0.7919384748326236,0.2009885954794162
GPT-2,7,transformer.h.7.mlp.c_proj,3072,2,0.2,6,0.6178353314020381,0.7378559999999998,0.7768535284575019,0.2009885954794162
GPT-2,7,transformer.h.7.mlp.c_proj,3072,2,0.2,8,0.6900235922029703,0.8322278399999999,0.7750743659168352,0.2009885954794162
GPT-2,7,transformer.h.7.mlp.c_proj,3072,2,0.3,1,0.2998046875,0.30000000000000004,-195312.49999998888,0.2795029791405151
GPT-2,7,transformer.h.7.mlp.c_proj,3072,2,0.3,2,0.4688920570368558,0.51,0.8042478906516943,0.2795029791405151
GPT-2,7,transformer.h.7.mlp.c_proj,3072,2,0.3,3,0.5790619893790849,0.657,0.7816862447593415,0.2795029791405151
GPT-2,7,transformer.h.7.mlp.c_proj,3072,2,0.3,4,0.6538581573346431,0.7599,0.7694241298861559,0.2795029791405151
GPT-2,7,transformer.h.7.mlp.c_proj,3072,2,0.3,6,0.7480815458579881,0.882351,0.7694355223189934,0.2795029791405151
GPT-2,7,transformer.h.7.mlp.c_proj,3072,2,0.3,8,0.803538185849835,0.94235199,0.7838976039442721,0.2795029791405151
GPT-2,7,transformer.h.7.mlp.c_proj,3072,2,0.5,1,0.5,0.5,0.0,0.4626485813766487
GPT-2,7,transformer.h.7.mlp.c_proj,3072,2,0.5,2,0.6840676981409002,0.75,0.7362707925636007,0.4626485813766487
GPT-2,7,transformer.h.7.mlp.c_proj,3072,2,0.5,3,0.7760474111519607,0.875,0.736126429738562,0.4626485813766487
GPT-2,7,transformer.h.7.mlp.c_proj,3072,2,0.5,4,0.8281256395301244,0.9375,0.7500014617831415,0.4626485813766487
GPT-2,7,transformer.h.7.mlp.c_proj,3072,2,0.5,6,0.8854481272600263,0.984375,0.7957638756336027,0.4626485813766487
GPT-2,7,transformer.h.7.mlp.c_proj,3072,2,0.5,8,0.9163147174092409,0.99609375,0.839185572100517,0.4626485813766487
GPT-2,8,transformer.h.8.mlp.c_proj,3072,2,0.1,1,0.09993489583333331,0.09999999999999998,-65104.16666669072,0.15361654704405578
GPT-2,8,transformer.h.8.mlp.c_proj,3072,2,0.1,2,0.17340768713307242,0.18999999999999995,0.8156409681452496,0.15361654704405578
GPT-2,8,transformer.h.8.mlp.c_proj,3072,2,0.1,3,0.23554240706699345,0.2709999999999999,0.7926456553625352,0.15361654704405578
GPT-2,8,transformer.h.8.mlp.c_proj,3072,2,0.1,4,0.2891865688441388,0.3439,0.775672688987859,0.15361654704405578
GPT-2,8,transformer.h.8.mlp.c_proj,3072,2,0.1,6,0.3780844222550953,0.46855899999999995,0.75451806157249,0.15361654704405578
GPT-2,8,transformer.h.8.mlp.c_proj,3072,2,0.1,8,0.4500599474009901,0.5695327899999999,0.7455495225391824,0.15361654704405578
GPT-2,8,transformer.h.8.mlp.c_proj,3072,2,0.2,1,0.19986979166666663,0.19999999999999996,-130208.33333338144,0.18625323814550934
GPT-2,8,transformer.h.8.mlp.c_proj,3072,2,0.2,2,0.3371038965671885,0.3599999999999999,0.8568993535449286,0.18625323814550934
GPT-2,8,transformer.h.8.mlp.c_proj,3072,2,0.2,3,0.4397505616830065,0.4879999999999999,0.8324672280659953,0.18625323814550934
GPT-2,8,transformer.h.8.mlp.c_proj,3072,2,0.2,4,0.5186199195726915,0.5903999999999999,0.8161370890693943,0.18625323814550934
GPT-2,8,transformer.h.8.mlp.c_proj,3072,2,0.2,6,0.6299232618343196,0.7378559999999998,0.7993278160591676,0.18625323814550934
GPT-2,8,transformer.h.8.mlp.c_proj,3072,2,0.2,8,0.703719961839934,0.8322278399999999,0.7967380269744749,0.18625323814550934
GPT-2,8,transformer.h.8.mlp.c_proj,3072,2,0.3,1,0.2998046875,0.30000000000000004,-195312.49999998888,0.2623598566555296
GPT-2,8,transformer.h.8.mlp.c_proj,3072,2,0.3,2,0.4751935288242009,0.51,0.8342548991628614,0.2623598566555296
GPT-2,8,transformer.h.8.mlp.c_proj,3072,2,0.3,3,0.5888378267973856,0.657,0.8090695428498196,0.2623598566555296
GPT-2,8,transformer.h.8.mlp.c_proj,3072,2,0.3,4,0.6658033009986902,0.7599,0.7953974798840839,0.2623598566555296
GPT-2,8,transformer.h.8.mlp.c_proj,3072,2,0.3,6,0.7615505321334649,0.882351,0.7925641617056807,0.2623598566555296
GPT-2,8,transformer.h.8.mlp.c_proj,3072,2,0.3,8,0.8179603702557756,0.94235199,0.8063497557714042,0.2623598566555296
GPT-2,8,transformer.h.8.mlp.c_proj,3072,2,0.5,1,0.5,0.5,0.0,0.4440536750615557
GPT-2,8,transformer.h.8.mlp.c_proj,3072,2,0.5,2,0.6928083465834963,0.75,0.7712333863339853,0.4440536750615557
GPT-2,8,transformer.h.8.mlp.c_proj,3072,2,0.5,3,0.7867404513888889,0.875,0.7646412037037038,0.4440536750615557
GPT-2,8,transformer.h.8.mlp.c_proj,3072,2,0.5,4,0.8394120671660118,0.9375,0.7757990106651699,0.4440536750615557
GPT-2,8,transformer.h.8.mlp.c_proj,3072,2,0.5,6,0.8961184048323472,0.984375,0.8177928357829103,0.4440536750615557
GPT-2,8,transformer.h.8.mlp.c_proj,3072,2,0.5,8,0.9259604476072607,0.99609375,0.8586289337595177,0.4440536750615557
GPT-2,9,transformer.h.9.mlp.c_proj,3072,2,0.1,1,0.09993489583333331,0.09999999999999998,-65104.16666669072,0.16223703043145649
GPT-2,9,transformer.h.9.mlp.c_proj,3072,2,0.1,2,0.17209795947488582,0.18999999999999995,0.8010884386098429,0.16223703043145649
GPT-2,9,transformer.h.9.mlp.c_proj,3072,2,0.1,3,0.23293824040032682,0.2709999999999999,0.7774166105282274,0.16223703043145649
GPT-2,9,transformer.h.9.mlp.c_proj,3072,2,0.1,4,0.28529886521774717,0.3439,0.7597329447222106,0.16223703043145649
GPT-2,9,transformer.h.9.mlp.c_proj,3072,2,0.1,6,0.37333900908119655,0.46855899999999995,0.7416424753735402,0.16223703043145649
GPT-2,9,transformer.h.9.mlp.c_proj,3072,2,0.1,8,0.4445467202970297,0.5695327899999999,0.7338075798647199,0.16223703043145649
GPT-2,9,transformer.h.9.mlp.c_proj,3072,2,0.2,1,0.19986979166666663,0.19999999999999996,-130208.33333338144,0.19263452678002405
GPT-2,9,transformer.h.9.mlp.c_proj,3072,2,0.2,2,0.33531830968688847,0.3599999999999999,0.8457394355430536,0.19263452678002405
GPT-2,9,transformer.h.9.mlp.c_proj,3072,2,0.2,3,0.4359674989787582,0.4879999999999999,0.8193315936762441,0.19263452678002405
GPT-2,9,transformer.h.9.mlp.c_proj,3072,2,0.2,4,0.5128027535609038,0.5903999999999999,0.801236561375266,0.19263452678002405
GPT-2,9,transformer.h.9.mlp.c_proj,3072,2,0.2,6,0.6224420611439843,0.7378559999999998,0.7854185156324078,0.19263452678002405
GPT-2,9,transformer.h.9.mlp.c_proj,3072,2,0.2,8,0.6959654754537953,0.8322278399999999,0.7844726917653537,0.19263452678002405
GPT-2,9,transformer.h.9.mlp.c_proj,3072,2,0.3,1,0.2998046875,0.30000000000000004,-195312.49999998888,0.2725209898778202
GPT-2,9,transformer.h.9.mlp.c_proj,3072,2,0.3,2,0.4714898534328115,0.51,0.8166183496800549,0.2725209898778202
GPT-2,9,transformer.h.9.mlp.c_proj,3072,2,0.3,3,0.5823120915032679,0.657,0.7907901722780613,0.2725209898778202
GPT-2,9,transformer.h.9.mlp.c_proj,3072,2,0.3,4,0.6575661529960707,0.7599,0.7774867427616236,0.2725209898778202
GPT-2,9,transformer.h.9.mlp.c_proj,3072,2,0.3,6,0.7529592219345825,0.882351,0.7778113576426975,0.2725209898778202
GPT-2,9,transformer.h.9.mlp.c_proj,3072,2,0.3,8,0.8107576577970297,0.94235199,0.7951367252665156,0.2725209898778202
GPT-2,9,transformer.h.9.mlp.c_proj,3072,2,0.5,1,0.5,0.5,0.0,0.4502343750942728
GPT-2,9,transformer.h.9.mlp.c_proj,3072,2,0.5,2,0.6900538415280496,0.75,0.7602153661121984,0.4502343750942728
GPT-2,9,transformer.h.9.mlp.c_proj,3072,2,0.5,3,0.7841675602532681,0.875,0.7577801606753815,0.4502343750942728
GPT-2,9,transformer.h.9.mlp.c_proj,3072,2,0.5,4,0.8370988867059594,0.9375,0.770511741042193,0.4502343750942728
GPT-2,9,transformer.h.9.mlp.c_proj,3072,2,0.5,6,0.8956997863247863,0.984375,0.8169285911221394,0.4502343750942728
GPT-2,9,transformer.h.9.mlp.c_proj,3072,2,0.5,8,0.927271555280528,0.99609375,0.8612717964709855,0.4502343750942728
GPT-2,10,transformer.h.10.mlp.c_proj,3072,2,0.1,1,0.09993489583333331,0.09999999999999998,-65104.16666669072,0.2234924163294658
GPT-2,10,transformer.h.10.mlp.c_proj,3072,2,0.1,2,0.16362741051043708,0.18999999999999995,0.7069712278937458,0.2234924163294658
GPT-2,10,transformer.h.10.mlp.c_proj,3072,2,0.1,3,0.21574371936274508,0.2709999999999999,0.6768638559224862,0.2234924163294658
GPT-2,10,transformer.h.10.mlp.c_proj,3072,2,0.1,4,0.2603373649312377,0.3439,0.6573897701157758,0.2234924163294658
GPT-2,10,transformer.h.10.mlp.c_proj,3072,2,0.1,6,0.33537056726660097,0.46855899999999995,0.6386238492794939,0.2234924163294658
GPT-2,10,transformer.h.10.mlp.c_proj,3072,2,0.1,8,0.3965198277640264,0.5695327899999999,0.6315210227682426,0.2234924163294658
GPT-2,10,transformer.h.10.mlp.c_proj,3072,2,0.2,1,0.19986979166666663,0.19999999999999996,-130208.33333338144,0.22188355044499944
GPT-2,10,transformer.h.10.mlp.c_proj,3072,2,0.2,2,0.3274032483284409,0.3599999999999999,0.7962703020527564,0.22188355044499944
GPT-2,10,transformer.h.10.mlp.c_proj,3072,2,0.2,3,0.420980775122549,0.4879999999999999,0.7672943580644066,0.22188355044499944
GPT-2,10,transformer.h.10.mlp.c_proj,3072,2,0.2,4,0.49173982891290113,0.5903999999999999,0.7472843978301772,0.22188355044499944
GPT-2,10,transformer.h.10.mlp.c_proj,3072,2,0.2,6,0.5919843544543063,0.7378559999999998,0.7287905209838811,0.22188355044499944
GPT-2,10,transformer.h.10.mlp.c_proj,3072,2,0.2,8,0.6590101588283829,0.8322278399999999,0.7260201620168814,0.22188355044499944
GPT-2,10,transformer.h.10.mlp.c_proj,3072,2,0.3,1,0.2998046875,0.30000000000000004,-195312.49999998888,0.2969626758031144
GPT-2,10,transformer.h.10.mlp.c_proj,3072,2,0.3,2,0.4627791452625571,0.51,0.7751387869645575,0.2969626758031144
GPT-2,10,transformer.h.10.mlp.c_proj,3072,2,0.3,3,0.5659154156454249,0.657,0.7448611082504899,0.2969626758031144
GPT-2,10,transformer.h.10.mlp.c_proj,3072,2,0.3,4,0.6347995200965947,0.7599,0.7279833009275813,0.2969626758031144
GPT-2,10,transformer.h.10.mlp.c_proj,3072,2,0.3,6,0.7212341027695595,0.882351,0.723333698696421,0.2969626758031144
GPT-2,10,transformer.h.10.mlp.c_proj,3072,2,0.3,8,0.7738822710396039,0.94235199,0.73772990263423,0.2969626758031144
GPT-2,10,transformer.h.10.mlp.c_proj,3072,2,0.5,1,0.5,0.5,0.0,0.4740457905328492
GPT-2,10,transformer.h.10.mlp.c_proj,3072,2,0.5,2,0.6790702207681018,0.75,0.716280883072407,0.4740457905328492
GPT-2,10,transformer.h.10.mlp.c_proj,3072,2,0.5,3,0.7653671364379084,0.875,0.7076456971677558,0.4740457905328492
GPT-2,10,transformer.h.10.mlp.c_proj,3072,2,0.5,4,0.8136031894646365,0.9375,0.7168072902048834,0.4740457905328492
GPT-2,10,transformer.h.10.mlp.c_proj,3072,2,0.5,6,0.8682417509040105,0.984375,0.7602410341244087,0.4740457905328492
GPT-2,10,transformer.h.10.mlp.c_proj,3072,2,0.5,8,0.8990904754537954,0.99609375,0.8044658402848159,0.4740457905328492
GPT-2,11,transformer.h.11.mlp.c_proj,3072,2,0.1,1,0.09993489583333331,0.09999999999999998,-65104.16666669072,0.40676188178571177
GPT-2,11,transformer.h.11.mlp.c_proj,3072,2,0.1,2,0.14303041422048268,0.18999999999999995,0.4781157135609189,0.40676188178571177
GPT-2,11,transformer.h.11.mlp.c_proj,3072,2,0.1,3,0.17237477022058822,0.2709999999999999,0.4232442702958378,0.40676188178571177
GPT-2,11,transformer.h.11.mlp.c_proj,3072,2,0.1,4,0.19514238498690245,0.3439,0.3900876793230933,0.40676188178571177
GPT-2,11,transformer.h.11.mlp.c_proj,3072,2,0.1,6,0.23081995295036162,0.46855899999999995,0.3549498260803877,0.40676188178571177
GPT-2,11,transformer.h.11.mlp.c_proj,3072,2,0.1,8,0.2588541666666667,0.5695327899999999,0.3383239042084084,0.40676188178571177
GPT-2,11,transformer.h.11.mlp.c_proj,3072,2,0.2,1,0.19986979166666663,0.19999999999999996,-130208.33333338144,0.2925029373024703
GPT-2,11,transformer.h.11.mlp.c_proj,3072,2,0.2,2,0.30975059116112197,0.3599999999999999,0.6859411947570128,0.2925029373024703
GPT-2,11,transformer.h.11.mlp.c_proj,3072,2,0.2,3,0.3897920496323529,0.4879999999999999,0.659000172334559,0.2925029373024703
GPT-2,11,transformer.h.11.mlp.c_proj,3072,2,0.2,4,0.45121856069908317,0.5903999999999999,0.6434901657251106,0.2925029373024703
GPT-2,11,transformer.h.11.mlp.c_proj,3072,2,0.2,6,0.5406907462195923,0.7378559999999998,0.6334237160496349,0.2925029373024703
GPT-2,11,transformer.h.11.mlp.c_proj,3072,2,0.2,8,0.602815594059406,0.8322278399999999,0.6371367544640332,0.2925029373024703
GPT-2,11,transformer.h.11.mlp.c_proj,3072,2,0.3,1,0.2998046875,0.30000000000000004,-195312.49999998888,0.32324676918454487
GPT-2,11,transformer.h.11.mlp.c_proj,3072,2,0.3,2,0.4536110516552511,0.51,0.7314811983583387,0.32324676918454487
GPT-2,11,transformer.h.11.mlp.c_proj,3072,2,0.3,3,0.550531045751634,0.657,0.7017676351586387,0.32324676918454487
GPT-2,11,transformer.h.11.mlp.c_proj,3072,2,0.3,4,0.6151505965537002,0.7599,0.685258961847576,0.32324676918454487
GPT-2,11,transformer.h.11.mlp.c_proj,3072,2,0.3,6,0.6963917909681131,0.882351,0.6806750412862914,0.32324676918454487
GPT-2,11,transformer.h.11.mlp.c_proj,3072,2,0.3,8,0.745216455239274,0.94235199,0.693103566534096,0.32324676918454487
GPT-2,11,transformer.h.11.mlp.c_proj,3072,2,0.5,1,0.5,0.5,0.0,0.49139529837636725
GPT-2,11,transformer.h.11.mlp.c_proj,3072,2,0.5,2,0.67114687805773,0.75,0.68458751223092,0.49139529837636725
GPT-2,11,transformer.h.11.mlp.c_proj,3072,2,0.5,3,0.7498059640522875,0.875,0.6661492374727667,0.49139529837636725
GPT-2,11,transformer.h.11.mlp.c_proj,3072,2,0.5,4,0.7930864235428945,0.9375,0.6699118252409016,0.49139529837636725
GPT-2,11,transformer.h.11.mlp.c_proj,3072,2,0.5,6,0.841816778640697,0.984375,0.7056862526775681,0.49139529837636725
GPT-2,11,transformer.h.11.mlp.c_proj,3072,2,0.5,8,0.8696028001237623,0.99609375,0.7450261167849068,0.49139529837636725
GPT-2,0,transformer.h.0.mlp.c_proj,3072,3,0.1,1,0.09993489583333331,0.09999999999999998,-65104.16666669072,0.23823361337300747
GPT-2,0,transformer.h.0.mlp.c_proj,3072,3,0.1,2,0.16169658145792565,0.18999999999999995,0.6855175717547298,0.23823361337300747
GPT-2,0,transformer.h.0.mlp.c_proj,3072,3,0.1,3,0.211340252246732,0.2709999999999999,0.6511125862381992,0.23823361337300747
GPT-2,0,transformer.h.0.mlp.c_proj,3072,3,0.1,4,0.2538045647102161,0.3439,0.6306050213620997,0.23823361337300747
GPT-2,0,transformer.h.0.mlp.c_proj,3072,3,0.1,6,0.32284604084483887,0.46855899999999995,0.6046414301233694,0.23823361337300747
GPT-2,0,transformer.h.0.mlp.c_proj,3072,3,0.1,8,0.3767874639026403,0.5695327899999999,0.5894954938134147,0.23823361337300747
GPT-2,0,transformer.h.0.mlp.c_proj,3072,3,0.2,1,0.19986979166666663,0.19999999999999996,-130208.33333338144,0.23062018139397517
GPT-2,0,transformer.h.0.mlp.c_proj,3072,3,0.2,2,0.32564696469341164,0.3599999999999999,0.7852935293338233,0.23062018139397517
GPT-2,0,transformer.h.0.mlp.c_proj,3072,3,0.2,3,0.42039036968954246,0.4879999999999999,0.7652443391998005,0.23062018139397517
GPT-2,0,transformer.h.0.mlp.c_proj,3072,3,0.2,4,0.4955028241650295,0.5903999999999999,0.7569232176358339,0.23062018139397517
GPT-2,0,transformer.h.0.mlp.c_proj,3072,3,0.2,6,0.6009808000493096,0.7378559999999998,0.7455170157984846,0.23062018139397517
GPT-2,0,transformer.h.0.mlp.c_proj,3072,3,0.2,8,0.6726665635313531,0.8322278399999999,0.7476206102081067,0.23062018139397517
GPT-2,0,transformer.h.0.mlp.c_proj,3072,3,0.3,1,0.2998046875,0.30000000000000004,-195312.49999998888,0.272634194558212
GPT-2,0,transformer.h.0.mlp.c_proj,3072,3,0.3,2,0.47267153864970646,0.51,0.8222454221414593,0.272634194558212
GPT-2,0,transformer.h.0.mlp.c_proj,3072,3,0.3,3,0.5878140318627451,0.657,0.8062017699236556,0.272634194558212
GPT-2,0,transformer.h.0.mlp.c_proj,3072,3,0.3,4,0.6694953084070071,0.7599,0.8034253281300436,0.272634194558212
GPT-2,0,transformer.h.0.mlp.c_proj,3072,3,0.3,6,0.7697713777942142,0.882351,0.8066808124210557,0.272634194558212
GPT-2,0,transformer.h.0.mlp.c_proj,3072,3,0.3,8,0.8270813995462047,0.94235199,0.8205491813704892,0.272634194558212
GPT-2,0,transformer.h.0.mlp.c_proj,3072,3,0.5,1,0.5,0.5,0.0,0.4169807803706156
GPT-2,0,transformer.h.0.mlp.c_proj,3072,3,0.5,2,0.7073542227250489,0.75,0.8294168909001955,0.4169807803706156
GPT-2,0,transformer.h.0.mlp.c_proj,3072,3,0.5,3,0.8101658241421569,0.875,0.827108864379085,0.4169807803706156
GPT-2,0,transformer.h.0.mlp.c_proj,3072,3,0.5,4,0.8662806462835625,0.9375,0.8372129057909999,0.4169807803706156
GPT-2,0,transformer.h.0.mlp.c_proj,3072,3,0.5,6,0.9183494873849442,0.984375,0.8636892642785944,0.4169807803706156
GPT-2,0,transformer.h.0.mlp.c_proj,3072,3,0.5,8,0.9417704465759076,0.99609375,0.8904979080585224,0.4169807803706156
GPT-2,1,transformer.h.1.mlp.c_proj,3072,3,0.1,1,0.09993489583333331,0.09999999999999998,-65104.16666669072,0.16988524888381573
GPT-2,1,transformer.h.1.mlp.c_proj,3072,3,0.1,2,0.17115452238258316,0.18999999999999995,0.7906058042509245,0.16988524888381573
GPT-2,1,transformer.h.1.mlp.c_proj,3072,3,0.1,3,0.227203329248366,0.2709999999999999,0.7438791184114975,0.16988524888381573
GPT-2,1,transformer.h.1.mlp.c_proj,3072,3,0.1,4,0.27348354616895876,0.3439,0.7112896521892529,0.16988524888381573
GPT-2,1,transformer.h.1.mlp.c_proj,3072,3,0.1,6,0.3454084227071006,0.46855899999999995,0.6658592591880828,0.16988524888381573
GPT-2,1,transformer.h.1.mlp.c_proj,3072,3,0.1,8,0.4002275422854785,0.5695327899999999,0.6394176267976484,0.16988524888381573
GPT-2,1,transformer.h.1.mlp.c_proj,3072,3,0.2,1,0.19986979166666663,0.19999999999999996,-130208.33333338144,0.2014757049381539
GPT-2,1,transformer.h.1.mlp.c_proj,3072,3,0.2,2,0.3332186684605349,0.3599999999999999,0.8326166778783437,0.2014757049381539
GPT-2,1,transformer.h.1.mlp.c_proj,3072,3,0.2,3,0.4298451542075163,0.4879999999999999,0.7980734521094319,0.2014757049381539
GPT-2,1,transformer.h.1.mlp.c_proj,3072,3,0.2,4,0.5041806084233792,0.5903999999999999,0.7791511486254592,0.2014757049381539
GPT-2,1,transformer.h.1.mlp.c_proj,3072,3,0.2,6,0.6068684253780408,0.7378559999999998,0.7564634872122665,0.2014757049381539
GPT-2,1,transformer.h.1.mlp.c_proj,3072,3,0.2,8,0.6756368605610561,0.8322278399999999,0.7523187535700044,0.2014757049381539
GPT-2,1,transformer.h.1.mlp.c_proj,3072,3,0.3,1,0.2998046875,0.30000000000000004,-195312.49999998888,0.27299808819082894
GPT-2,1,transformer.h.1.mlp.c_proj,3072,3,0.3,2,0.47170771669112854,0.51,0.8176557937672787,0.27299808819082894
GPT-2,1,transformer.h.1.mlp.c_proj,3072,3,0.3,3,0.5823797487745098,0.657,0.790979688444005,0.27299808819082894
GPT-2,1,transformer.h.1.mlp.c_proj,3072,3,0.3,4,0.6590607348968566,0.7599,0.7807365403280203,0.27299808819082894
GPT-2,1,transformer.h.1.mlp.c_proj,3072,3,0.3,6,0.7533579368014465,0.882351,0.778496021817506,0.27299808819082894
GPT-2,1,transformer.h.1.mlp.c_proj,3072,3,0.3,8,0.8079066109735973,0.94235199,0.7906982758372044,0.27299808819082894
GPT-2,1,transformer.h.1.mlp.c_proj,3072,3,0.5,1,0.5,0.5,0.0,0.43171648898666337
GPT-2,1,transformer.h.1.mlp.c_proj,3072,3,0.5,2,0.6989983386333984,0.75,0.7959933545335938,0.43171648898666337
GPT-2,1,transformer.h.1.mlp.c_proj,3072,3,0.5,3,0.7969605290032679,0.875,0.7918947440087143,0.43171648898666337
GPT-2,1,transformer.h.1.mlp.c_proj,3072,3,0.5,4,0.8520658102079242,0.9375,0.8047218519038266,0.43171648898666337
GPT-2,1,transformer.h.1.mlp.c_proj,3072,3,0.5,6,0.9054795364891519,0.984375,0.8371190430743781,0.43171648898666337
GPT-2,1,transformer.h.1.mlp.c_proj,3072,3,0.5,8,0.930497112211221,0.99609375,0.8677737065045085,0.43171648898666337
GPT-2,2,transformer.h.2.mlp.c_proj,3072,3,0.1,1,0.09993489583333331,0.09999999999999998,-65104.16666669072,0.1995318806644072
GPT-2,2,transformer.h.2.mlp.c_proj,3072,3,0.1,2,0.1669412253343118,0.18999999999999995,0.7437913926034648,0.1995318806644072
GPT-2,2,transformer.h.2.mlp.c_proj,3072,3,0.1,3,0.2200278288398693,0.2709999999999999,0.7019171277185342,0.1995318806644072
GPT-2,2,transformer.h.2.mlp.c_proj,3072,3,0.1,4,0.26445529940242307,0.3439,0.6742734702846375,0.1995318806644072
GPT-2,2,transformer.h.2.mlp.c_proj,3072,3,0.1,6,0.3367811575443787,0.46855899999999995,0.6424511612642174,0.1995318806644072
GPT-2,2,transformer.h.2.mlp.c_proj,3072,3,0.1,8,0.3943398050742574,0.5695327899999999,0.6268780612196593,0.1995318806644072
GPT-2,2,transformer.h.2.mlp.c_proj,3072,3,0.2,1,0.19986979166666663,0.19999999999999996,-130208.33333338144,0.2027242845131543
GPT-2,2,transformer.h.2.mlp.c_proj,3072,3,0.2,2,0.33259947814742336,0.3599999999999999,0.8287467384213966,0.2027242845131543
GPT-2,2,transformer.h.2.mlp.c_proj,3072,3,0.2,3,0.4301323784722222,0.4879999999999999,0.7990707585841051,0.2027242845131543
GPT-2,2,transformer.h.2.mlp.c_proj,3072,3,0.2,4,0.5042483986165684,0.5903999999999999,0.7793247915383414,0.2027242845131543
GPT-2,2,transformer.h.2.mlp.c_proj,3072,3,0.2,6,0.6069499660996055,0.7378559999999998,0.7566150904695784,0.2027242845131543
GPT-2,2,transformer.h.2.mlp.c_proj,3072,3,0.2,8,0.6743934354372938,0.8322278399999999,0.7503520177746268,0.2027242845131543
GPT-2,2,transformer.h.2.mlp.c_proj,3072,3,0.3,1,0.2998046875,0.30000000000000004,-195312.49999998888,0.2778723221231041
GPT-2,2,transformer.h.2.mlp.c_proj,3072,3,0.3,2,0.4696227270874103,0.51,0.807727271844811,0.2778723221231041
GPT-2,2,transformer.h.2.mlp.c_proj,3072,3,0.3,3,0.5785826439950981,0.657,0.7803435406025155,0.2778723221231041
GPT-2,2,transformer.h.2.mlp.c_proj,3072,3,0.3,4,0.6525695041339227,0.7599,0.7666221007478206,0.2778723221231041
GPT-2,2,transformer.h.2.mlp.c_proj,3072,3,0.3,6,0.7438459227071006,0.882351,0.7621622057953031,0.2778723221231041
GPT-2,2,transformer.h.2.mlp.c_proj,3072,3,0.3,8,0.7974847875412541,0.94235199,0.7744738014141654,0.2778723221231041
GPT-2,2,transformer.h.2.mlp.c_proj,3072,3,0.5,1,0.5,0.5,0.0,0.4422169356931378
GPT-2,2,transformer.h.2.mlp.c_proj,3072,3,0.5,2,0.6938728188193085,0.75,0.775491275277234,0.4422169356931378
GPT-2,2,transformer.h.2.mlp.c_proj,3072,3,0.5,3,0.7892341962826797,0.875,0.7712911900871458,0.4422169356931378
GPT-2,2,transformer.h.2.mlp.c_proj,3072,3,0.5,4,0.8432255852979698,0.9375,0.7845156235382166,0.4422169356931378
GPT-2,2,transformer.h.2.mlp.c_proj,3072,3,0.5,6,0.8987039519641684,0.984375,0.8231307395389283,0.4422169356931378
GPT-2,2,transformer.h.2.mlp.c_proj,3072,3,0.5,8,0.9262227980610562,0.99609375,0.859157766170318,0.4422169356931378
GPT-2,3,transformer.h.3.mlp.c_proj,3072,3,0.1,1,0.09993489583333331,0.09999999999999998,-65104.16666669072,0.20215316613162906
GPT-2,3,transformer.h.3.mlp.c_proj,3072,3,0.1,2,0.16648192881604695,0.18999999999999995,0.7386880979560777,0.20215316613162906
GPT-2,3,transformer.h.3.mlp.c_proj,3072,3,0.1,3,0.22243349162581696,0.2709999999999999,0.7159853311451289,0.20215316613162906
GPT-2,3,transformer.h.3.mlp.c_proj,3072,3,0.1,4,0.2707636245497708,0.3439,0.7001378620326807,0.20215316613162906
GPT-2,3,transformer.h.3.mlp.c_proj,3072,3,0.1,6,0.3515541533119658,0.46855899999999995,0.6825342843668608,0.20215316613162906
GPT-2,3,transformer.h.3.mlp.c_proj,3072,3,0.1,8,0.4170624484323432,0.5695327899999999,0.6752722177983422,0.20215316613162906
GPT-2,3,transformer.h.3.mlp.c_proj,3072,3,0.2,1,0.19986979166666663,0.19999999999999996,-130208.33333338144,0.20806653197881778
GPT-2,3,transformer.h.3.mlp.c_proj,3072,3,0.2,2,0.3310820796640574,0.3599999999999999,0.8192629979003593,0.20806653197881778
GPT-2,3,transformer.h.3.mlp.c_proj,3072,3,0.2,3,0.4294264450571896,0.4879999999999999,0.7966196008930196,0.20806653197881778
GPT-2,3,transformer.h.3.mlp.c_proj,3072,3,0.2,4,0.5048239757285526,0.5903999999999999,0.7807991181571534,0.20806653197881778
GPT-2,3,transformer.h.3.mlp.c_proj,3072,3,0.2,6,0.6115695369000658,0.7378559999999998,0.7652039521731948,0.20806653197881778
GPT-2,3,transformer.h.3.mlp.c_proj,3072,3,0.2,8,0.6825843131188118,0.8322278399999999,0.7633075967024988,0.20806653197881778
GPT-2,3,transformer.h.3.mlp.c_proj,3072,3,0.3,1,0.2998046875,0.30000000000000004,-195312.49999998888,0.28275417782789236
GPT-2,3,transformer.h.3.mlp.c_proj,3072,3,0.3,2,0.46776388209393344,0.51,0.7988756290187307,0.28275417782789236
GPT-2,3,transformer.h.3.mlp.c_proj,3072,3,0.3,3,0.5769722732843138,0.657,0.7758326982753887,0.28275417782789236
GPT-2,3,transformer.h.3.mlp.c_proj,3072,3,0.3,4,0.6512546301981009,0.7599,0.7637630576170926,0.28275417782789236
GPT-2,3,transformer.h.3.mlp.c_proj,3072,3,0.3,6,0.743575618425378,0.882351,0.7616980453804972,0.28275417782789236
GPT-2,3,transformer.h.3.mlp.c_proj,3072,3,0.3,8,0.7990653362211221,0.94235199,0.7769343661893567,0.28275417782789236
GPT-2,3,transformer.h.3.mlp.c_proj,3072,3,0.5,1,0.5,0.5,0.0,0.454466193964832
GPT-2,3,transformer.h.3.mlp.c_proj,3072,3,0.5,2,0.6879764962491846,0.75,0.7519059849967382,0.454466193964832
GPT-2,3,transformer.h.3.mlp.c_proj,3072,3,0.5,3,0.7819252961601307,0.875,0.7518007897603486,0.454466193964832
GPT-2,3,transformer.h.3.mlp.c_proj,3072,3,0.5,4,0.8346079168713163,0.9375,0.7648180957058658,0.454466193964832
GPT-2,3,transformer.h.3.mlp.c_proj,3072,3,0.5,6,0.8903989973701513,0.984375,0.8059850268286994,0.454466193964832
GPT-2,3,transformer.h.3.mlp.c_proj,3072,3,0.5,8,0.919618270420792,0.99609375,0.8458447025804942,0.454466193964832
GPT-2,4,transformer.h.4.mlp.c_proj,3072,3,0.1,1,0.09993489583333331,0.09999999999999998,-65104.16666669072,0.2076365651529493
GPT-2,4,transformer.h.4.mlp.c_proj,3072,3,0.1,2,0.165642327136334,0.18999999999999995,0.7293591904037116,0.2076365651529493
GPT-2,4,transformer.h.4.mlp.c_proj,3072,3,0.1,3,0.22160500919117648,0.2709999999999999,0.7111404046267634,0.2076365651529493
GPT-2,4,transformer.h.4.mlp.c_proj,3072,3,0.1,4,0.2704528129092993,0.3439,0.6988635215633427,0.2076365651529493
GPT-2,4,transformer.h.4.mlp.c_proj,3072,3,0.1,6,0.35248705621301774,0.46855899999999995,0.6850655016239401,0.2076365651529493
GPT-2,4,transformer.h.4.mlp.c_proj,3072,3,0.1,8,0.4192186210808581,0.5695327899999999,0.6798643840845665,0.2076365651529493
GPT-2,4,transformer.h.4.mlp.c_proj,3072,3,0.2,1,0.19986979166666663,0.19999999999999996,-130208.33333338144,0.21870898395907765
GPT-2,4,transformer.h.4.mlp.c_proj,3072,3,0.2,2,0.3281689548679061,0.3599999999999999,0.8010559679244137,0.21870898395907765
GPT-2,4,transformer.h.4.mlp.c_proj,3072,3,0.2,3,0.42491957720588236,0.4879999999999999,0.7809707541870918,0.21870898395907765
GPT-2,4,transformer.h.4.mlp.c_proj,3072,3,0.2,4,0.49961244474459726,0.5903999999999999,0.7674499096941529,0.21870898395907765
GPT-2,4,transformer.h.4.mlp.c_proj,3072,3,0.2,6,0.6053891354372124,0.7378559999999998,0.7537131415048126,0.21870898395907765
GPT-2,4,transformer.h.4.mlp.c_proj,3072,3,0.2,8,0.676089366749175,0.8322278399999999,0.7530344863477936,0.21870898395907765
GPT-2,4,transformer.h.4.mlp.c_proj,3072,3,0.3,1,0.2998046875,0.30000000000000004,-195312.49999998888,0.2952501753762468
GPT-2,4,transformer.h.4.mlp.c_proj,3072,3,0.3,2,0.46324162691617743,0.51,0.7773410805532258,0.2952501753762468
GPT-2,4,transformer.h.4.mlp.c_proj,3072,3,0.3,3,0.5699665543300655,0.657,0.7562088356584467,0.2952501753762468
GPT-2,4,transformer.h.4.mlp.c_proj,3072,3,0.3,4,0.6434862577766863,0.7599,0.7468716194318032,0.2952501753762468
GPT-2,4,transformer.h.4.mlp.c_proj,3072,3,0.3,6,0.7340526894312952,0.882351,0.7453454865386943,0.2952501753762468
GPT-2,4,transformer.h.4.mlp.c_proj,3072,3,0.3,8,0.7875767068894389,0.94235199,0.7590491108923612,0.2952501753762468
GPT-2,4,transformer.h.4.mlp.c_proj,3072,3,0.5,1,0.5,0.5,0.0,0.4763200623651231
GPT-2,4,transformer.h.4.mlp.c_proj,3072,3,0.5,2,0.6778101812214612,0.75,0.7112407248858448,0.4763200623651231
GPT-2,4,transformer.h.4.mlp.c_proj,3072,3,0.5,3,0.7669347426470589,0.875,0.7118259803921569,0.4763200623651231
GPT-2,4,transformer.h.4.mlp.c_proj,3072,3,0.5,4,0.8180773422151277,0.9375,0.7270339250631491,0.4763200623651231
GPT-2,4,transformer.h.4.mlp.c_proj,3072,3,0.5,6,0.8725736819937542,0.984375,0.7691843757290409,0.4763200623651231
GPT-2,4,transformer.h.4.mlp.c_proj,3072,3,0.5,8,0.9025287489686469,0.99609375,0.8113965333541229,0.4763200623651231
GPT-2,5,transformer.h.5.mlp.c_proj,3072,3,0.1,1,0.09993489583333331,0.09999999999999998,-65104.16666669072,0.17051248325593107
GPT-2,5,transformer.h.5.mlp.c_proj,3072,3,0.1,2,0.17083282371167643,0.18999999999999995,0.787031374574183,0.17051248325593107
GPT-2,5,transformer.h.5.mlp.c_proj,3072,3,0.1,3,0.23066789215686276,0.2709999999999999,0.7641397202155721,0.17051248325593107
GPT-2,5,transformer.h.5.mlp.c_proj,3072,3,0.1,4,0.2822016208251473,0.3439,0.7470341157242614,0.17051248325593107
GPT-2,5,transformer.h.5.mlp.c_proj,3072,3,0.1,6,0.3667547563280736,0.46855899999999995,0.7237776212982822,0.17051248325593107
GPT-2,5,transformer.h.5.mlp.c_proj,3072,3,0.1,8,0.4336627217409241,0.5695327899999999,0.7106270932450194,0.17051248325593107
GPT-2,5,transformer.h.5.mlp.c_proj,3072,3,0.2,1,0.19986979166666663,0.19999999999999996,-130208.33333338144,0.22063005046732315
GPT-2,5,transformer.h.5.mlp.c_proj,3072,3,0.2,2,0.32770711024135685,0.3599999999999999,0.7981694390084809,0.22063005046732315
GPT-2,5,transformer.h.5.mlp.c_proj,3072,3,0.2,3,0.42106311274509806,0.4879999999999999,0.7675802525871463,0.22063005046732315
GPT-2,5,transformer.h.5.mlp.c_proj,3072,3,0.2,4,0.4916477365749837,0.5903999999999999,0.7470485055711673,0.22063005046732315
GPT-2,5,transformer.h.5.mlp.c_proj,3072,3,0.2,6,0.5892556295200525,0.7378559999999998,0.7237171836328916,0.22063005046732315
GPT-2,5,transformer.h.5.mlp.c_proj,3072,3,0.2,8,0.6534273153877889,0.8322278399999999,0.7171897324037312,0.22063005046732315
GPT-2,5,transformer.h.5.mlp.c_proj,3072,3,0.3,1,0.2998046875,0.30000000000000004,-195312.49999998888,0.31316465175946534
GPT-2,5,transformer.h.5.mlp.c_proj,3072,3,0.3,2,0.45703698324363995,0.51,0.7477951583030473,0.31316465175946534
GPT-2,5,transformer.h.5.mlp.c_proj,3072,3,0.3,3,0.556509140114379,0.657,0.7185129975192689,0.31316465175946534
GPT-2,5,transformer.h.5.mlp.c_proj,3072,3,0.3,4,0.6243758185985592,0.7599,0.7053181530736229,0.31316465175946534
GPT-2,5,transformer.h.5.mlp.c_proj,3072,3,0.3,6,0.708914391231098,0.882351,0.7021785679617584,0.31316465175946534
GPT-2,5,transformer.h.5.mlp.c_proj,3072,3,0.3,8,0.7601975041254126,0.94235199,0.716425746770727,0.31316465175946534
GPT-2,5,transformer.h.5.mlp.c_proj,3072,3,0.5,1,0.5,0.5,0.0,0.500483074306753
GPT-2,5,transformer.h.5.mlp.c_proj,3072,3,0.5,2,0.6670399645303327,0.75,0.6681598581213306,0.500483074306753
GPT-2,5,transformer.h.5.mlp.c_proj,3072,3,0.5,3,0.7515599468954247,0.875,0.6708265250544659,0.500483074306753
GPT-2,5,transformer.h.5.mlp.c_proj,3072,3,0.5,4,0.8012020608218731,0.9375,0.6884618533071384,0.500483074306753
GPT-2,5,transformer.h.5.mlp.c_proj,3072,3,0.5,6,0.858131343482906,0.984375,0.739367934932451,0.500483074306753
GPT-2,5,transformer.h.5.mlp.c_proj,3072,3,0.5,8,0.890960189768977,0.99609375,0.7880772329201425,0.500483074306753
GPT-2,6,transformer.h.6.mlp.c_proj,3072,3,0.1,1,0.09993489583333331,0.09999999999999998,-65104.16666669072,0.19596740362975315
GPT-2,6,transformer.h.6.mlp.c_proj,3072,3,0.1,2,0.1672043175146771,0.18999999999999995,0.7467146390519682,0.19596740362975315
GPT-2,6,transformer.h.6.mlp.c_proj,3072,3,0.1,3,0.22425066380718953,0.2709999999999999,0.7266120690478923,0.19596740362975315
GPT-2,6,transformer.h.6.mlp.c_proj,3072,3,0.1,4,0.2739606356417813,0.3439,0.7132457385886892,0.19596740362975315
GPT-2,6,transformer.h.6.mlp.c_proj,3072,3,0.1,6,0.35714579224194615,0.46855899999999995,0.6977059093440837,0.19596740362975315
GPT-2,6,transformer.h.6.mlp.c_proj,3072,3,0.1,8,0.42407564975247525,0.5695327899999999,0.6902087706216968,0.19596740362975315
GPT-2,6,transformer.h.6.mlp.c_proj,3072,3,0.2,1,0.19986979166666663,0.19999999999999996,-130208.33333338144,0.22649261080165867
GPT-2,6,transformer.h.6.mlp.c_proj,3072,3,0.2,2,0.3260922466161122,0.3599999999999999,0.7880765413507018,0.22649261080165867
GPT-2,6,transformer.h.6.mlp.c_proj,3072,3,0.2,3,0.4195101868872549,0.4879999999999999,0.7621881489140798,0.22649261080165867
GPT-2,6,transformer.h.6.mlp.c_proj,3072,3,0.2,4,0.4912333210543549,0.5903999999999999,0.7459869904056223,0.22649261080165867
GPT-2,6,transformer.h.6.mlp.c_proj,3072,3,0.2,6,0.5927227153188691,0.7378559999999998,0.7301633063847371,0.22649261080165867
GPT-2,6,transformer.h.6.mlp.c_proj,3072,3,0.2,8,0.6596579775165017,0.8322278399999999,0.7270448221902119,0.22649261080165867
GPT-2,6,transformer.h.6.mlp.c_proj,3072,3,0.3,1,0.2998046875,0.30000000000000004,-195312.49999998888,0.3138276707015573
GPT-2,6,transformer.h.6.mlp.c_proj,3072,3,0.3,2,0.4566999959230268,0.51,0.746190456776318,0.3138276707015573
GPT-2,6,transformer.h.6.mlp.c_proj,3072,3,0.3,3,0.5583339716094772,0.657,0.7236245703346699,0.3138276707015573
GPT-2,6,transformer.h.6.mlp.c_proj,3072,3,0.3,4,0.6281458486820564,0.7599,0.7135156527115816,0.3138276707015573
GPT-2,6,transformer.h.6.mlp.c_proj,3072,3,0.3,6,0.7157914201183432,0.882351,0.713987646828705,0.3138276707015573
GPT-2,6,transformer.h.6.mlp.c_proj,3072,3,0.3,8,0.7685617780528052,0.94235199,0.7294470716169263,0.3138276707015573
GPT-2,6,transformer.h.6.mlp.c_proj,3072,3,0.5,1,0.5,0.5,0.0,0.49635600925082257
GPT-2,6,transformer.h.6.mlp.c_proj,3072,3,0.5,2,0.6687242641063276,0.75,0.6748970564253103,0.49635600925082257
GPT-2,6,transformer.h.6.mlp.c_proj,3072,3,0.5,3,0.7545636744281047,0.875,0.6788364651416124,0.49635600925082257
GPT-2,6,transformer.h.6.mlp.c_proj,3072,3,0.5,4,0.8044962804927964,0.9375,0.695991498269249,0.49635600925082257
GPT-2,6,transformer.h.6.mlp.c_proj,3072,3,0.5,6,0.8605576614891519,0.984375,0.7443771075905071,0.49635600925082257
GPT-2,6,transformer.h.6.mlp.c_proj,3072,3,0.5,8,0.892291279909241,0.99609375,0.7907603752501235,0.49635600925082257
GPT-2,7,transformer.h.7.mlp.c_proj,3072,3,0.1,1,0.09993489583333331,0.09999999999999998,-65104.16666669072,0.17808570598024845
GPT-2,7,transformer.h.7.mlp.c_proj,3072,3,0.1,2,0.16980211391063274,0.18999999999999995,0.7755790434514753,0.17808570598024845
GPT-2,7,transformer.h.7.mlp.c_proj,3072,3,0.1,3,0.22882901858660132,0.2709999999999999,0.7533860736058561,0.17808570598024845
GPT-2,7,transformer.h.7.mlp.c_proj,3072,3,0.1,4,0.27985518479862476,0.3439,0.7374136318106796,0.17808570598024845
GPT-2,7,transformer.h.7.mlp.c_proj,3072,3,0.1,6,0.3652748243343195,0.46855899999999995,0.7197621665305134,0.17808570598024845
GPT-2,7,transformer.h.7.mlp.c_proj,3072,3,0.1,8,0.4340771967821782,0.5695327899999999,0.7115098325341203,0.17808570598024845
GPT-2,7,transformer.h.7.mlp.c_proj,3072,3,0.2,1,0.19986979166666663,0.19999999999999996,-130208.33333338144,0.20188272742695246
GPT-2,7,transformer.h.7.mlp.c_proj,3072,3,0.2,2,0.33272497248043054,0.3599999999999999,0.8295310780026914,0.20188272742695246
GPT-2,7,transformer.h.7.mlp.c_proj,3072,3,0.2,3,0.43226996527777783,0.4879999999999999,0.8064929349922845,0.20188272742695246
GPT-2,7,transformer.h.7.mlp.c_proj,3072,3,0.2,4,0.5082608106172234,0.5903999999999999,0.7896024862121502,0.20188272742695246
GPT-2,7,transformer.h.7.mlp.c_proj,3072,3,0.2,6,0.6167971318211704,0.7378559999999998,0.7749232728112551,0.20188272742695246
GPT-2,7,transformer.h.7.mlp.c_proj,3072,3,0.2,8,0.6891127784653466,0.8322278399999999,0.7736337243000034,0.20188272742695246
GPT-2,7,transformer.h.7.mlp.c_proj,3072,3,0.3,1,0.2998046875,0.30000000000000004,-195312.49999998888,0.2794422449368852
GPT-2,7,transformer.h.7.mlp.c_proj,3072,3,0.3,2,0.46888568676614484,0.51,0.8042175560292611,0.2794422449368852
GPT-2,7,transformer.h.7.mlp.c_proj,3072,3,0.3,3,0.5788660386029412,0.657,0.7811373630334486,0.2794422449368852
GPT-2,7,transformer.h.7.mlp.c_proj,3072,3,0.3,4,0.6534750787901112,0.7599,0.7685911693631469,0.2794422449368852
GPT-2,7,transformer.h.7.mlp.c_proj,3072,3,0.3,6,0.7475749660996055,0.882351,0.7685656349857826,0.2794422449368852
GPT-2,7,transformer.h.7.mlp.c_proj,3072,3,0.3,8,0.8032900165016502,0.94235199,0.7835112591488199,0.2794422449368852
GPT-2,7,transformer.h.7.mlp.c_proj,3072,3,0.5,1,0.5,0.5,0.0,0.46268265197069997
GPT-2,7,transformer.h.7.mlp.c_proj,3072,3,0.5,2,0.6840180100293543,0.75,0.736072040117417,0.46268265197069997
GPT-2,7,transformer.h.7.mlp.c_proj,3072,3,0.5,3,0.7760646446078432,0.875,0.7361723856209151,0.46268265197069997
GPT-2,7,transformer.h.7.mlp.c_proj,3072,3,0.5,4,0.8280252333005894,0.9375,0.7497719618299187,0.46268265197069997
GPT-2,7,transformer.h.7.mlp.c_proj,3072,3,0.5,6,0.8851919481426693,0.984375,0.7952349897138979,0.46268265197069997
GPT-2,7,transformer.h.7.mlp.c_proj,3072,3,0.5,8,0.9161941780115512,0.99609375,0.8389425950469064,0.46268265197069997
GPT-2,8,transformer.h.8.mlp.c_proj,3072,3,0.1,1,0.09993489583333331,0.09999999999999998,-65104.16666669072,0.15581336892408773
GPT-2,8,transformer.h.8.mlp.c_proj,3072,3,0.1,2,0.1730675146771037,0.18999999999999995,0.8118612741900417,0.15581336892408773
GPT-2,8,transformer.h.8.mlp.c_proj,3072,3,0.1,3,0.23461626838235294,0.2709999999999999,0.7872296396628832,0.15581336892408773
GPT-2,8,transformer.h.8.mlp.c_proj,3072,3,0.1,4,0.2879414036918795,0.3439,0.770567460811314,0.15581336892408773
GPT-2,8,transformer.h.8.mlp.c_proj,3072,3,0.1,6,0.37640288564266927,0.46855899999999995,0.7499555990836454,0.15581336892408773
GPT-2,8,transformer.h.8.mlp.c_proj,3072,3,0.1,8,0.44799401815181517,0.5695327899999999,0.7411495545429644,0.15581336892408773
GPT-2,8,transformer.h.8.mlp.c_proj,3072,3,0.2,1,0.19986979166666663,0.19999999999999996,-130208.33333338144,0.18703991254327568
GPT-2,8,transformer.h.8.mlp.c_proj,3072,3,0.2,2,0.33686692249673844,0.3599999999999999,0.8554182656046159,0.18703991254327568
GPT-2,8,transformer.h.8.mlp.c_proj,3072,3,0.2,3,0.4392284517973856,0.4879999999999999,0.8306543465187004,0.18703991254327568
GPT-2,8,transformer.h.8.mlp.c_proj,3072,3,0.2,4,0.5178742274476098,0.5903999999999999,0.8142270170276892,0.18703991254327568
GPT-2,8,transformer.h.8.mlp.c_proj,3072,3,0.2,6,0.6289601824457594,0.7378559999999998,0.7975372264058771,0.18703991254327568
GPT-2,8,transformer.h.8.mlp.c_proj,3072,3,0.2,8,0.7030882580445544,0.8322278399999999,0.7957388558601824,0.18703991254327568
GPT-2,8,transformer.h.8.mlp.c_proj,3072,3,0.3,1,0.2998046875,0.30000000000000004,-195312.49999998888,0.26259619611200685
GPT-2,8,transformer.h.8.mlp.c_proj,3072,3,0.3,2,0.47510179692596216,0.51,0.8338180805998198,0.26259619611200685
GPT-2,8,transformer.h.8.mlp.c_proj,3072,3,0.3,3,0.5883150786356209,0.657,0.8076052622846525,0.26259619611200685
GPT-2,8,transformer.h.8.mlp.c_proj,3072,3,0.3,4,0.6649936558611657,0.7599,0.7936369990458049,0.26259619611200685
GPT-2,8,transformer.h.8.mlp.c_proj,3072,3,0.3,6,0.7604885765943459,0.882351,0.7907405956104581,0.26259619611200685
GPT-2,8,transformer.h.8.mlp.c_proj,3072,3,0.3,8,0.8170366646039604,0.94235199,0.8049117503379422,0.26259619611200685
GPT-2,8,transformer.h.8.mlp.c_proj,3072,3,0.5,1,0.5,0.5,0.0,0.4443402109410917
GPT-2,8,transformer.h.8.mlp.c_proj,3072,3,0.5,2,0.6926510008969342,0.75,0.7706040035877368,0.4443402109410917
GPT-2,8,transformer.h.8.mlp.c_proj,3072,3,0.5,3,0.7864462060866012,0.875,0.7638565495642698,0.4443402109410917
GPT-2,8,transformer.h.8.mlp.c_proj,3072,3,0.5,4,0.8390820696218074,0.9375,0.7750447305641313,0.4443402109410917
GPT-2,8,transformer.h.8.mlp.c_proj,3072,3,0.5,6,0.8957781167817226,0.984375,0.8170903056138789,0.4443402109410917
GPT-2,8,transformer.h.8.mlp.c_proj,3072,3,0.5,8,0.9256832714521452,0.99609375,0.858070216470466,0.4443402109410917
GPT-2,9,transformer.h.9.mlp.c_proj,3072,3,0.1,1,0.09993489583333331,0.09999999999999998,-65104.16666669072,0.16575968108404784
GPT-2,9,transformer.h.9.mlp.c_proj,3072,3,0.1,2,0.17157496024951077,0.18999999999999995,0.7952773361056757,0.16575968108404784
GPT-2,9,transformer.h.9.mlp.c_proj,3072,3,0.1,3,0.23185891544117648,0.2709999999999999,0.7711047686618512,0.16575968108404784
GPT-2,9,transformer.h.9.mlp.c_proj,3072,3,0.1,4,0.2835868430746562,0.3439,0.7527135837419279,0.16575968108404784
GPT-2,9,transformer.h.9.mlp.c_proj,3072,3,0.1,6,0.37039583846975677,0.46855899999999995,0.733656859470958,0.16575968108404784
GPT-2,9,transformer.h.9.mlp.c_proj,3072,3,0.1,8,0.4403974577145215,0.5695327899999999,0.7249705770592114,0.16575968108404784
GPT-2,9,transformer.h.9.mlp.c_proj,3072,3,0.2,1,0.19986979166666663,0.19999999999999996,-130208.33333338144,0.1942215073670805
GPT-2,9,transformer.h.9.mlp.c_proj,3072,3,0.2,2,0.33486219830397906,0.3599999999999999,0.8428887393998697,0.1942215073670805
GPT-2,9,transformer.h.9.mlp.c_proj,3072,3,0.2,3,0.4349845537173202,0.4879999999999999,0.815918589296251,0.1942215073670805
GPT-2,9,transformer.h.9.mlp.c_proj,3072,3,0.2,4,0.5113829966846758,0.5903999999999999,0.7975998890488624,0.1942215073670805
GPT-2,9,transformer.h.9.mlp.c_proj,3072,3,0.2,6,0.6202545868261012,0.7378559999999998,0.7813514896665674,0.1942215073670805
GPT-2,9,transformer.h.9.mlp.c_proj,3072,3,0.2,8,0.6932401247937294,0.8322278399999999,0.7801619821008349,0.1942215073670805
GPT-2,9,transformer.h.9.mlp.c_proj,3072,3,0.3,1,0.2998046875,0.30000000000000004,-195312.49999998888,0.27438570416199953
GPT-2,9,transformer.h.9.mlp.c_proj,3072,3,0.3,2,0.47079294581702547,0.51,0.8132997419858355,0.27438570416199953
GPT-2,9,transformer.h.9.mlp.c_proj,3072,3,0.3,3,0.5811025582107843,0.657,0.7874021238397317,0.27438570416199953
GPT-2,9,transformer.h.9.mlp.c_proj,3072,3,0.3,4,0.6559481417812705,0.7599,0.7739685622554261,0.27438570416199953
GPT-2,9,transformer.h.9.mlp.c_proj,3072,3,0.3,6,0.7510696601742275,0.882351,0.7745666448142572,0.27438570416199953
GPT-2,9,transformer.h.9.mlp.c_proj,3072,3,0.3,8,0.8088638356023101,0.94235199,0.7921884629053768,0.27438570416199953
GPT-2,9,transformer.h.9.mlp.c_proj,3072,3,0.5,1,0.5,0.5,0.0,0.4527138092678945
GPT-2,9,transformer.h.9.mlp.c_proj,3072,3,0.5,2,0.6888498603636661,0.75,0.7553994414546645,0.4527138092678945
GPT-2,9,transformer.h.9.mlp.c_proj,3072,3,0.5,3,0.7822725183823529,0.875,0.7527267156862744,0.4527138092678945
GPT-2,9,transformer.h.9.mlp.c_proj,3072,3,0.5,4,0.835175180091683,0.9375,0.7661146973524183,0.4527138092678945
GPT-2,9,transformer.h.9.mlp.c_proj,3072,3,0.5,6,0.8938680093277449,0.984375,0.8131468579669572,0.4527138092678945
GPT-2,9,transformer.h.9.mlp.c_proj,3072,3,0.5,8,0.9254415480610562,0.99609375,0.8575829630207117,0.4527138092678945
GPT-2,10,transformer.h.10.mlp.c_proj,3072,3,0.1,1,0.09993489583333331,0.09999999999999998,-65104.16666669072,0.22513927537903167
GPT-2,10,transformer.h.10.mlp.c_proj,3072,3,0.1,2,0.1633776958985649,0.18999999999999995,0.704196621095166,0.22513927537903167
GPT-2,10,transformer.h.10.mlp.c_proj,3072,3,0.1,3,0.2150186376633987,0.2709999999999999,0.6726236120666594,0.22513927537903167
GPT-2,10,transformer.h.10.mlp.c_proj,3072,3,0.1,4,0.2591689433939096,0.3439,0.6525991939069685,0.22513927537903167
GPT-2,10,transformer.h.10.mlp.c_proj,3072,3,0.1,6,0.3335670405982906,0.46855899999999995,0.6337303948575144,0.22513927537903167
GPT-2,10,transformer.h.10.mlp.c_proj,3072,3,0.1,8,0.3942012169966997,0.5695327899999999,0.6265828995600067,0.22513927537903167
GPT-2,10,transformer.h.10.mlp.c_proj,3072,3,0.2,1,0.19986979166666663,0.19999999999999996,-130208.33333338144,0.22473893571519246
GPT-2,10,transformer.h.10.mlp.c_proj,3072,3,0.2,2,0.3266311715182649,0.3599999999999999,0.7914448219891561,0.22473893571519246
GPT-2,10,transformer.h.10.mlp.c_proj,3072,3,0.2,3,0.4194667841094771,0.4879999999999999,0.7620374448245735,0.22473893571519246
GPT-2,10,transformer.h.10.mlp.c_proj,3072,3,0.2,4,0.48945350871807464,0.5903999999999999,0.7414280448721176,0.22473893571519246
GPT-2,10,transformer.h.10.mlp.c_proj,3072,3,0.2,6,0.5882707203320184,0.7378559999999998,0.7218860072807936,0.22473893571519246
GPT-2,10,transformer.h.10.mlp.c_proj,3072,3,0.2,8,0.6543942089521453,0.8322278399999999,0.7187190759460156,0.22473893571519246
GPT-2,10,transformer.h.10.mlp.c_proj,3072,3,0.3,1,0.2998046875,0.30000000000000004,-195312.49999998888,0.299260376537109
GPT-2,10,transformer.h.10.mlp.c_proj,3072,3,0.3,2,0.4619274400684932,0.51,0.7710830479452055,0.299260376537109
GPT-2,10,transformer.h.10.mlp.c_proj,3072,3,0.3,3,0.564248876633987,0.657,0.7401929317478628,0.299260376537109
GPT-2,10,transformer.h.10.mlp.c_proj,3072,3,0.3,4,0.6323328524066798,0.7599,0.7226198138871054,0.299260376537109
GPT-2,10,transformer.h.10.mlp.c_proj,3072,3,0.3,6,0.7180501623109795,0.882351,0.7178663079671529,0.299260376537109
GPT-2,10,transformer.h.10.mlp.c_proj,3072,3,0.3,8,0.7701339469884488,0.94235199,0.73189459098344,0.299260376537109
GPT-2,10,transformer.h.10.mlp.c_proj,3072,3,0.5,1,0.5,0.5,0.0,0.47600465091795174
GPT-2,10,transformer.h.10.mlp.c_proj,3072,3,0.5,2,0.6781204134050881,0.75,0.7124816536203524,0.47600465091795174
GPT-2,10,transformer.h.10.mlp.c_proj,3072,3,0.5,3,0.7637159160539215,0.875,0.7032424428104574,0.47600465091795174
GPT-2,10,transformer.h.10.mlp.c_proj,3072,3,0.5,4,0.8115598907170923,0.9375,0.7121368930676396,0.47600465091795174
GPT-2,10,transformer.h.10.mlp.c_proj,3072,3,0.5,6,0.8657814040927022,0.984375,0.7551616084494497,0.47600465091795174
GPT-2,10,transformer.h.10.mlp.c_proj,3072,3,0.5,8,0.8965875103135315,0.99609375,0.7994204932304256,0.47600465091795174
GPT-2,11,transformer.h.11.mlp.c_proj,3072,3,0.1,1,0.09993489583333331,0.09999999999999998,-65104.16666669072,0.4127290358555601
GPT-2,11,transformer.h.11.mlp.c_proj,3072,3,0.1,2,0.14232267714448796,0.18999999999999995,0.47025196827208865,0.4127290358555601
GPT-2,11,transformer.h.11.mlp.c_proj,3072,3,0.1,3,0.17108353758169936,0.2709999999999999,0.4156932022321602,0.4127290358555601
GPT-2,11,transformer.h.11.mlp.c_proj,3072,3,0.1,4,0.1932448991077276,0.3439,0.3823079094207774,0.4127290358555601
GPT-2,11,transformer.h.11.mlp.c_proj,3072,3,0.1,6,0.22789347571499013,0.46855899999999995,0.3470095038107607,0.4127290358555601
GPT-2,11,transformer.h.11.mlp.c_proj,3072,3,0.1,8,0.2549672545379538,0.5695327899999999,0.330045649288847,0.4127290358555601
GPT-2,11,transformer.h.11.mlp.c_proj,3072,3,0.2,1,0.19986979166666663,0.19999999999999996,-130208.33333338144,0.2951074923944842
GPT-2,11,transformer.h.11.mlp.c_proj,3072,3,0.2,2,0.3090549575994781,0.3599999999999999,0.6815934849967387,0.2951074923944842
GPT-2,11,transformer.h.11.mlp.c_proj,3072,3,0.2,3,0.3882423151552288,0.4879999999999999,0.6536191498445446,0.2951074923944842
GPT-2,11,transformer.h.11.mlp.c_proj,3072,3,0.2,4,0.448877240913556,0.5903999999999999,0.6374929326679203,0.2951074923944842
GPT-2,11,transformer.h.11.mlp.c_proj,3072,3,0.2,6,0.5372608994904667,0.7378559999999998,0.62704682943105,0.2951074923944842
GPT-2,11,transformer.h.11.mlp.c_proj,3072,3,0.2,8,0.5987153207508251,0.8322278399999999,0.6306513182823856,0.2951074923944842
GPT-2,11,transformer.h.11.mlp.c_proj,3072,3,0.3,1,0.2998046875,0.30000000000000004,-195312.49999998888,0.32662246525072225
GPT-2,11,transformer.h.11.mlp.c_proj,3072,3,0.3,2,0.45238477454337905,0.51,0.7256417835399003,0.32662246525072225
GPT-2,11,transformer.h.11.mlp.c_proj,3072,3,0.3,3,0.5482855902777778,0.657,0.695477843915344,0.32662246525072225
GPT-2,11,transformer.h.11.mlp.c_proj,3072,3,0.3,4,0.6123641638015717,0.7599,0.679200182216942,0.32662246525072225
GPT-2,11,transformer.h.11.mlp.c_proj,3072,3,0.3,6,0.6929022333168967,0.882351,0.6746828516082168,0.32662246525072225
GPT-2,11,transformer.h.11.mlp.c_proj,3072,3,0.3,8,0.7417575546617161,0.94235199,0.6877188232291708,0.32662246525072225
GPT-2,11,transformer.h.11.mlp.c_proj,3072,3,0.5,1,0.5,0.5,0.0,0.4938123194695757
GPT-2,11,transformer.h.11.mlp.c_proj,3072,3,0.5,2,0.669984303652968,0.75,0.6799372146118721,0.4938123194695757
GPT-2,11,transformer.h.11.mlp.c_proj,3072,3,0.5,3,0.7477392258986929,0.875,0.6606379357298477,0.4938123194695757
GPT-2,11,transformer.h.11.mlp.c_proj,3072,3,0.5,4,0.7906140000818599,0.9375,0.6642605716156798,0.4938123194695757
GPT-2,11,transformer.h.11.mlp.c_proj,3072,3,0.5,6,0.8390585192718607,0.984375,0.6999917817225512,0.4938123194695757
GPT-2,11,transformer.h.11.mlp.c_proj,3072,3,0.5,8,0.8669006549092408,0.99609375,0.7395792728879186,0.4938123194695757
